"-------------------------------------------------------------------------------------------"
" Monthly average CO2 concentrations (ppm) derived from flask air samples                   "
" Kermadec Is.                                                                              "
"                                                                                           "
" Source: R. F. Keeling and S. J. Walker                                                    "
" Scripps CO2 Program ( http://scrippsco2.ucsd.edu )                                        "
" Scripps Institution of Oceanography (SIO)                                                 "
" University of California                                                                  "
" La Jolla, California USA 92093-0244                                                       "
"                                                                                           "
" Status of data and correspondence:                                                        "
"                                                                                           "
" These data are subject to revision based on recalibration of standard gases. Questions    "
" about the data should be directed to Dr. Ralph Keeling (rkeeling AT ucsd.edu) and         "
" Dr. Stephen Walker (sjwalker AT ucsd.edu), Scripps CO2 Program.                           "
"                                                                                           "
" Flask data from archive dated 19-Apr-2024 10:43:25                                        "
"                                                                                           "
"-------------------------------------------------------------------------------------------"
"                                                                                           "
" Please cite as:                                                                           "
"                                                                                           "
" C. D. Keeling, S. C. Piper, R. B. Bacastow, M. Wahlen, T. P. Whorf, M. Heimann, and       "
" H. A. Meijer, Exchanges of atmospheric CO2 and 13CO2 with the terrestrial biosphere and   "
" oceans from 1978 to 2000.  I. Global aspects, SIO Reference Series, No. 01-06, Scripps    "
" Institution of Oceanography, San Diego, 88 pages, 2001.                                   "
"                                                                                           "
" If it is necessary to cite a peer-reviewed article, please cite as:                       "
"                                                                                           "
" C. D. Keeling, S. C. Piper, R. B. Bacastow, M. Wahlen, T. P. Whorf, M. Heimann, and       "
" H. A. Meijer, Atmospheric CO2 and 13CO2 exchange with the terrestrial biosphere and       "
" oceans from 1978 to 2000: observations and carbon cycle implications, pages 83-113,       "
" in "A History of Atmospheric CO2 and its effects on Plants, Animals, and Ecosystems",     "
" editors, Ehleringer, J.R., T. E. Cerling, M. D. Dearing, Springer Verlag,                 "
" New York, 2005.                                                                           "
"                                                                                           "
"-------------------------------------------------------------------------------------------"
"                                                                                           "
" The data file below contains 10 columns.  Columns 1-4 give the dates in several redundant "
" formats. Column 5 below gives monthly CO2 concentrations in micro-mol CO2 per mole (ppm)  "
" reported on the 2012 SIO manometric mole fraction scale.  This is the standard           "
" version of the data most often sought.  The monthly values have been adjusted             "
" to 24:00 hours on the 15th of each month.  Column 6 gives the same data after a seasonal  "
" adjustment to remove the quasi-regular seasonal cycle.  The adjustment involves           "
" subtracting from the data a 4-harmonic fit with a linear gain factor.  Column 7 is a      "
" smoothed version of the data generated from a stiff cubic spline function plus 4-harmonic "
" functions with linear gain.  Column 8 is the same smoothed version with the seasonal      "
" cycle removed.  Column 9 is identical to Column 5 except that the missing values from     "
" Column 5 have been filled with values from Column 7.  Column 10 is identical to Column 6  "
" except missing values have been filled with values from Column 8.  Missing values are     "
" denoted by -99.99                                                                         "
"                                                                                           "
" CO2 concentrations are reported on the Scripps '12' Calibration scale                     "
"                                                                                           "
  Yr, Mn,    Date,      Date,     CO2,seasonally,        fit,  seasonally,      CO2, seasonally
    ,   ,        ,          ,        ,  adjusted,           ,adjusted fit,   filled,adjusted filled
    ,   ,   Excel,          ,     ppm,      ppm,        ppm,      ppm,       ppm,      ppm
1982, 01,   29966, 1982.0411,      NaN,      NaN,     338.65,   338.16,     338.65,   338.16
1982, 02,   29997, 1982.1260,      NaN,      NaN,     338.73,   338.35,     338.73,   338.35
1982, 03,   30025, 1982.2027,      NaN,      NaN,     338.62,   338.52,     338.62,   338.52
1982, 04,   30056, 1982.2877,      NaN,      NaN,     338.50,   338.71,     338.50,   338.71
1982, 05,   30086, 1982.3699,      NaN,      NaN,     338.56,   338.89,     338.56,   338.89
1982, 06,   30117, 1982.4548,      NaN,      NaN,     338.80,   339.09,     338.80,   339.09
1982, 07,   30147, 1982.5370,      NaN,      NaN,     339.08,   339.27,     339.08,   339.27
1982, 08,   30178, 1982.6219,      NaN,      NaN,     339.31,   339.46,     339.31,   339.46
1982, 09,   30209, 1982.7068,      NaN,      NaN,     339.49,   339.65,     339.49,   339.65
1982, 10,   30239, 1982.7890,      NaN,      NaN,     339.73,   339.84,     339.73,   339.84
1982, 11,   30270, 1982.8740,      NaN,      NaN,     340.13,   340.03,     340.13,   340.03
1982, 12,   30300, 1982.9562,   340.32,   339.96,     340.57,   340.21,     340.32,   339.96
1983, 01,   30331, 1983.0411,      NaN,      NaN,     340.91,   340.40,     340.91,   340.40
1983, 02,   30362, 1983.1260,      NaN,      NaN,     340.98,   340.59,     340.98,   340.59
1983, 03,   30390, 1983.2027,      NaN,      NaN,     340.86,   340.76,     340.86,   340.76
1983, 04,   30421, 1983.2877,   341.09,   341.30,     340.73,   340.94,     341.09,   341.30
1983, 05,   30451, 1983.3699,   341.24,   341.58,     340.76,   341.10,     341.24,   341.58
1983, 06,   30482, 1983.4548,      NaN,      NaN,     340.97,   341.26,     340.97,   341.26
1983, 07,   30512, 1983.5370,   341.58,   341.77,     341.22,   341.41,     341.58,   341.77
1983, 08,   30543, 1983.6219,      NaN,      NaN,     341.40,   341.55,     341.40,   341.55
1983, 09,   30574, 1983.7068,      NaN,      NaN,     341.52,   341.69,     341.52,   341.69
1983, 10,   30604, 1983.7890,   341.68,   341.79,     341.70,   341.81,     341.68,   341.79
1983, 11,   30635, 1983.8740,   342.25,   342.14,     342.04,   341.94,     342.25,   342.14
1983, 12,   30665, 1983.9562,   342.11,   341.74,     342.42,   342.05,     342.11,   341.74
1984, 01,   30696, 1984.0410,      NaN,      NaN,     342.68,   342.17,     342.68,   342.17
1984, 02,   30727, 1984.1257,      NaN,      NaN,     342.67,   342.28,     342.67,   342.28
1984, 03,   30756, 1984.2049,   342.25,   342.16,     342.48,   342.39,     342.25,   342.16
1984, 04,   30787, 1984.2896,   343.02,   343.24,     342.28,   342.50,     343.02,   343.24
1984, 05,   30817, 1984.3716,      NaN,      NaN,     342.26,   342.61,     342.26,   342.61
1984, 06,   30848, 1984.4563,   342.50,   342.79,     342.43,   342.73,     342.50,   342.79
1984, 07,   30878, 1984.5383,   342.02,   342.21,     342.65,   342.84,     342.02,   342.21
1984, 08,   30909, 1984.6230,      NaN,      NaN,     342.80,   342.95,     342.80,   342.95
1984, 09,   30940, 1984.7077,      NaN,      NaN,     342.90,   343.07,     342.90,   343.07
1984, 10,   30970, 1984.7896,      NaN,      NaN,     343.07,   343.18,     343.07,   343.18
1984, 11,   31001, 1984.8743,      NaN,      NaN,     343.40,   343.30,     343.40,   343.30
1984, 12,   31031, 1984.9563,      NaN,      NaN,     343.79,   343.41,     343.79,   343.41
1985, 01,   31062, 1985.0411,      NaN,      NaN,     344.05,   343.53,     344.05,   343.53
1985, 02,   31093, 1985.1260,      NaN,      NaN,     344.04,   343.65,     344.04,   343.65
1985, 03,   31121, 1985.2027,      NaN,      NaN,     343.86,   343.75,     343.86,   343.75
1985, 04,   31152, 1985.2877,   344.39,   344.61,     343.65,   343.87,     344.39,   344.61
1985, 05,   31182, 1985.3699,   342.71,   343.07,     343.62,   343.98,     342.71,   343.07
1985, 06,   31213, 1985.4548,   343.07,   343.37,     343.79,   344.09,     343.07,   343.37
1985, 07,   31243, 1985.5370,   344.19,   344.38,     344.01,   344.20,     344.19,   344.38
1985, 08,   31274, 1985.6219,   344.20,   344.36,     344.16,   344.32,     344.20,   344.36
1985, 09,   31305, 1985.7068,   344.55,   344.72,     344.27,   344.44,     344.55,   344.72
1985, 10,   31335, 1985.7890,   344.17,   344.29,     344.45,   344.56,     344.17,   344.29
1985, 11,   31366, 1985.8740,   344.26,   344.15,     344.79,   344.69,     344.26,   344.15
1985, 12,   31396, 1985.9562,      NaN,      NaN,     345.19,   344.81,     345.19,   344.81
1986, 01,   31427, 1986.0411,      NaN,      NaN,     345.47,   344.94,     345.47,   344.94
1986, 02,   31458, 1986.1260,   346.23,   345.83,     345.47,   345.07,     346.23,   345.83
1986, 03,   31486, 1986.2027,      NaN,      NaN,     345.30,   345.19,     345.30,   345.19
1986, 04,   31517, 1986.2877,      NaN,      NaN,     345.10,   345.32,     345.10,   345.32
1986, 05,   31547, 1986.3699,   345.41,   345.77,     345.09,   345.44,     345.41,   345.77
1986, 06,   31578, 1986.4548,   344.80,   345.10,     345.27,   345.57,     344.80,   345.10
1986, 07,   31608, 1986.5370,      NaN,      NaN,     345.50,   345.70,     345.50,   345.70
1986, 08,   31639, 1986.6219,   345.70,   345.85,     345.67,   345.83,     345.70,   345.85
1986, 09,   31670, 1986.7068,      NaN,      NaN,     345.79,   345.97,     345.79,   345.97
1986, 10,   31700, 1986.7890,   346.07,   346.18,     345.99,   346.10,     346.07,   346.18
1986, 11,   31731, 1986.8740,      NaN,      NaN,     346.36,   346.25,     346.36,   346.25
1986, 12,   31761, 1986.9562,      NaN,      NaN,     346.79,   346.40,     346.79,   346.40
1987, 01,   31792, 1987.0411,   346.31,   345.78,     347.10,   346.56,     346.31,   345.78
1987, 02,   31823, 1987.1260,      NaN,      NaN,     347.14,   346.74,     347.14,   346.74
1987, 03,   31851, 1987.2027,      NaN,      NaN,     347.01,   346.90,     347.01,   346.90
1987, 04,   31882, 1987.2877,   346.49,   346.71,     346.86,   347.08,     346.49,   346.71
1987, 05,   31912, 1987.3699,   347.01,   347.37,     346.91,   347.27,     347.01,   347.37
1987, 06,   31943, 1987.4548,      NaN,      NaN,     347.15,   347.46,     347.15,   347.46
1987, 07,   31973, 1987.5370,      NaN,      NaN,     347.45,   347.65,     347.45,   347.65
1987, 08,   32004, 1987.6219,   347.23,   347.39,     347.69,   347.85,     347.23,   347.39
1987, 09,   32035, 1987.7068,   347.87,   348.05,     347.87,   348.05,     347.87,   348.05
1987, 10,   32065, 1987.7890,   348.50,   348.62,     348.12,   348.24,     348.50,   348.62
1987, 11,   32096, 1987.8740,   348.64,   348.53,     348.54,   348.43,     348.64,   348.53
1987, 12,   32126, 1987.9562,      NaN,      NaN,     349.00,   348.61,     349.00,   348.61
1988, 01,   32157, 1988.0410,   349.58,   349.04,     349.32,   348.78,     349.58,   349.04
1988, 02,   32188, 1988.1257,   350.07,   349.66,     349.36,   348.94,     350.07,   349.66
1988, 03,   32217, 1988.2049,   349.03,   348.93,     349.19,   349.09,     349.03,   348.93
1988, 04,   32248, 1988.2896,   349.06,   349.30,     349.00,   349.23,     349.06,   349.30
1988, 05,   32278, 1988.3716,   348.61,   348.97,     349.00,   349.37,     348.61,   348.97
1988, 06,   32309, 1988.4563,   348.67,   348.98,     349.20,   349.51,     348.67,   348.98
1988, 07,   32339, 1988.5383,      NaN,      NaN,     349.44,   349.64,     349.44,   349.64
1988, 08,   32370, 1988.6230,   349.32,   349.48,     349.61,   349.77,     349.32,   349.48
1988, 09,   32401, 1988.7077,   349.81,   349.99,     349.72,   349.90,     349.81,   349.99
1988, 10,   32431, 1988.7896,      NaN,      NaN,     349.90,   350.02,     349.90,   350.02
1988, 11,   32462, 1988.8743,      NaN,      NaN,     350.24,   350.13,     350.24,   350.13
1988, 12,   32492, 1988.9563,   352.02,   351.63,     350.64,   350.24,     352.02,   351.63
1989, 01,   32523, 1989.0411,   351.05,   350.50,     350.89,   350.34,     351.05,   350.50
1989, 02,   32554, 1989.1260,      NaN,      NaN,     350.86,   350.44,     350.86,   350.44
1989, 03,   32582, 1989.2027,   350.20,   350.09,     350.63,   350.52,     350.20,   350.09
1989, 04,   32613, 1989.2877,   350.11,   350.34,     350.38,   350.61,     350.11,   350.34
1989, 05,   32643, 1989.3699,      NaN,      NaN,     350.32,   350.69,     350.32,   350.69
1989, 06,   32674, 1989.4548,   350.66,   350.98,     350.47,   350.78,     350.66,   350.98
1989, 07,   32704, 1989.5370,   350.81,   351.01,     350.67,   350.87,     350.81,   351.01
1989, 08,   32735, 1989.6219,   350.46,   350.63,     350.81,   350.97,     350.46,   350.63
1989, 09,   32766, 1989.7068,   349.80,   349.98,     350.89,   351.07,     349.80,   349.98
1989, 10,   32796, 1989.7890,   351.30,   351.42,     351.06,   351.18,     351.30,   351.42
1989, 11,   32827, 1989.8740,      NaN,      NaN,     351.40,   351.29,     351.40,   351.29
1989, 12,   32857, 1989.9562,   351.96,   351.56,     351.81,   351.41,     351.96,   351.56
1990, 01,   32888, 1990.0411,      NaN,      NaN,     352.09,   351.53,     352.09,   351.53
1990, 02,   32919, 1990.1260,      NaN,      NaN,     352.08,   351.66,     352.08,   351.66
1990, 03,   32947, 1990.2027,      NaN,      NaN,     351.88,   351.77,     351.88,   351.77
1990, 04,   32978, 1990.2877,   351.18,   351.41,     351.67,   351.90,     351.18,   351.41
1990, 05,   33008, 1990.3699,   351.73,   352.11,     351.65,   352.03,     351.73,   352.11
1990, 06,   33039, 1990.4548,   352.55,   352.87,     351.83,   352.15,     352.55,   352.87
1990, 07,   33069, 1990.5370,      NaN,      NaN,     352.07,   352.28,     352.07,   352.28
1990, 08,   33100, 1990.6219,   352.11,   352.27,     352.23,   352.40,     352.11,   352.27
1990, 09,   33131, 1990.7068,   352.90,   353.08,     352.34,   352.52,     352.90,   353.08
1990, 10,   33161, 1990.7890,   352.46,   352.58,     352.51,   352.63,     352.46,   352.58
1990, 11,   33192, 1990.8740,   352.68,   352.57,     352.86,   352.75,     352.68,   352.57
1990, 12,   33222, 1990.9562,   353.14,   352.73,     353.26,   352.86,     353.14,   352.73
1991, 01,   33253, 1991.0411,   353.52,   352.95,     353.54,   352.97,     353.52,   352.95
1991, 02,   33284, 1991.1260,      NaN,      NaN,     353.51,   353.08,     353.51,   353.08
1991, 03,   33312, 1991.2027,      NaN,      NaN,     353.29,   353.18,     353.29,   353.18
1991, 04,   33343, 1991.2877,   353.29,   353.52,     353.05,   353.28,     353.29,   353.52
1991, 05,   33373, 1991.3699,      NaN,      NaN,     353.00,   353.38,     353.00,   353.38
1991, 06,   33404, 1991.4548,   352.72,   353.05,     353.16,   353.48,     352.72,   353.05
1991, 07,   33434, 1991.5370,   353.58,   353.79,     353.36,   353.57,     353.58,   353.79
1991, 08,   33465, 1991.6219,   353.61,   353.78,     353.50,   353.67,     353.61,   353.78
1991, 09,   33496, 1991.7068,   353.57,   353.75,     353.58,   353.76,     353.57,   353.75
1991, 10,   33526, 1991.7890,      NaN,      NaN,     353.73,   353.85,     353.73,   353.85
1991, 11,   33557, 1991.8740,      NaN,      NaN,     354.06,   353.95,     354.06,   353.95
1991, 12,   33587, 1991.9562,   354.69,   354.28,     354.45,   354.04,     354.69,   354.28
1992, 01,   33618, 1992.0410,   354.10,   353.53,     354.70,   354.13,     354.10,   353.53
1992, 02,   33649, 1992.1257,   353.92,   353.48,     354.67,   354.23,     353.92,   353.48
1992, 03,   33678, 1992.2049,      NaN,      NaN,     354.43,   354.32,     354.43,   354.32
1992, 04,   33709, 1992.2896,   353.94,   354.18,     354.18,   354.42,     353.94,   354.18
1992, 05,   33739, 1992.3716,   354.18,   354.56,     354.14,   354.52,     354.18,   354.56
1992, 06,   33770, 1992.4563,      NaN,      NaN,     354.29,   354.62,     354.29,   354.62
1992, 07,   33800, 1992.5383,   354.86,   355.07,     354.50,   354.71,     354.86,   355.07
1992, 08,   33831, 1992.6230,   354.99,   355.16,     354.63,   354.80,     354.99,   355.16
1992, 09,   33862, 1992.7077,   354.92,   355.11,     354.69,   354.88,     354.92,   355.11
1992, 10,   33892, 1992.7896,      NaN,      NaN,     354.82,   354.95,     354.82,   354.95
1992, 11,   33923, 1992.8743,      NaN,      NaN,     355.13,   355.01,     355.13,   355.01
1992, 12,   33953, 1992.9563,   355.36,   354.94,     355.50,   355.08,     355.36,   354.94
1993, 01,   33984, 1993.0411,      NaN,      NaN,     355.73,   355.15,     355.73,   355.15
1993, 02,   34015, 1993.1260,      NaN,      NaN,     355.66,   355.22,     355.66,   355.22
1993, 03,   34043, 1993.2027,   355.06,   354.95,     355.40,   355.29,     355.06,   354.95
1993, 04,   34074, 1993.2877,      NaN,      NaN,     355.13,   355.37,     355.13,   355.37
1993, 05,   34104, 1993.3699,   354.54,   354.93,     355.06,   355.46,     354.54,   354.93
1993, 06,   34135, 1993.4548,   354.99,   355.32,     355.23,   355.56,     354.99,   355.32
1993, 07,   34165, 1993.5370,   355.19,   355.40,     355.45,   355.67,     355.19,   355.40
1993, 08,   34196, 1993.6219,      NaN,      NaN,     355.61,   355.78,     355.61,   355.78
1993, 09,   34227, 1993.7068,   355.64,   355.83,     355.71,   355.91,     355.64,   355.83
1993, 10,   34257, 1993.7890,   356.45,   356.57,     355.90,   356.03,     356.45,   356.57
1993, 11,   34288, 1993.8740,   356.97,   356.85,     356.27,   356.15,     356.97,   356.85
1993, 12,   34318, 1993.9562,   356.64,   356.22,     356.69,   356.27,     356.64,   356.22
1994, 01,   34349, 1994.0411,      NaN,      NaN,     356.99,   356.40,     356.99,   356.40
1994, 02,   34380, 1994.1260,   356.60,   356.15,     356.97,   356.52,     356.60,   356.15
1994, 03,   34408, 1994.2027,   356.65,   356.53,     356.76,   356.64,     356.65,   356.53
1994, 04,   34439, 1994.2877,      NaN,      NaN,     356.54,   356.78,     356.54,   356.78
1994, 05,   34469, 1994.3699,      NaN,      NaN,     356.52,   356.92,     356.52,   356.92
1994, 06,   34500, 1994.4548,   356.43,   356.77,     356.73,   357.07,     356.43,   356.77
1994, 07,   34530, 1994.5370,   356.69,   356.91,     357.00,   357.22,     356.69,   356.91
1994, 08,   34561, 1994.6219,   357.16,   357.34,     357.21,   357.38,     357.16,   357.34
1994, 09,   34592, 1994.7068,   357.59,   357.78,     357.36,   357.55,     357.59,   357.78
1994, 10,   34622, 1994.7890,   357.62,   357.74,     357.59,   357.71,     357.62,   357.74
1994, 11,   34653, 1994.8740,      NaN,      NaN,     358.00,   357.88,     358.00,   357.88
1994, 12,   34683, 1994.9562,      NaN,      NaN,     358.47,   358.05,     358.47,   358.05
1995, 01,   34714, 1995.0411,   358.26,   357.67,     358.81,   358.21,     358.26,   357.67
1995, 02,   34745, 1995.1260,      NaN,      NaN,     358.83,   358.38,     358.83,   358.38
1995, 03,   34773, 1995.2027,      NaN,      NaN,     358.65,   358.53,     358.65,   358.53
1995, 04,   34804, 1995.2877,      NaN,      NaN,     358.44,   358.68,     358.44,   358.68
1995, 05,   34834, 1995.3699,   358.62,   359.02,     358.43,   358.83,     358.62,   359.02
1995, 06,   34865, 1995.4548,   359.78,   360.12,     358.63,   358.97,     359.78,   360.12
1995, 07,   34895, 1995.5370,      NaN,      NaN,     358.88,   359.10,     358.88,   359.10
1995, 08,   34926, 1995.6219,   359.07,   359.24,     359.05,   359.23,     359.07,   359.24
1995, 09,   34957, 1995.7068,      NaN,      NaN,     359.15,   359.34,     359.15,   359.34
1995, 10,   34987, 1995.7890,      NaN,      NaN,     359.32,   359.45,     359.32,   359.45
1995, 11,   35018, 1995.8740,      NaN,      NaN,     359.67,   359.56,     359.67,   359.56
1995, 12,   35048, 1995.9562,      NaN,      NaN,     360.09,   359.65,     360.09,   359.65
1996, 01,   35079, 1996.0410,      NaN,      NaN,     360.36,   359.76,     360.36,   359.76
1996, 02,   35110, 1996.1257,   360.21,   359.75,     360.32,   359.86,     360.21,   359.75
1996, 03,   35139, 1996.2049,   359.66,   359.55,     360.06,   359.95,     359.66,   359.55
1996, 04,   35170, 1996.2896,      NaN,      NaN,     359.80,   360.06,     359.80,   360.06
1996, 05,   35200, 1996.3716,   359.51,   359.92,     359.75,   360.16,     359.51,   359.92
1996, 06,   35231, 1996.4563,      NaN,      NaN,     359.92,   360.27,     359.92,   360.27
1996, 07,   35261, 1996.5383,   360.68,   360.91,     360.15,   360.38,     360.68,   360.91
1996, 08,   35292, 1996.6230,   360.66,   360.84,     360.31,   360.49,     360.66,   360.84
1996, 09,   35323, 1996.7077,   359.92,   360.12,     360.40,   360.60,     359.92,   360.12
1996, 10,   35353, 1996.7896,      NaN,      NaN,     360.58,   360.71,     360.58,   360.71
1996, 11,   35384, 1996.8743,   360.94,   360.82,     360.95,   360.83,     360.94,   360.82
1996, 12,   35414, 1996.9563,   361.88,   361.44,     361.39,   360.95,     361.88,   361.44
1997, 01,   35445, 1997.0411,   361.38,   360.77,     361.70,   361.08,     361.38,   360.77
1997, 02,   35476, 1997.1260,      NaN,      NaN,     361.69,   361.22,     361.69,   361.22
1997, 03,   35504, 1997.2027,      NaN,      NaN,     361.48,   361.35,     361.48,   361.35
1997, 04,   35535, 1997.2877,   361.29,   361.54,     361.25,   361.51,     361.29,   361.54
1997, 05,   35565, 1997.3699,   360.82,   361.23,     361.25,   361.66,     360.82,   361.23
1997, 06,   35596, 1997.4548,   361.58,   361.93,     361.48,   361.83,     361.58,   361.93
1997, 07,   35626, 1997.5370,      NaN,      NaN,     361.78,   362.00,     361.78,   362.00
1997, 08,   35657, 1997.6219,      NaN,      NaN,     362.01,   362.19,     362.01,   362.19
1997, 09,   35688, 1997.7068,   362.04,   362.24,     362.19,   362.39,     362.04,   362.24
1997, 10,   35718, 1997.7890,   362.24,   362.37,     362.45,   362.59,     362.24,   362.37
1997, 11,   35749, 1997.8740,      NaN,      NaN,     362.92,   362.80,     362.92,   362.80
1997, 12,   35779, 1997.9562,   362.75,   362.31,     363.46,   363.01,     362.75,   362.31
1998, 01,   35810, 1998.0411,      NaN,      NaN,     363.86,   363.24,     363.86,   363.24
1998, 02,   35841, 1998.1260,      NaN,      NaN,     363.94,   363.47,     363.94,   363.47
1998, 03,   35869, 1998.2027,      NaN,      NaN,     363.81,   363.68,     363.81,   363.68
1998, 04,   35900, 1998.2877,   363.74,   363.99,     363.65,   363.91,     363.74,   363.99
1998, 05,   35930, 1998.3699,   364.09,   364.50,     363.71,   364.13,     364.09,   364.50
1998, 06,   35961, 1998.4548,   365.33,   365.69,     363.99,   364.35,     365.33,   365.69
1998, 07,   35991, 1998.5370,   363.82,   364.05,     364.32,   364.55,     363.82,   364.05
1998, 08,   36022, 1998.6219,      NaN,      NaN,     364.56,   364.75,     364.56,   364.75
1998, 09,   36053, 1998.7068,   364.45,   364.65,     364.74,   364.94,     364.45,   364.65
1998, 10,   36083, 1998.7890,      NaN,      NaN,     364.99,   365.12,     364.99,   365.12
1998, 11,   36114, 1998.8740,      NaN,      NaN,     365.42,   365.30,     365.42,   365.30
1998, 12,   36144, 1998.9562,      NaN,      NaN,     365.91,   365.46,     365.91,   365.46
1999, 01,   36175, 1999.0411,   366.73,   366.10,     366.25,   365.63,     366.73,   366.10
1999, 02,   36206, 1999.1260,      NaN,      NaN,     366.26,   365.78,     366.26,   365.78
1999, 03,   36234, 1999.2027,   365.70,   365.57,     366.04,   365.91,     365.70,   365.57
1999, 04,   36265, 1999.2877,   365.85,   366.11,     365.79,   366.05,     365.85,   366.11
1999, 05,   36295, 1999.3699,      NaN,      NaN,     365.75,   366.17,     365.75,   366.17
1999, 06,   36326, 1999.4548,   365.51,   365.87,     365.93,   366.29,     365.51,   365.87
1999, 07,   36356, 1999.5370,   366.25,   366.48,     366.17,   366.40,     366.25,   366.48
1999, 08,   36387, 1999.6219,   366.68,   366.87,     366.32,   366.51,     366.68,   366.87
1999, 09,   36418, 1999.7068,      NaN,      NaN,     366.41,   366.61,     366.41,   366.61
1999, 10,   36448, 1999.7890,      NaN,      NaN,     366.57,   366.70,     366.57,   366.70
1999, 11,   36479, 1999.8740,   366.98,   366.85,     366.91,   366.78,     366.98,   366.85
1999, 12,   36509, 1999.9562,   367.75,   367.29,     367.32,   366.86,     367.75,   367.29
2000, 01,   36540, 2000.0410,   367.48,   366.84,     367.57,   366.93,     367.48,   366.84
2000, 02,   36571, 2000.1257,   368.81,   368.33,     367.49,   367.00,     368.81,   368.33
2000, 03,   36600, 2000.2049,   366.78,   366.66,     367.18,   367.06,     366.78,   366.66
2000, 04,   36631, 2000.2896,      NaN,      NaN,     366.86,   367.13,     366.86,   367.13
2000, 05,   36661, 2000.3716,   366.32,   366.75,     366.77,   367.20,     366.32,   366.75
2000, 06,   36692, 2000.4563,   365.85,   366.21,     366.92,   367.28,     365.85,   366.21
2000, 07,   36722, 2000.5383,   366.87,   367.10,     367.13,   367.37,     366.87,   367.10
2000, 08,   36753, 2000.6230,   367.76,   367.95,     367.28,   367.47,     367.76,   367.95
2000, 09,   36784, 2000.7077,      NaN,      NaN,     367.37,   367.57,     367.37,   367.57
2000, 10,   36814, 2000.7896,   367.97,   368.11,     367.55,   367.68,     367.97,   368.11
2000, 11,   36845, 2000.8743,   368.52,   368.39,     367.93,   367.80,     368.52,   368.39
2000, 12,   36875, 2000.9563,      NaN,      NaN,     368.38,   367.92,     368.38,   367.92
2001, 01,   36906, 2001.0411,      NaN,      NaN,     368.69,   368.05,     368.69,   368.05
2001, 02,   36937, 2001.1260,      NaN,      NaN,     368.67,   368.18,     368.67,   368.18
2001, 03,   36965, 2001.2027,   368.60,   368.47,     368.44,   368.31,     368.60,   368.47
2001, 04,   36996, 2001.2877,   367.52,   367.78,     368.20,   368.47,     367.52,   367.78
2001, 05,   37026, 2001.3699,   367.79,   368.22,     368.20,   368.63,     367.79,   368.22
2001, 06,   37057, 2001.4548,      NaN,      NaN,     368.44,   368.81,     368.44,   368.81
2001, 07,   37087, 2001.5370,   369.60,   369.84,     368.75,   368.99,     369.60,   369.84
2001, 08,   37118, 2001.6219,      NaN,      NaN,     368.99,   369.18,     368.99,   369.18
2001, 09,   37149, 2001.7068,      NaN,      NaN,     369.17,   369.38,     369.17,   369.38
2001, 10,   37179, 2001.7890,   369.10,   369.24,     369.45,   369.58,     369.10,   369.24
2001, 11,   37210, 2001.8740,   369.67,   369.54,     369.93,   369.80,     369.67,   369.54
2001, 12,   37240, 2001.9562,      NaN,      NaN,     370.48,   370.01,     370.48,   370.01
2002, 01,   37271, 2002.0411,      NaN,      NaN,     370.89,   370.24,     370.89,   370.24
2002, 02,   37302, 2002.1260,      NaN,      NaN,     370.97,   370.47,     370.97,   370.47
2002, 03,   37330, 2002.2027,      NaN,      NaN,     370.81,   370.68,     370.81,   370.68
2002, 04,   37361, 2002.2877,      NaN,      NaN,     370.64,   370.91,     370.64,   370.91
2002, 05,   37391, 2002.3699,      NaN,      NaN,     370.70,   371.14,     370.70,   371.14
2002, 06,   37422, 2002.4548,   371.21,   371.59,     371.00,   371.37,     371.21,   371.59
2002, 07,   37452, 2002.5370,   371.35,   371.60,     371.35,   371.59,     371.35,   371.60
2002, 08,   37483, 2002.6219,   371.26,   371.45,     371.62,   371.81,     371.26,   371.45
2002, 09,   37514, 2002.7068,   372.64,   372.85,     371.81,   372.03,     372.64,   372.85
2002, 10,   37544, 2002.7890,   372.04,   372.18,     372.09,   372.23,     372.04,   372.18
2002, 11,   37575, 2002.8740,   372.47,   372.34,     372.57,   372.44,     372.47,   372.34
2002, 12,   37605, 2002.9562,      NaN,      NaN,     373.10,   372.63,     373.10,   372.63
2003, 01,   37636, 2003.0411,      NaN,      NaN,     373.47,   372.82,     373.47,   372.82
2003, 02,   37667, 2003.1260,   373.30,   372.80,     373.50,   373.00,     373.30,   372.80
2003, 03,   37695, 2003.2027,      NaN,      NaN,     373.29,   373.16,     373.29,   373.16
2003, 04,   37726, 2003.2877,   373.14,   373.41,     373.05,   373.33,     373.14,   373.41
2003, 05,   37756, 2003.3699,   373.81,   374.25,     373.04,   373.48,     373.81,   374.25
2003, 06,   37787, 2003.4548,   373.47,   373.85,     373.26,   373.63,     373.47,   373.85
2003, 07,   37817, 2003.5370,      NaN,      NaN,     373.53,   373.77,     373.53,   373.77
2003, 08,   37848, 2003.6219,      NaN,      NaN,     373.72,   373.91,     373.72,   373.91
2003, 09,   37879, 2003.7068,   373.81,   374.03,     373.84,   374.05,     373.81,   374.03
2003, 10,   37909, 2003.7890,   373.41,   373.56,     374.05,   374.19,     373.41,   373.56
2003, 11,   37940, 2003.8740,      NaN,      NaN,     374.46,   374.33,     374.46,   374.33
2003, 12,   37970, 2003.9562,      NaN,      NaN,     374.94,   374.46,     374.94,   374.46
2004, 01,   38001, 2004.0410,      NaN,      NaN,     375.27,   374.60,     375.27,   374.60
2004, 02,   38032, 2004.1257,   375.40,   374.89,     375.26,   374.75,     375.40,   374.89
2004, 03,   38061, 2004.2049,      NaN,      NaN,     375.01,   374.88,     375.01,   374.88
2004, 04,   38092, 2004.2896,      NaN,      NaN,     374.75,   375.03,     374.75,   375.03
2004, 05,   38122, 2004.3716,      NaN,      NaN,     374.73,   375.18,     374.73,   375.18
2004, 06,   38153, 2004.4563,   374.81,   375.19,     374.96,   375.34,     374.81,   375.19
2004, 07,   38183, 2004.5383,   375.43,   375.68,     375.25,   375.49,     375.43,   375.68
2004, 08,   38214, 2004.6230,   375.23,   375.43,     375.46,   375.66,     375.23,   375.43
2004, 09,   38245, 2004.7077,      NaN,      NaN,     375.61,   375.83,     375.61,   375.83
2004, 10,   38275, 2004.7896,      NaN,      NaN,     375.86,   376.00,     375.86,   376.00
2004, 11,   38306, 2004.8743,      NaN,      NaN,     376.31,   376.18,     376.31,   376.18
2004, 12,   38336, 2004.9563,      NaN,      NaN,     376.84,   376.36,     376.84,   376.36
2005, 01,   38367, 2005.0411,      NaN,      NaN,     377.22,   376.55,     377.22,   376.55
2005, 02,   38398, 2005.1260,      NaN,      NaN,     377.25,   376.74,     377.25,   376.74
2005, 03,   38426, 2005.2027,   377.52,   377.39,     377.05,   376.92,     377.52,   377.39
2005, 04,   38457, 2005.2877,   376.07,   376.34,     376.84,   377.12,     376.07,   376.34
2005, 05,   38487, 2005.3699,   376.53,   376.98,     376.86,   377.32,     376.53,   376.98
2005, 06,   38518, 2005.4548,      NaN,      NaN,     377.14,   377.52,     377.14,   377.52
2005, 07,   38548, 2005.5370,   377.67,   377.92,     377.47,   377.72,     377.67,   377.92
2005, 08,   38579, 2005.6219,   378.01,   378.21,     377.73,   377.93,     378.01,   378.21
2005, 09,   38610, 2005.7068,   377.70,   377.92,     377.92,   378.14,     377.70,   377.92
2005, 10,   38640, 2005.7890,   378.22,   378.37,     378.19,   378.33,     378.22,   378.37
2005, 11,   38671, 2005.8740,      NaN,      NaN,     378.67,   378.53,     378.67,   378.53
2005, 12,   38701, 2005.9562,      NaN,      NaN,     379.21,   378.72,     379.21,   378.72
2006, 01,   38732, 2006.0411,      NaN,      NaN,     379.59,   378.91,     379.59,   378.91
2006, 02,   38763, 2006.1260,      NaN,      NaN,     379.61,   379.09,     379.61,   379.09
2006, 03,   38791, 2006.2027,   380.01,   379.87,     379.39,   379.25,     380.01,   379.87
2006, 04,   38822, 2006.2877,      NaN,      NaN,     379.14,   379.42,     379.14,   379.42
2006, 05,   38852, 2006.3699,   379.88,   380.34,     379.11,   379.57,     379.88,   380.34
2006, 06,   38883, 2006.4548,      NaN,      NaN,     379.33,   379.72,     379.33,   379.72
2006, 07,   38913, 2006.5370,   378.86,   379.12,     379.61,   379.86,     378.86,   379.12
2006, 08,   38944, 2006.6219,      NaN,      NaN,     379.80,   380.01,     379.80,   380.01
2006, 09,   38975, 2006.7068,      NaN,      NaN,     379.92,   380.15,     379.92,   380.15
2006, 10,   39005, 2006.7890,      NaN,      NaN,     380.13,   380.28,     380.13,   380.28
2006, 11,   39036, 2006.8740,      NaN,      NaN,     380.55,   380.42,     380.55,   380.42
2006, 12,   39066, 2006.9562,      NaN,      NaN,     381.04,   380.55,     381.04,   380.55
2007, 01,   39097, 2007.0411,      NaN,      NaN,     381.37,   380.69,     381.37,   380.69
2007, 02,   39128, 2007.1260,      NaN,      NaN,     381.35,   380.83,     381.35,   380.83
2007, 03,   39156, 2007.2027,      NaN,      NaN,     381.09,   380.95,     381.09,   380.95
2007, 04,   39187, 2007.2877,      NaN,      NaN,     380.81,   381.09,     380.81,   381.09
2007, 05,   39217, 2007.3699,   380.59,   381.05,     380.77,   381.23,     380.59,   381.05
2007, 06,   39248, 2007.4548,   380.69,   381.09,     380.98,   381.37,     380.69,   381.09
2007, 07,   39278, 2007.5370,      NaN,      NaN,     381.26,   381.52,     381.26,   381.52
2007, 08,   39309, 2007.6219,      NaN,      NaN,     381.46,   381.67,     381.46,   381.67
2007, 09,   39340, 2007.7068,      NaN,      NaN,     381.59,   381.82,     381.59,   381.82
2007, 10,   39370, 2007.7890,   382.19,   382.34,     381.82,   381.97,     382.19,   382.34
2007, 11,   39401, 2007.8740,      NaN,      NaN,     382.26,   382.12,     382.26,   382.12
2007, 12,   39431, 2007.9562,   382.14,   381.64,     382.76,   382.26,     382.14,   381.64
2008, 01,   39462, 2008.0410,      NaN,      NaN,     383.11,   382.42,     383.11,   382.42
2008, 02,   39493, 2008.1257,   383.24,   382.71,     383.10,   382.57,     383.24,   382.71
2008, 03,   39522, 2008.2049,      NaN,      NaN,     382.84,   382.71,     382.84,   382.71
2008, 04,   39553, 2008.2896,      NaN,      NaN,     382.56,   382.86,     382.56,   382.86
2008, 05,   39583, 2008.3716,      NaN,      NaN,     382.53,   383.00,     382.53,   383.00
2008, 06,   39614, 2008.4563,      NaN,      NaN,     382.76,   383.15,     382.76,   383.15
2008, 07,   39644, 2008.5383,      NaN,      NaN,     383.04,   383.30,     383.04,   383.30
2008, 08,   39675, 2008.6230,      NaN,      NaN,     383.24,   383.45,     383.24,   383.45
2008, 09,   39706, 2008.7077,      NaN,      NaN,     383.37,   383.59,     383.37,   383.59
2008, 10,   39736, 2008.7896,      NaN,      NaN,     383.59,   383.74,     383.59,   383.74
2008, 11,   39767, 2008.8743,   383.99,   383.85,     384.03,   383.89,     383.99,   383.85
2008, 12,   39797, 2008.9563,      NaN,      NaN,     384.53,   384.03,     384.53,   384.03
2009, 01,   39828, 2009.0411,      NaN,      NaN,     384.88,   384.18,     384.88,   384.18
2009, 02,   39859, 2009.1260,   385.96,   385.42,     384.86,   384.33,     385.96,   385.42
2009, 03,   39887, 2009.2027,      NaN,      NaN,     384.60,   384.46,     384.60,   384.46
2009, 04,   39918, 2009.2877,   383.54,   383.83,     384.32,   384.61,     383.54,   383.83
2009, 05,   39948, 2009.3699,      NaN,      NaN,     384.28,   384.76,     384.28,   384.76
2009, 06,   39979, 2009.4548,   384.60,   385.01,     384.51,   384.91,     384.60,   385.01
2009, 07,   40009, 2009.5370,      NaN,      NaN,     384.81,   385.07,     384.81,   385.07
2009, 08,   40040, 2009.6219,   384.55,   384.76,     385.03,   385.24,     384.55,   384.76
2009, 09,   40071, 2009.7068,      NaN,      NaN,     385.19,   385.42,     385.19,   385.42
2009, 10,   40101, 2009.7890,      NaN,      NaN,     385.45,   385.60,     385.45,   385.60
2009, 11,   40132, 2009.8740,      NaN,      NaN,     385.93,   385.79,     385.93,   385.79
2009, 12,   40162, 2009.9562,      NaN,      NaN,     386.49,   385.98,     386.49,   385.98
2010, 01,   40193, 2010.0411,   385.54,   384.83,     386.89,   386.18,     385.54,   384.83
2010, 02,   40224, 2010.1260,   387.43,   386.89,     386.94,   386.39,     387.43,   386.89
2010, 03,   40252, 2010.2027,      NaN,      NaN,     386.73,   386.59,     386.73,   386.59
2010, 04,   40283, 2010.2877,      NaN,      NaN,     386.51,   386.80,     386.51,   386.80
2010, 05,   40313, 2010.3699,   387.75,   388.23,     386.53,   387.00,     387.75,   388.23
2010, 06,   40344, 2010.4548,      NaN,      NaN,     386.80,   387.21,     386.80,   387.21
2010, 07,   40374, 2010.5370,      NaN,      NaN,     387.14,   387.41,     387.14,   387.41
2010, 08,   40405, 2010.6219,   387.38,   387.59,     387.39,   387.60,     387.38,   387.59
2010, 09,   40436, 2010.7068,   386.96,   387.19,     387.57,   387.80,     386.96,   387.19
2010, 10,   40466, 2010.7890,      NaN,      NaN,     387.83,   387.98,     387.83,   387.98
2010, 11,   40497, 2010.8740,   388.27,   388.13,     388.31,   388.17,     388.27,   388.13
2010, 12,   40527, 2010.9562,      NaN,      NaN,     388.86,   388.34,     388.86,   388.34
2011, 01,   40558, 2011.0411,   389.65,   388.93,     389.24,   388.52,     389.65,   388.93
2011, 02,   40589, 2011.1260,      NaN,      NaN,     389.23,   388.69,     389.23,   388.69
2011, 03,   40617, 2011.2027,      NaN,      NaN,     388.98,   388.83,     388.98,   388.83
2011, 04,   40648, 2011.2877,   388.02,   388.31,     388.69,   388.99,     388.02,   388.31
2011, 05,   40678, 2011.3699,      NaN,      NaN,     388.65,   389.14,     388.65,   389.14
2011, 06,   40709, 2011.4548,      NaN,      NaN,     388.88,   389.29,     388.88,   389.29
2011, 07,   40739, 2011.5370,   389.91,   390.18,     389.16,   389.43,     389.91,   390.18
2011, 08,   40770, 2011.6219,      NaN,      NaN,     389.35,   389.57,     389.35,   389.57
2011, 09,   40801, 2011.7068,      NaN,      NaN,     389.47,   389.70,     389.47,   389.70
2011, 10,   40831, 2011.7890,      NaN,      NaN,     389.68,   389.83,     389.68,   389.83
2011, 11,   40862, 2011.8740,      NaN,      NaN,     390.11,   389.96,     390.11,   389.96
2011, 12,   40892, 2011.9562,      NaN,      NaN,     390.61,   390.09,     390.61,   390.09
2012, 01,   40923, 2012.0410,      NaN,      NaN,     390.94,   390.22,     390.94,   390.22
2012, 02,   40954, 2012.1257,      NaN,      NaN,     390.90,   390.35,     390.90,   390.35
2012, 03,   40983, 2012.2049,   390.61,   390.48,     390.61,   390.48,     390.61,   390.48
2012, 04,   41014, 2012.2896,      NaN,      NaN,     390.31,   390.62,     390.31,   390.62
2012, 05,   41044, 2012.3716,      NaN,      NaN,     390.27,   390.76,     390.27,   390.76
2012, 06,   41075, 2012.4563,      NaN,      NaN,     390.50,   390.91,     390.50,   390.91
2012, 07,   41105, 2012.5383,   390.37,   390.64,     390.80,   391.06,     390.37,   390.64
2012, 08,   41136, 2012.6230,      NaN,      NaN,     391.02,   391.23,     391.02,   391.23
2012, 09,   41167, 2012.7077,   390.87,   391.11,     391.17,   391.41,     390.87,   391.11
2012, 10,   41197, 2012.7896,   391.60,   391.76,     391.44,   391.59,     391.60,   391.76
2012, 11,   41228, 2012.8743,      NaN,      NaN,     391.93,   391.79,     391.93,   391.79
2012, 12,   41258, 2012.9563,   392.17,   391.65,     392.51,   391.98,     392.17,   391.65
2013, 01,   41289, 2013.0411,      NaN,      NaN,     392.93,   392.20,     392.93,   392.20
2013, 02,   41320, 2013.1260,      NaN,      NaN,     392.98,   392.42,     392.98,   392.42
2013, 03,   41348, 2013.2027,   391.69,   391.55,     392.77,   392.62,     391.69,   391.55
2013, 04,   41379, 2013.2877,   392.89,   393.19,     392.55,   392.86,     392.89,   393.19
2013, 05,   41409, 2013.3699,      NaN,      NaN,     392.59,   393.08,     392.59,   393.08
2013, 06,   41440, 2013.4548,   393.90,   394.32,     392.89,   393.31,     393.90,   394.32
2013, 07,   41470, 2013.5370,      NaN,      NaN,     393.26,   393.54,     393.26,   393.54
2013, 08,   41501, 2013.6219,   393.19,   393.52,     393.51,   393.84,     393.19,   393.52
2013, 09,   41532, 2013.7068,      NaN,      NaN,     393.64,   394.10,     393.64,   394.10
2013, 10,   41562, 2013.7890,      NaN,      NaN,     393.91,   394.32,     393.91,   394.32
2013, 11,   41593, 2013.8740,      NaN,      NaN,     394.51,   394.54,     394.51,   394.54
2013, 12,   41623, 2013.9562,   395.68,   395.19,     395.22,   394.73,     395.68,   395.19
2014, 01,   41654, 2014.0411,      NaN,      NaN,     395.80,   394.92,     395.80,   394.92
2014, 02,   41685, 2014.1260,      NaN,      NaN,     395.80,   395.09,     395.80,   395.09
2014, 03,   41713, 2014.2027,      NaN,      NaN,     395.43,   395.28,     395.43,   395.28
2014, 04,   41744, 2014.2877,   395.40,   395.68,     395.13,   395.41,     395.40,   395.68
2014, 05,   41774, 2014.3699,   395.25,   395.49,     395.22,   395.47,     395.25,   395.49
2014, 06,   41805, 2014.4548,      NaN,      NaN,     395.34,   395.58,     395.34,   395.58
2014, 07,   41835, 2014.5370,      NaN,      NaN,     395.43,   395.68,     395.43,   395.68
2014, 08,   41866, 2014.6219,   395.33,   395.65,     395.48,   395.80,     395.33,   395.65
2014, 09,   41897, 2014.7068,      NaN,      NaN,     395.47,   395.91,     395.47,   395.91
2014, 10,   41927, 2014.7890,      NaN,      NaN,     395.69,   396.04,     395.69,   396.04
2014, 11,   41958, 2014.8740,   396.04,   395.91,     396.34,   396.21,     396.04,   395.91
2014, 12,   41988, 2014.9562,   396.44,   395.92,     396.90,   396.38,     396.44,   395.92
2015, 01,   42019, 2015.0411,      NaN,      NaN,     397.19,   396.56,     397.19,   396.56
2015, 02,   42050, 2015.1260,      NaN,      NaN,     397.26,   396.74,     397.26,   396.74
2015, 03,   42078, 2015.2027,   397.05,   396.82,     397.19,   396.96,     397.05,   396.82
2015, 04,   42109, 2015.2877,      NaN,      NaN,     396.93,   397.21,     396.93,   397.21
2015, 05,   42139, 2015.3699,      NaN,      NaN,     397.05,   397.46,     397.05,   397.46
2015, 06,   42170, 2015.4548,      NaN,      NaN,     397.33,   397.73,     397.33,   397.73
2015, 07,   42200, 2015.5370,   397.65,   397.90,     397.76,   398.01,     397.65,   397.90
2015, 08,   42231, 2015.6219,   398.19,   398.43,     398.07,   398.31,     398.19,   398.43
2015, 09,   42262, 2015.7068,      NaN,      NaN,     398.32,   398.61,     398.32,   398.61
2015, 10,   42292, 2015.7890,      NaN,      NaN,     398.77,   398.92,     398.77,   398.92
2015, 11,   42323, 2015.8740,   399.14,   399.00,     399.36,   399.22,     399.14,   399.00
2015, 12,   42353, 2015.9562,   400.55,   400.06,     400.03,   399.53,     400.55,   400.06
2016, 01,   42384, 2016.0410,   400.47,   399.77,     400.52,   399.82,     400.47,   399.77
2016, 02,   42415, 2016.1257,      NaN,      NaN,     400.55,   400.12,     400.55,   400.12
2016, 03,   42444, 2016.2049,      NaN,      NaN,     400.46,   400.38,     400.46,   400.38
2016, 04,   42475, 2016.2896,      NaN,      NaN,     400.39,   400.65,     400.39,   400.65
2016, 05,   42505, 2016.3716,      NaN,      NaN,     400.56,   400.90,     400.56,   400.90
2016, 06,   42536, 2016.4563,   400.94,   401.27,     400.82,   401.15,     400.94,   401.27
2016, 07,   42566, 2016.5383,      NaN,      NaN,     401.11,   401.38,     401.11,   401.38
2016, 08,   42597, 2016.6230,   401.62,   401.78,     401.47,   401.63,     401.62,   401.78
2016, 09,   42628, 2016.7077,      NaN,      NaN,     401.75,   401.84,     401.75,   401.84
2016, 10,   42658, 2016.7896,      NaN,      NaN,     402.03,   402.04,     402.03,   402.04
2016, 11,   42689, 2016.8743,   402.05,   401.87,     402.44,   402.25,     402.05,   401.87
2016, 12,   42719, 2016.9563,      NaN,      NaN,     402.92,   402.45,     402.92,   402.45
2017, 01,   42750, 2017.0411,      NaN,      NaN,     403.31,   402.66,     403.31,   402.66
2017, 02,   42781, 2017.1260,      NaN,      NaN,     403.41,   402.87,     403.41,   402.87
2017, 03,   42809, 2017.2027,      NaN,      NaN,     403.24,   403.06,     403.24,   403.06
2017, 04,   42840, 2017.2877,      NaN,      NaN,     403.09,   403.25,     403.09,   403.25
2017, 05,   42870, 2017.3699,      NaN,      NaN,     403.14,   403.45,     403.14,   403.45
2017, 06,   42901, 2017.4548,      NaN,      NaN,     403.31,   403.66,     403.31,   403.66
2017, 07,   42931, 2017.5370,      NaN,      NaN,     403.53,   403.85,     403.53,   403.85
2017, 08,   42962, 2017.6219,      NaN,      NaN,     403.78,   404.06,     403.78,   404.06
2017, 09,   42993, 2017.7068,      NaN,      NaN,     404.03,   404.25,     404.03,   404.25
2017, 10,   43023, 2017.7890,      NaN,      NaN,     404.40,   404.43,     404.40,   404.43
2017, 11,   43054, 2017.8740,      NaN,      NaN,     404.82,   404.61,     404.82,   404.61
2017, 12,   43084, 2017.9562,      NaN,      NaN,     405.22,   404.78,     405.22,   404.78
2018, 01,   43115, 2018.0411,      NaN,      NaN,     405.46,   404.95,     405.46,   404.95
2018, 02,   43146, 2018.1260,      NaN,      NaN,     405.47,   405.10,     405.47,   405.10
2018, 03,   43174, 2018.2027,   406.18,   406.09,     405.34,   405.25,     406.18,   406.09
2018, 04,   43205, 2018.2877,   405.29,   405.63,     405.12,   405.46,     405.29,   405.63
2018, 05,   43235, 2018.3699,   404.48,   405.15,     404.93,   405.60,     404.48,   405.15
2018, 06,   43266, 2018.4548,   404.95,   405.61,     405.11,   405.76,     404.95,   405.61
2018, 07,   43296, 2018.5370,      NaN,      NaN,     405.50,   405.93,     405.50,   405.93
2018, 08,   43327, 2018.6219,   405.61,   405.84,     405.89,   406.12,     405.61,   405.84
2018, 09,   43358, 2018.7068,      NaN,      NaN,     406.17,   406.33,     406.17,   406.33
2018, 10,   43388, 2018.7890,      NaN,      NaN,     406.49,   406.54,     406.49,   406.54
2018, 11,   43419, 2018.8740,      NaN,      NaN,     406.94,   406.77,     406.94,   406.77
2018, 12,   43449, 2018.9562,   408.00,   407.44,     407.57,   407.01,     408.00,   407.44
2019, 01,   43480, 2019.0411,      NaN,      NaN,     408.13,   407.25,     408.13,   407.25
2019, 02,   43511, 2019.1260,   407.35,   406.59,     408.31,   407.56,     407.35,   406.59
2019, 03,   43539, 2019.2027,      NaN,      NaN,     408.05,   407.80,     408.05,   407.80
2019, 04,   43570, 2019.2877,   407.99,   408.44,     407.61,   408.07,     407.99,   408.44
2019, 05,   43600, 2019.3699,   407.47,   408.33,     407.46,   408.33,     407.47,   408.33
2019, 06,   43631, 2019.4548,   407.81,   408.61,     407.78,   408.58,     407.81,   408.61
2019, 07,   43661, 2019.5370,   408.64,   409.09,     408.37,   408.81,     408.64,   409.09
2019, 08,   43692, 2019.6219,      NaN,      NaN,     408.90,   409.03,     408.90,   409.03
2019, 09,   43723, 2019.7068,      NaN,      NaN,     409.19,   409.22,     409.19,   409.22
2019, 10,   43753, 2019.7890,   409.86,   409.86,     409.37,   409.38,     409.86,   409.86
2019, 11,   43784, 2019.8740,      NaN,      NaN,     409.74,   409.53,     409.74,   409.53
2019, 12,   43814, 2019.9562,   409.87,   409.23,     410.29,   409.65,     409.87,   409.23
2020, 01,   43845, 2020.0410,      NaN,      NaN,     410.75,   409.77,     410.75,   409.77
2020, 02,   43876, 2020.1257,   411.96,   411.11,     410.74,   409.88,     411.96,   411.11
2020, 03,   43905, 2020.2049,   409.00,   408.74,     410.24,   409.98,     409.00,   408.74
2020, 04,   43936, 2020.2896,      NaN,      NaN,     409.55,   410.08,     409.55,   410.08
2020, 05,   43966, 2020.3716,      NaN,      NaN,     409.20,   410.18,     409.20,   410.18
2020, 06,   43997, 2020.4563,      NaN,      NaN,     409.38,   410.28,     409.38,   410.28
2020, 07,   44027, 2020.5383,      NaN,      NaN,     409.88,   410.37,     409.88,   410.37
2020, 08,   44058, 2020.6230,      NaN,      NaN,     410.34,   410.48,     410.34,   410.48
2020, 09,   44089, 2020.7077,      NaN,      NaN,     410.54,   410.58,     410.54,   410.58
2020, 10,   44119, 2020.7896,      NaN,      NaN,     410.67,   410.67,     410.67,   410.67
2020, 11,   44150, 2020.8743,      NaN,      NaN,     411.02,   410.77,     411.02,   410.77
2020, 12,   44180, 2020.9563,      NaN,      NaN,     411.58,   410.87,     411.58,   410.87
