"-------------------------------------------------------------------------------------------"
" Monthly average 18O concentrations (per mil) derived from flask air samples               "
" Kermadec Is.                                                                              "
"                                                                                           "
" Source: R. F. Keeling and S. J. Walker                   "
" Scripps CO2 Program ( http://scrippsco2.ucsd.edu )                                        "
" Scripps Institution of Oceanography (SIO)                                                 "
" University of California                                                                  "
" La Jolla, California USA 92093-0244                                                       "
"                                                                                           "
" Status of isotopic data and correspondence:                                               "
"                                                                                           "
" Isotopic data are reported on the Scripps Isotope scale                                   "
" See:                                                                                      "
" T. Lueker, R. Keeling, A. Bollenbacher, S. Walker, E. Morgan,                             "
" M. Brooks, Calibration Methodology for the Scripps 13C/12C and 18O/16O                    "
" stable Isotope program 1992-2018, 2020                                                    "
" Flask data from archive dated 19-Apr-2024 10:43:25                                        "
"                                                                                           "
" They are subject to revision based on recalibration of standard gases. Questions          "
" about the data should be directed to Dr. Ralph Keeling (rkeeling AT ucsd.edu) and         "
" and Dr. Stephen Walker (sjwalker AT ucsd.edu), Scripps CO2 Program.                       "
"                                                                                           "
"-------------------------------------------------------------------------------------------"
"                                                                                           "
" Please cite as:                                                                           "
"                                                                                           "
" C. D. Keeling, S. C. Piper, R. B. Bacastow, M. Wahlen, T. P. Whorf, M. Heimann, and       "
" H. A. Meijer, Exchanges of atmospheric CO2 and 13CO2 with the terrestrial biosphere and   "
" oceans from 1978 to 2000.  I. Global aspects, SIO Reference Series, No. 01-06, Scripps    "
" Institution of Oceanography, San Diego, 88 pages, 2001.                                   "
"                                                                                           "
" If it is necessary to cite a peer-reviewed article, please cite as:                       "
"                                                                                           "
" C. D. Keeling, S. C. Piper, R. B. Bacastow, M. Wahlen, T. P. Whorf, M. Heimann, and       "
" H. A. Meijer, Atmospheric CO2 and 13CO2 exchange with the terrestrial biosphere and       "
" oceans from 1978 to 2000: observations and carbon cycle implications, pages 83-113,       "
" in "A History of Atmospheric CO2 and its effects on Plants, Animals, and Ecosystems",     "
" editors, Ehleringer, J.R., T. E. Cerling, M. D. Dearing, Springer Verlag,                 "
" New York, 2005.                                                                           "
"                                                                                           "
"-------------------------------------------------------------------------------------------"
"                                                                                           "
" The data file below contains 10 columns.  Columns 1-4 give the dates in several redundant "
" formats. Column 5 below gives monthly isotope concentrations in per-mil.  This is the     "
" standard version of the data most often sought.  The monthly values have been adjusted    "
" to 24:00 hours on the 15th of each month.  Column 6 gives the same data after a seasonal  "
" adjustment to remove the quasi-regular seasonal cycle.  The adjustment involves           "
" subtracting from the data a 4-harmonic fit with a linear gain factor.  Column 7 is a      "
" smoothed version of the data generated from a stiff cubic spline function plus 4-harmonic "
" functions with linear gain.  Column 8 is the same smoothed version with the seasonal      "
" cycle removed.  Column 9 is identical to Column 5 except that the missing values from     "
" Column 5 have been filled with values from Column 7.  Column 10 is identical to Column 6  "
" except missing values have been filled with values from Column 8.  Missing values are     "
" denoted by -99.99                                                                         "
"                                                                                           "
" CO2 concentrations are reported on the Scripps '12' Calibration scale                     "
"                                                                                           "
  Yr, Mn,    Date,      Date,     18O,seasonally,        fit,  seasonally,      18O, seasonally
    ,   ,        ,          ,        ,  adjusted,           ,adjusted fit,   filled,adjusted filled
    ,   ,   Excel,          , per-mil,  per-mil,    per-mil,  per-mil,   per-mil,  per-mil
1984, 01,   30696, 1984.0410,      NaN,      NaN,       0.71,     0.93,       0.71,     0.93
1984, 02,   30727, 1984.1257,      NaN,      NaN,       0.68,     0.90,       0.68,     0.90
1984, 03,   30756, 1984.2049,     0.66,     1.04,       0.49,     0.88,       0.66,     1.04
1984, 04,   30787, 1984.2896,     0.16,     0.62,       0.39,     0.85,       0.16,     0.62
1984, 05,   30817, 1984.3716,      NaN,      NaN,       0.72,     0.83,       0.72,     0.83
1984, 06,   30848, 1984.4563,     1.00,     0.88,       0.92,     0.80,       1.00,     0.88
1984, 07,   30878, 1984.5383,     0.74,     0.64,       0.88,     0.78,       0.74,     0.64
1984, 08,   30909, 1984.6230,      NaN,      NaN,       1.03,     0.76,       1.03,     0.76
1984, 09,   30940, 1984.7077,      NaN,      NaN,       1.12,     0.73,       1.12,     0.73
1984, 10,   30970, 1984.7896,      NaN,      NaN,       1.01,     0.71,       1.01,     0.71
1984, 11,   31001, 1984.8743,      NaN,      NaN,       0.90,     0.70,       0.90,     0.70
1984, 12,   31031, 1984.9563,      NaN,      NaN,       0.66,     0.68,       0.66,     0.68
1985, 01,   31062, 1985.0411,      NaN,      NaN,       0.45,     0.66,       0.45,     0.66
1985, 02,   31093, 1985.1260,      NaN,      NaN,       0.43,     0.65,       0.43,     0.65
1985, 03,   31121, 1985.2027,      NaN,      NaN,       0.26,     0.64,       0.26,     0.64
1985, 04,   31152, 1985.2877,     0.11,     0.57,       0.16,     0.62,       0.11,     0.57
1985, 05,   31182, 1985.3699,     0.49,     0.60,       0.50,     0.61,       0.49,     0.60
1985, 06,   31213, 1985.4548,     0.69,     0.57,       0.73,     0.61,       0.69,     0.57
1985, 07,   31243, 1985.5370,     0.74,     0.64,       0.70,     0.60,       0.74,     0.64
1985, 08,   31274, 1985.6219,     0.91,     0.64,       0.86,     0.59,       0.91,     0.64
1985, 09,   31305, 1985.7068,     0.84,     0.46,       0.97,     0.59,       0.84,     0.46
1985, 10,   31335, 1985.7890,     1.01,     0.71,       0.88,     0.59,       1.01,     0.71
1985, 11,   31366, 1985.8740,     0.75,     0.54,       0.79,     0.58,       0.75,     0.54
1985, 12,   31396, 1985.9562,      NaN,      NaN,       0.56,     0.58,       0.56,     0.58
1986, 01,   31427, 1986.0411,     0.73,     0.94,       0.37,     0.58,       0.73,     0.94
1986, 02,   31458, 1986.1260,    -0.23,    -0.02,       0.36,     0.58,      -0.23,    -0.02
1986, 03,   31486, 1986.2027,      NaN,      NaN,       0.21,     0.58,       0.21,     0.58
1986, 04,   31517, 1986.2877,      NaN,      NaN,       0.12,     0.58,       0.12,     0.58
1986, 05,   31547, 1986.3699,     0.63,     0.74,       0.47,     0.58,       0.63,     0.74
1986, 06,   31578, 1986.4548,     0.70,     0.58,       0.70,     0.58,       0.70,     0.58
1986, 07,   31608, 1986.5370,      NaN,      NaN,       0.69,     0.58,       0.69,     0.58
1986, 08,   31639, 1986.6219,     0.94,     0.67,       0.85,     0.58,       0.94,     0.67
1986, 09,   31670, 1986.7068,      NaN,      NaN,       0.96,     0.58,       0.96,     0.58
1986, 10,   31700, 1986.7890,     0.59,     0.29,       0.88,     0.58,       0.59,     0.29
1986, 11,   31731, 1986.8740,     0.86,     0.66,       0.79,     0.58,       0.86,     0.66
1986, 12,   31761, 1986.9562,     0.61,     0.63,       0.56,     0.58,       0.61,     0.63
1987, 01,   31792, 1987.0411,     0.03,     0.24,       0.37,     0.58,       0.03,     0.24
1987, 02,   31823, 1987.1260,      NaN,      NaN,       0.36,     0.58,       0.36,     0.58
1987, 03,   31851, 1987.2027,      NaN,      NaN,       0.21,     0.58,       0.21,     0.58
1987, 04,   31882, 1987.2877,     0.27,     0.72,       0.12,     0.58,       0.27,     0.72
1987, 05,   31912, 1987.3699,     0.72,     0.83,       0.47,     0.58,       0.72,     0.83
1987, 06,   31943, 1987.4548,      NaN,      NaN,       0.70,     0.58,       0.70,     0.58
1987, 07,   31973, 1987.5370,      NaN,      NaN,       0.68,     0.57,       0.68,     0.57
1987, 08,   32004, 1987.6219,     0.90,     0.64,       0.84,     0.57,       0.90,     0.64
1987, 09,   32035, 1987.7068,     1.14,     0.76,       0.94,     0.57,       1.14,     0.76
1987, 10,   32065, 1987.7890,      NaN,      NaN,       0.86,     0.56,       0.86,     0.56
1987, 11,   32096, 1987.8740,     0.42,     0.22,       0.76,     0.56,       0.42,     0.22
1987, 12,   32126, 1987.9562,     0.41,     0.44,       0.54,     0.56,       0.41,     0.44
1988, 01,   32157, 1988.0410,    -0.10,     0.11,       0.35,     0.56,      -0.10,     0.11
1988, 02,   32188, 1988.1257,      NaN,      NaN,       0.34,     0.56,       0.34,     0.56
1988, 03,   32217, 1988.2049,      NaN,      NaN,       0.19,     0.56,       0.19,     0.56
1988, 04,   32248, 1988.2896,     0.53,     0.98,       0.12,     0.57,       0.53,     0.98
1988, 05,   32278, 1988.3716,     0.55,     0.65,       0.47,     0.57,       0.55,     0.65
1988, 06,   32309, 1988.4563,     0.92,     0.80,       0.69,     0.57,       0.92,     0.80
1988, 07,   32339, 1988.5383,     0.97,     0.87,       0.67,     0.57,       0.97,     0.87
1988, 08,   32370, 1988.6230,     0.22,    -0.05,       0.84,     0.57,       0.22,    -0.05
1988, 09,   32401, 1988.7077,     0.71,     0.33,       0.95,     0.57,       0.71,     0.33
1988, 10,   32431, 1988.7896,      NaN,      NaN,       0.86,     0.57,       0.86,     0.57
1988, 11,   32462, 1988.8743,      NaN,      NaN,       0.77,     0.57,       0.77,     0.57
1988, 12,   32492, 1988.9563,      NaN,      NaN,       0.55,     0.57,       0.55,     0.57
1989, 01,   32523, 1989.0411,      NaN,      NaN,       0.36,     0.57,       0.36,     0.57
1989, 02,   32554, 1989.1260,     0.51,     0.73,       0.35,     0.57,       0.51,     0.73
1989, 03,   32582, 1989.2027,     0.46,     0.83,       0.20,     0.57,       0.46,     0.83
1989, 04,   32613, 1989.2877,     0.24,     0.70,       0.11,     0.57,       0.24,     0.70
1989, 05,   32643, 1989.3699,     0.41,     0.52,       0.46,     0.56,       0.41,     0.52
1989, 06,   32674, 1989.4548,     0.53,     0.41,       0.68,     0.56,       0.53,     0.41
1989, 07,   32704, 1989.5370,     0.55,     0.45,       0.67,     0.57,       0.55,     0.45
1989, 08,   32735, 1989.6219,     0.85,     0.58,       0.84,     0.57,       0.85,     0.58
1989, 09,   32766, 1989.7068,      NaN,      NaN,       0.95,     0.57,       0.95,     0.57
1989, 10,   32796, 1989.7890,     0.80,     0.51,       0.87,     0.58,       0.80,     0.51
1989, 11,   32827, 1989.8740,      NaN,      NaN,       0.79,     0.59,       0.79,     0.59
1989, 12,   32857, 1989.9562,     0.77,     0.79,       0.58,     0.60,       0.77,     0.79
1990, 01,   32888, 1990.0411,      NaN,      NaN,       0.40,     0.61,       0.40,     0.61
1990, 02,   32919, 1990.1260,      NaN,      NaN,       0.41,     0.63,       0.41,     0.63
1990, 03,   32947, 1990.2027,      NaN,      NaN,       0.27,     0.64,       0.27,     0.64
1990, 04,   32978, 1990.2877,     0.01,     0.46,       0.21,     0.66,       0.01,     0.46
1990, 05,   33008, 1990.3699,     0.34,     0.45,       0.57,     0.68,       0.34,     0.45
1990, 06,   33039, 1990.4548,     0.68,     0.56,       0.82,     0.70,       0.68,     0.56
1990, 07,   33069, 1990.5370,      NaN,      NaN,       0.83,     0.72,       0.83,     0.72
1990, 08,   33100, 1990.6219,     0.92,     0.66,       1.02,     0.75,       0.92,     0.66
1990, 09,   33131, 1990.7068,      NaN,      NaN,       1.15,     0.78,       1.15,     0.78
1990, 10,   33161, 1990.7890,     1.06,     0.77,       1.09,     0.80,       1.06,     0.77
1990, 11,   33192, 1990.8740,     1.27,     1.07,       1.03,     0.82,       1.27,     1.07
1990, 12,   33222, 1990.9562,     1.24,     1.26,       0.82,     0.84,       1.24,     1.26
1991, 01,   33253, 1991.0411,     1.01,     1.22,       0.65,     0.86,       1.01,     1.22
1991, 02,   33284, 1991.1260,      NaN,      NaN,       0.66,     0.87,       0.66,     0.87
1991, 03,   33312, 1991.2027,      NaN,      NaN,       0.52,     0.88,       0.52,     0.88
1991, 04,   33343, 1991.2877,     0.88,     1.33,       0.44,     0.89,       0.88,     1.33
1991, 05,   33373, 1991.3699,      NaN,      NaN,       0.78,     0.89,       0.78,     0.89
1991, 06,   33404, 1991.4548,     0.82,     0.70,       1.01,     0.89,       0.82,     0.70
1991, 07,   33434, 1991.5370,     0.79,     0.69,       0.99,     0.89,       0.79,     0.69
1991, 08,   33465, 1991.6219,     1.06,     0.80,       1.15,     0.89,       1.06,     0.80
1991, 09,   33496, 1991.7068,     1.16,     0.79,       1.26,     0.89,       1.16,     0.79
1991, 10,   33526, 1991.7890,      NaN,      NaN,       1.18,     0.88,       1.18,     0.88
1991, 11,   33557, 1991.8740,      NaN,      NaN,       1.08,     0.88,       1.08,     0.88
1991, 12,   33587, 1991.9562,     1.01,     1.03,       0.86,     0.88,       1.01,     1.03
1992, 01,   33618, 1992.0410,     0.92,     1.13,       0.67,     0.88,       0.92,     1.13
1992, 02,   33649, 1992.1257,     0.80,     1.02,       0.66,     0.87,       0.80,     1.02
1992, 03,   33678, 1992.2049,      NaN,      NaN,       0.50,     0.87,       0.50,     0.87
1992, 04,   33709, 1992.2896,     0.21,     0.65,       0.43,     0.87,       0.21,     0.65
1992, 05,   33739, 1992.3716,     0.58,     0.68,       0.77,     0.87,       0.58,     0.68
1992, 06,   33770, 1992.4563,      NaN,      NaN,       0.99,     0.87,       0.99,     0.87
1992, 07,   33800, 1992.5383,     0.93,     0.83,       0.97,     0.87,       0.93,     0.83
1992, 08,   33831, 1992.6230,     1.15,     0.89,       1.14,     0.88,       1.15,     0.89
1992, 09,   33862, 1992.7077,     1.15,     0.78,       1.25,     0.88,       1.15,     0.78
1992, 10,   33892, 1992.7896,      NaN,      NaN,       1.18,     0.89,       1.18,     0.89
1992, 11,   33923, 1992.8743,      NaN,      NaN,       1.09,     0.89,       1.09,     0.89
1992, 12,   33953, 1992.9563,     1.12,     1.14,       0.88,     0.90,       1.12,     1.14
1993, 01,   33984, 1993.0411,      NaN,      NaN,       0.69,     0.90,       0.69,     0.90
1993, 02,   34015, 1993.1260,     0.45,     0.66,       0.69,     0.90,       0.45,     0.66
1993, 03,   34043, 1993.2027,     0.42,     0.79,       0.54,     0.91,       0.42,     0.79
1993, 04,   34074, 1993.2877,      NaN,      NaN,       0.46,     0.91,       0.46,     0.91
1993, 05,   34104, 1993.3699,     1.21,     1.31,       0.80,     0.91,       1.21,     1.31
1993, 06,   34135, 1993.4548,     1.00,     0.88,       1.02,     0.90,       1.00,     0.88
1993, 07,   34165, 1993.5370,     1.13,     1.03,       0.99,     0.89,       1.13,     1.03
1993, 08,   34196, 1993.6219,     1.15,     0.89,       1.15,     0.88,       1.15,     0.89
1993, 09,   34227, 1993.7068,     1.35,     0.98,       1.24,     0.87,       1.35,     0.98
1993, 10,   34257, 1993.7890,     0.98,     0.69,       1.15,     0.86,       0.98,     0.69
1993, 11,   34288, 1993.8740,      NaN,      NaN,       1.05,     0.85,       1.05,     0.85
1993, 12,   34318, 1993.9562,     0.13,     0.15,       0.82,     0.84,       0.13,     0.15
1994, 01,   34349, 1994.0411,      NaN,      NaN,       0.62,     0.83,       0.62,     0.83
1994, 02,   34380, 1994.1260,      NaN,      NaN,       0.61,     0.82,       0.61,     0.82
1994, 03,   34408, 1994.2027,      NaN,      NaN,       0.45,     0.81,       0.45,     0.81
1994, 04,   34439, 1994.2877,     0.52,     0.97,       0.36,     0.80,       0.52,     0.97
1994, 05,   34469, 1994.3699,      NaN,      NaN,       0.69,     0.80,       0.69,     0.80
1994, 06,   34500, 1994.4548,     0.92,     0.80,       0.91,     0.79,       0.92,     0.80
1994, 07,   34530, 1994.5370,     0.88,     0.78,       0.88,     0.78,       0.88,     0.78
1994, 08,   34561, 1994.6219,     1.04,     0.78,       1.03,     0.77,       1.04,     0.78
1994, 09,   34592, 1994.7068,     1.12,     0.75,       1.13,     0.77,       1.12,     0.75
1994, 10,   34622, 1994.7890,     1.10,     0.81,       1.05,     0.76,       1.10,     0.81
1994, 11,   34653, 1994.8740,      NaN,      NaN,       0.95,     0.75,       0.95,     0.75
1994, 12,   34683, 1994.9562,      NaN,      NaN,       0.72,     0.74,       0.72,     0.74
1995, 01,   34714, 1995.0411,      NaN,      NaN,       0.53,     0.73,       0.53,     0.73
1995, 02,   34745, 1995.1260,      NaN,      NaN,       0.51,     0.73,       0.51,     0.73
1995, 03,   34773, 1995.2027,      NaN,      NaN,       0.36,     0.72,       0.36,     0.72
1995, 04,   34804, 1995.2877,      NaN,      NaN,       0.27,     0.71,       0.27,     0.71
1995, 05,   34834, 1995.3699,     0.58,     0.69,       0.60,     0.71,       0.58,     0.69
1995, 06,   34865, 1995.4548,     0.70,     0.58,       0.82,     0.70,       0.70,     0.58
1995, 07,   34895, 1995.5370,      NaN,      NaN,       0.80,     0.70,       0.80,     0.70
1995, 08,   34926, 1995.6219,     0.98,     0.72,       0.95,     0.69,       0.98,     0.72
1995, 09,   34957, 1995.7068,      NaN,      NaN,       1.06,     0.69,       1.06,     0.69
1995, 10,   34987, 1995.7890,      NaN,      NaN,       0.97,     0.69,       0.97,     0.69
1995, 11,   35018, 1995.8740,      NaN,      NaN,       0.88,     0.69,       0.88,     0.69
1995, 12,   35048, 1995.9562,      NaN,      NaN,       0.66,     0.68,       0.66,     0.68
1996, 01,   35079, 1996.0410,      NaN,      NaN,       0.48,     0.68,       0.48,     0.68
1996, 02,   35110, 1996.1257,     0.53,     0.74,       0.47,     0.68,       0.53,     0.74
1996, 03,   35139, 1996.2049,     0.89,     1.25,       0.32,     0.68,       0.89,     1.25
1996, 04,   35170, 1996.2896,      NaN,      NaN,       0.25,     0.69,       0.25,     0.69
1996, 05,   35200, 1996.3716,     0.40,     0.50,       0.59,     0.69,       0.40,     0.50
1996, 06,   35231, 1996.4563,     0.92,     0.80,       0.81,     0.69,       0.92,     0.80
1996, 07,   35261, 1996.5383,     0.21,     0.12,       0.80,     0.70,       0.21,     0.12
1996, 08,   35292, 1996.6230,     0.91,     0.65,       0.98,     0.72,       0.91,     0.65
1996, 09,   35323, 1996.7077,     1.07,     0.70,       1.10,     0.73,       1.07,     0.70
1996, 10,   35353, 1996.7896,     1.19,     0.91,       1.03,     0.75,       1.19,     0.91
1996, 11,   35384, 1996.8743,     0.94,     0.74,       0.96,     0.76,       0.94,     0.74
1996, 12,   35414, 1996.9563,     0.81,     0.83,       0.76,     0.78,       0.81,     0.83
1997, 01,   35445, 1997.0411,     0.95,     1.15,       0.58,     0.79,       0.95,     1.15
1997, 02,   35476, 1997.1260,      NaN,      NaN,       0.59,     0.80,       0.59,     0.80
1997, 03,   35504, 1997.2027,      NaN,      NaN,       0.44,     0.80,       0.44,     0.80
1997, 04,   35535, 1997.2877,     0.73,     1.17,       0.36,     0.80,       0.73,     1.17
1997, 05,   35565, 1997.3699,     0.77,     0.87,       0.68,     0.79,       0.77,     0.87
1997, 06,   35596, 1997.4548,     1.09,     0.98,       0.89,     0.78,       1.09,     0.98
1997, 07,   35626, 1997.5370,     1.08,     0.98,       0.86,     0.76,       1.08,     0.98
1997, 08,   35657, 1997.6219,     1.07,     0.81,       0.99,     0.74,       1.07,     0.81
1997, 09,   35688, 1997.7068,     1.17,     0.81,       1.07,     0.71,       1.17,     0.81
1997, 10,   35718, 1997.7890,      NaN,      NaN,       0.97,     0.68,       0.97,     0.68
1997, 11,   35749, 1997.8740,      NaN,      NaN,       0.85,     0.65,       0.85,     0.65
1997, 12,   35779, 1997.9562,    -0.18,    -0.16,       0.60,     0.62,      -0.18,    -0.16
1998, 01,   35810, 1998.0411,      NaN,      NaN,       0.39,     0.59,       0.39,     0.59
1998, 02,   35841, 1998.1260,     0.30,     0.51,       0.36,     0.57,       0.30,     0.51
1998, 03,   35869, 1998.2027,      NaN,      NaN,       0.19,     0.54,       0.19,     0.54
1998, 04,   35900, 1998.2877,    -0.19,     0.24,       0.09,     0.52,      -0.19,     0.24
1998, 05,   35930, 1998.3699,     0.75,     0.86,       0.40,     0.50,       0.75,     0.86
1998, 06,   35961, 1998.4548,     0.34,     0.23,       0.60,     0.48,       0.34,     0.23
1998, 07,   35991, 1998.5370,     1.00,     0.90,       0.57,     0.47,       1.00,     0.90
1998, 08,   36022, 1998.6219,      NaN,      NaN,       0.71,     0.45,       0.71,     0.45
1998, 09,   36053, 1998.7068,     1.28,     0.92,       0.80,     0.44,       1.28,     0.92
1998, 10,   36083, 1998.7890,      NaN,      NaN,       0.71,     0.43,       0.71,     0.43
1998, 11,   36114, 1998.8740,      NaN,      NaN,       0.61,     0.42,       0.61,     0.42
1998, 12,   36144, 1998.9562,      NaN,      NaN,       0.39,     0.41,       0.39,     0.41
1999, 01,   36175, 1999.0411,      NaN,      NaN,       0.21,     0.41,       0.21,     0.41
1999, 02,   36206, 1999.1260,      NaN,      NaN,       0.20,     0.41,       0.20,     0.41
1999, 03,   36234, 1999.2027,    -0.70,    -0.35,       0.07,     0.42,      -0.70,    -0.35
1999, 04,   36265, 1999.2877,    -0.51,    -0.07,       0.00,     0.43,      -0.51,    -0.07
1999, 05,   36295, 1999.3699,      NaN,      NaN,       0.35,     0.45,       0.35,     0.45
1999, 06,   36326, 1999.4548,     0.79,     0.68,       0.59,     0.47,       0.79,     0.68
1999, 07,   36356, 1999.5370,     0.86,     0.76,       0.60,     0.50,       0.86,     0.76
1999, 08,   36387, 1999.6219,     0.90,     0.64,       0.78,     0.52,       0.90,     0.64
1999, 09,   36418, 1999.7068,      NaN,      NaN,       0.91,     0.55,       0.91,     0.55
1999, 10,   36448, 1999.7890,      NaN,      NaN,       0.86,     0.57,       0.86,     0.57
1999, 11,   36479, 1999.8740,     0.66,     0.46,       0.79,     0.60,       0.66,     0.46
1999, 12,   36509, 1999.9562,     0.62,     0.64,       0.60,     0.62,       0.62,     0.64
2000, 01,   36540, 2000.0410,     0.87,     1.07,       0.44,     0.64,       0.87,     1.07
2000, 02,   36571, 2000.1257,     0.35,     0.56,       0.45,     0.65,       0.35,     0.56
2000, 03,   36600, 2000.2049,     0.93,     1.29,       0.30,     0.66,       0.93,     1.29
2000, 04,   36631, 2000.2896,      NaN,      NaN,       0.24,     0.67,       0.24,     0.67
2000, 05,   36661, 2000.3716,     0.57,     0.67,       0.57,     0.67,       0.57,     0.67
2000, 06,   36692, 2000.4563,     0.78,     0.67,       0.78,     0.67,       0.78,     0.67
2000, 07,   36722, 2000.5383,     0.90,     0.80,       0.76,     0.66,       0.90,     0.80
2000, 08,   36753, 2000.6230,     0.95,     0.69,       0.91,     0.65,       0.95,     0.69
2000, 09,   36784, 2000.7077,     1.00,     0.64,       1.00,     0.64,       1.00,     0.64
2000, 10,   36814, 2000.7896,     0.93,     0.65,       0.91,     0.63,       0.93,     0.65
2000, 11,   36845, 2000.8743,     0.76,     0.56,       0.81,     0.62,       0.76,     0.56
2000, 12,   36875, 2000.9563,     0.25,     0.27,       0.59,     0.61,       0.25,     0.27
2001, 01,   36906, 2001.0411,      NaN,      NaN,       0.39,     0.60,       0.39,     0.60
2001, 02,   36937, 2001.1260,      NaN,      NaN,       0.38,     0.59,       0.38,     0.59
2001, 03,   36965, 2001.2027,     0.37,     0.72,       0.23,     0.58,       0.37,     0.72
2001, 04,   36996, 2001.2877,    -0.41,     0.02,       0.15,     0.58,      -0.41,     0.02
2001, 05,   37026, 2001.3699,     0.53,     0.63,       0.47,     0.57,       0.53,     0.63
2001, 06,   37057, 2001.4548,      NaN,      NaN,       0.69,     0.57,       0.69,     0.57
2001, 07,   37087, 2001.5370,     0.78,     0.69,       0.67,     0.58,       0.78,     0.69
2001, 08,   37118, 2001.6219,      NaN,      NaN,       0.83,     0.58,       0.83,     0.58
2001, 09,   37149, 2001.7068,     1.00,     0.65,       0.95,     0.59,       1.00,     0.65
2001, 10,   37179, 2001.7890,     0.86,     0.58,       0.88,     0.60,       0.86,     0.58
2001, 11,   37210, 2001.8740,     0.92,     0.73,       0.80,     0.61,       0.92,     0.73
2001, 12,   37240, 2001.9562,     0.36,     0.38,       0.60,     0.62,       0.36,     0.38
2002, 01,   37271, 2002.0411,      NaN,      NaN,       0.44,     0.64,       0.44,     0.64
2002, 02,   37302, 2002.1260,    -0.03,     0.17,       0.45,     0.65,      -0.03,     0.17
2002, 03,   37330, 2002.2027,      NaN,      NaN,       0.32,     0.67,       0.32,     0.67
2002, 04,   37361, 2002.2877,      NaN,      NaN,       0.26,     0.69,       0.26,     0.69
2002, 05,   37391, 2002.3699,      NaN,      NaN,       0.61,     0.71,       0.61,     0.71
2002, 06,   37422, 2002.4548,     0.94,     0.83,       0.84,     0.73,       0.94,     0.83
2002, 07,   37452, 2002.5370,     1.03,     0.93,       0.84,     0.75,       1.03,     0.93
2002, 08,   37483, 2002.6219,     1.12,     0.87,       1.01,     0.76,       1.12,     0.87
2002, 09,   37514, 2002.7068,     1.01,     0.66,       1.13,     0.77,       1.01,     0.66
2002, 10,   37544, 2002.7890,     1.27,     0.99,       1.06,     0.78,       1.27,     0.99
2002, 11,   37575, 2002.8740,     1.35,     1.16,       0.98,     0.79,       1.35,     1.16
2002, 12,   37605, 2002.9562,      NaN,      NaN,       0.77,     0.79,       0.77,     0.79
2003, 01,   37636, 2003.0411,      NaN,      NaN,       0.59,     0.79,       0.59,     0.79
2003, 02,   37667, 2003.1260,      NaN,      NaN,       0.58,     0.78,       0.58,     0.78
2003, 03,   37695, 2003.2027,      NaN,      NaN,       0.43,     0.78,       0.43,     0.78
2003, 04,   37726, 2003.2877,     0.19,     0.62,       0.35,     0.77,       0.19,     0.62
2003, 05,   37756, 2003.3699,     0.78,     0.88,       0.66,     0.76,       0.78,     0.88
2003, 06,   37787, 2003.4548,     0.53,     0.42,       0.87,     0.76,       0.53,     0.42
2003, 07,   37817, 2003.5370,      NaN,      NaN,       0.85,     0.75,       0.85,     0.75
2003, 08,   37848, 2003.6219,      NaN,      NaN,       1.00,     0.75,       1.00,     0.75
2003, 09,   37879, 2003.7068,     1.09,     0.74,       1.10,     0.74,       1.09,     0.74
2003, 10,   37909, 2003.7890,     1.15,     0.88,       1.02,     0.74,       1.15,     0.88
2003, 11,   37940, 2003.8740,      NaN,      NaN,       0.93,     0.74,       0.93,     0.74
2003, 12,   37970, 2003.9562,      NaN,      NaN,       0.72,     0.74,       0.72,     0.74
2004, 01,   38001, 2004.0410,      NaN,      NaN,       0.55,     0.74,       0.55,     0.74
2004, 02,   38032, 2004.1257,    -0.17,     0.04,       0.55,     0.75,      -0.17,     0.04
2004, 03,   38061, 2004.2049,      NaN,      NaN,       0.40,     0.76,       0.40,     0.76
2004, 04,   38092, 2004.2896,      NaN,      NaN,       0.35,     0.77,       0.35,     0.77
2004, 05,   38122, 2004.3716,      NaN,      NaN,       0.68,     0.78,       0.68,     0.78
2004, 06,   38153, 2004.4563,     0.90,     0.78,       0.90,     0.79,       0.90,     0.78
2004, 07,   38183, 2004.5383,     0.85,     0.75,       0.90,     0.80,       0.85,     0.75
2004, 08,   38214, 2004.6230,     1.12,     0.87,       1.06,     0.81,       1.12,     0.87
2004, 09,   38245, 2004.7077,      NaN,      NaN,       1.18,     0.82,       1.18,     0.82
2004, 10,   38275, 2004.7896,      NaN,      NaN,       1.11,     0.83,       1.11,     0.83
2004, 11,   38306, 2004.8743,      NaN,      NaN,       1.03,     0.84,       1.03,     0.84
2004, 12,   38336, 2004.9563,     1.38,     1.40,       0.82,     0.84,       1.38,     1.40
2005, 01,   38367, 2005.0411,      NaN,      NaN,       0.64,     0.84,       0.64,     0.84
2005, 02,   38398, 2005.1260,      NaN,      NaN,       0.63,     0.83,       0.63,     0.83
2005, 03,   38426, 2005.2027,     0.25,     0.60,       0.48,     0.82,       0.25,     0.60
2005, 04,   38457, 2005.2877,     0.61,     1.03,       0.39,     0.81,       0.61,     1.03
2005, 05,   38487, 2005.3699,     0.99,     1.09,       0.69,     0.79,       0.99,     1.09
2005, 06,   38518, 2005.4548,      NaN,      NaN,       0.88,     0.77,       0.88,     0.77
2005, 07,   38548, 2005.5370,      NaN,      NaN,       0.84,     0.74,       0.84,     0.74
2005, 08,   38579, 2005.6219,     1.20,     0.95,       0.96,     0.71,       1.20,     0.95
2005, 09,   38610, 2005.7068,     1.03,     0.68,       1.03,     0.68,       1.03,     0.68
2005, 10,   38640, 2005.7890,     1.13,     0.85,       0.92,     0.65,       1.13,     0.85
2005, 11,   38671, 2005.8740,      NaN,      NaN,       0.80,     0.62,       0.80,     0.62
2005, 12,   38701, 2005.9562,      NaN,      NaN,       0.56,     0.58,       0.56,     0.58
2006, 01,   38732, 2006.0411,      NaN,      NaN,       0.36,     0.55,       0.36,     0.55
2006, 02,   38763, 2006.1260,      NaN,      NaN,       0.32,     0.52,       0.32,     0.52
2006, 03,   38791, 2006.2027,    -0.52,    -0.18,       0.16,     0.50,      -0.52,    -0.18
2006, 04,   38822, 2006.2877,      NaN,      NaN,       0.06,     0.48,       0.06,     0.48
2006, 05,   38852, 2006.3699,    -0.07,     0.03,       0.37,     0.47,      -0.07,     0.03
2006, 06,   38883, 2006.4548,      NaN,      NaN,       0.58,     0.46,       0.58,     0.46
2006, 07,   38913, 2006.5370,     0.90,     0.81,       0.56,     0.46,       0.90,     0.81
2006, 08,   38944, 2006.6219,      NaN,      NaN,       0.71,     0.46,       0.71,     0.46
2006, 09,   38975, 2006.7068,      NaN,      NaN,       0.82,     0.47,       0.82,     0.47
2006, 10,   39005, 2006.7890,      NaN,      NaN,       0.75,     0.47,       0.75,     0.47
2006, 11,   39036, 2006.8740,      NaN,      NaN,       0.67,     0.48,       0.67,     0.48
2006, 12,   39066, 2006.9562,      NaN,      NaN,       0.47,     0.49,       0.47,     0.49
2007, 01,   39097, 2007.0411,      NaN,      NaN,       0.30,     0.50,       0.30,     0.50
2007, 02,   39128, 2007.1260,      NaN,      NaN,       0.31,     0.51,       0.31,     0.51
2007, 03,   39156, 2007.2027,      NaN,      NaN,       0.17,     0.52,       0.17,     0.52
2007, 04,   39187, 2007.2877,      NaN,      NaN,       0.11,     0.52,       0.11,     0.52
2007, 05,   39217, 2007.3699,     0.90,     1.00,       0.43,     0.53,       0.90,     1.00
2007, 06,   39248, 2007.4548,     0.85,     0.74,       0.64,     0.53,       0.85,     0.74
2007, 07,   39278, 2007.5370,     0.28,     0.19,       0.63,     0.53,       0.28,     0.19
2007, 08,   39309, 2007.6219,      NaN,      NaN,       0.78,     0.53,       0.78,     0.53
2007, 09,   39340, 2007.7068,     0.62,     0.27,       0.88,     0.53,       0.62,     0.27
2007, 10,   39370, 2007.7890,     0.82,     0.55,       0.80,     0.53,       0.82,     0.55
2007, 11,   39401, 2007.8740,      NaN,      NaN,       0.71,     0.52,       0.71,     0.52
2007, 12,   39431, 2007.9562,     0.87,     0.89,       0.49,     0.51,       0.87,     0.89
2008, 01,   39462, 2008.0410,      NaN,      NaN,       0.30,     0.50,       0.30,     0.50
2008, 02,   39493, 2008.1257,     0.24,     0.44,       0.28,     0.48,       0.24,     0.44
2008, 03,   39522, 2008.2049,      NaN,      NaN,       0.12,     0.46,       0.12,     0.46
2008, 04,   39553, 2008.2896,     0.57,     0.99,       0.03,     0.44,       0.57,     0.99
2008, 05,   39583, 2008.3716,      NaN,      NaN,       0.32,     0.41,       0.32,     0.41
2008, 06,   39614, 2008.4563,      NaN,      NaN,       0.50,     0.39,       0.50,     0.39
2008, 07,   39644, 2008.5383,      NaN,      NaN,       0.45,     0.36,       0.45,     0.36
2008, 08,   39675, 2008.6230,      NaN,      NaN,       0.58,     0.33,       0.58,     0.33
2008, 09,   39706, 2008.7077,      NaN,      NaN,       0.65,     0.30,       0.65,     0.30
2008, 10,   39736, 2008.7896,      NaN,      NaN,       0.55,     0.28,       0.55,     0.28
2008, 11,   39767, 2008.8743,     0.02,    -0.16,       0.44,     0.25,       0.02,    -0.16
2008, 12,   39797, 2008.9563,      NaN,      NaN,       0.21,     0.23,       0.21,     0.23
2009, 01,   39828, 2009.0411,      NaN,      NaN,       0.02,     0.21,       0.02,     0.21
2009, 02,   39859, 2009.1260,      NaN,      NaN,        NaN,      NaN,        NaN,      NaN
2009, 03,   39887, 2009.2027,      NaN,      NaN,      -0.15,     0.19,      -0.15,     0.19
2009, 04,   39918, 2009.2877,    -1.01,    -0.59,      -0.23,     0.18,      -1.01,    -0.59
2009, 05,   39948, 2009.3699,      NaN,      NaN,       0.08,     0.18,       0.08,     0.18
2009, 06,   39979, 2009.4548,     0.56,     0.45,       0.29,     0.18,       0.56,     0.45
2009, 07,   40009, 2009.5370,      NaN,      NaN,       0.27,     0.18,       0.27,     0.18
2009, 08,   40040, 2009.6219,     0.62,     0.38,       0.43,     0.19,       0.62,     0.38
2009, 09,   40071, 2009.7068,      NaN,      NaN,       0.54,     0.19,       0.54,     0.19
2009, 10,   40101, 2009.7890,      NaN,      NaN,       0.47,     0.20,       0.47,     0.20
2009, 11,   40132, 2009.8740,      NaN,      NaN,       0.40,     0.21,       0.40,     0.21
2009, 12,   40162, 2009.9562,      NaN,      NaN,       0.21,     0.22,       0.21,     0.22
2010, 01,   40193, 2010.0411,    -0.02,     0.17,       0.04,     0.24,      -0.02,     0.17
2010, 02,   40224, 2010.1260,      NaN,      NaN,       0.05,     0.25,       0.05,     0.25
2010, 03,   40252, 2010.2027,      NaN,      NaN,      -0.08,     0.26,      -0.08,     0.26
2010, 04,   40283, 2010.2877,      NaN,      NaN,      -0.14,     0.27,      -0.14,     0.27
2010, 05,   40313, 2010.3699,      NaN,      NaN,       0.18,     0.28,       0.18,     0.28
2010, 06,   40344, 2010.4548,      NaN,      NaN,       0.40,     0.29,       0.40,     0.29
2010, 07,   40374, 2010.5370,      NaN,      NaN,       0.40,     0.30,       0.40,     0.30
2010, 08,   40405, 2010.6219,     0.90,     0.66,       0.55,     0.31,       0.90,     0.66
2010, 09,   40436, 2010.7068,     0.75,     0.41,       0.66,     0.32,       0.75,     0.41
2010, 10,   40466, 2010.7890,      NaN,      NaN,       0.59,     0.32,       0.59,     0.32
2010, 11,   40497, 2010.8740,     0.89,     0.70,       0.51,     0.33,       0.89,     0.70
2010, 12,   40527, 2010.9562,      NaN,      NaN,       0.31,     0.33,       0.31,     0.33
2011, 01,   40558, 2011.0411,    -0.49,    -0.30,       0.14,     0.34,      -0.49,    -0.30
2011, 02,   40589, 2011.1260,      NaN,      NaN,       0.14,     0.34,       0.14,     0.34
2011, 03,   40617, 2011.2027,      NaN,      NaN,       0.01,     0.35,       0.01,     0.35
2011, 04,   40648, 2011.2877,     0.38,     0.79,      -0.06,     0.35,       0.38,     0.79
2011, 05,   40678, 2011.3699,     0.27,     0.37,       0.26,     0.36,       0.27,     0.37
2011, 06,   40709, 2011.4548,      NaN,      NaN,       0.48,     0.37,       0.48,     0.37
2011, 07,   40739, 2011.5370,     0.11,     0.02,       0.47,     0.38,       0.11,     0.02
2011, 08,   40770, 2011.6219,      NaN,      NaN,       0.63,     0.39,       0.63,     0.39
2011, 09,   40801, 2011.7068,      NaN,      NaN,       0.74,     0.40,       0.74,     0.40
2011, 10,   40831, 2011.7890,     0.17,    -0.10,       0.68,     0.42,       0.17,    -0.10
2011, 11,   40862, 2011.8740,     0.72,     0.53,       0.62,     0.44,       0.72,     0.53
2011, 12,   40892, 2011.9562,      NaN,      NaN,       0.44,     0.46,       0.44,     0.46
2012, 01,   40923, 2012.0410,     0.41,     0.60,       0.29,     0.48,       0.41,     0.60
2012, 02,   40954, 2012.1257,      NaN,      NaN,       0.30,     0.50,       0.30,     0.50
2012, 03,   40983, 2012.2049,     0.10,     0.44,       0.18,     0.52,       0.10,     0.44
2012, 04,   41014, 2012.2896,      NaN,      NaN,       0.14,     0.54,       0.14,     0.54
2012, 05,   41044, 2012.3716,     0.66,     0.75,       0.47,     0.57,       0.66,     0.75
2012, 06,   41075, 2012.4563,      NaN,      NaN,       0.70,     0.59,       0.70,     0.59
2012, 07,   41105, 2012.5383,     0.58,     0.48,       0.70,     0.61,       0.58,     0.48
2012, 08,   41136, 2012.6230,      NaN,      NaN,       0.87,     0.63,       0.87,     0.63
2012, 09,   41167, 2012.7077,     0.91,     0.57,       0.98,     0.64,       0.91,     0.57
2012, 10,   41197, 2012.7896,     0.87,     0.60,       0.92,     0.66,       0.87,     0.60
2012, 11,   41228, 2012.8743,     1.06,     0.88,       0.85,     0.67,       1.06,     0.88
2012, 12,   41258, 2012.9563,     0.88,     0.90,       0.66,     0.68,       0.88,     0.90
2013, 01,   41289, 2013.0411,      NaN,      NaN,       0.50,     0.69,       0.50,     0.69
2013, 02,   41320, 2013.1260,      NaN,      NaN,       0.49,     0.69,       0.49,     0.69
2013, 03,   41348, 2013.2027,     0.99,     1.32,       0.36,     0.69,       0.99,     1.32
2013, 04,   41379, 2013.2877,     0.30,     0.71,       0.28,     0.69,       0.30,     0.71
2013, 05,   41409, 2013.3699,      NaN,      NaN,       0.58,     0.68,       0.58,     0.68
2013, 06,   41440, 2013.4548,     0.36,     0.25,       0.78,     0.68,       0.36,     0.25
2013, 07,   41470, 2013.5370,      NaN,      NaN,       0.76,     0.67,       0.76,     0.67
2013, 08,   41501, 2013.6219,     0.91,     0.55,       0.93,     0.57,       0.91,     0.55
2013, 09,   41532, 2013.7068,      NaN,      NaN,       1.11,     0.55,       1.11,     0.55
2013, 10,   41562, 2013.7890,      NaN,      NaN,       0.77,     0.63,       0.77,     0.63
2013, 11,   41593, 2013.8740,     0.52,     0.34,       0.80,     0.62,       0.52,     0.34
2013, 12,   41623, 2013.9562,     0.56,     0.45,       0.55,     0.44,       0.56,     0.45
2014, 01,   41654, 2014.0411,     0.85,     0.93,       0.34,     0.42,       0.85,     0.93
2014, 02,   41685, 2014.1260,      NaN,      NaN,       0.19,     0.41,       0.19,     0.41
2014, 03,   41713, 2014.2027,      NaN,      NaN,      -0.25,     0.41,      -0.25,     0.41
2014, 04,   41744, 2014.2877,    -0.77,    -0.28,      -0.07,     0.42,      -0.77,    -0.28
2014, 05,   41774, 2014.3699,     0.53,     0.53,       0.44,     0.44,       0.53,     0.53
2014, 06,   41805, 2014.4548,      NaN,      NaN,       0.48,     0.47,       0.48,     0.47
2014, 07,   41835, 2014.5370,      NaN,      NaN,       0.56,     0.48,       0.56,     0.48
2014, 08,   41866, 2014.6219,     0.89,     0.56,       0.89,     0.56,       0.89,     0.56
2014, 09,   41897, 2014.7068,      NaN,      NaN,       0.81,     0.62,       0.81,     0.62
2014, 10,   41927, 2014.7890,     1.06,     0.90,       0.82,     0.66,       1.06,     0.90
2014, 11,   41958, 2014.8740,     1.07,     0.81,       0.99,     0.72,       1.07,     0.81
2014, 12,   41988, 2014.9562,     1.01,     1.04,       0.73,     0.76,       1.01,     1.04
2015, 01,   42019, 2015.0411,      NaN,      NaN,       0.80,     0.79,       0.80,     0.79
2015, 02,   42050, 2015.1260,      NaN,      NaN,       1.12,     0.83,       1.12,     0.83
2015, 03,   42078, 2015.2027,     0.62,     1.23,       0.17,     0.78,       0.62,     1.23
2015, 04,   42109, 2015.2877,     0.57,     1.06,       0.39,     0.87,       0.57,     1.06
2015, 05,   42139, 2015.3699,      NaN,      NaN,       0.90,     0.89,       0.90,     0.89
2015, 06,   42170, 2015.4548,      NaN,      NaN,       0.76,     0.91,       0.76,     0.91
2015, 07,   42200, 2015.5370,     0.97,     1.10,       0.78,     0.92,       0.97,     1.10
2015, 08,   42231, 2015.6219,     1.03,     0.73,       1.23,     0.93,       1.03,     0.73
2015, 09,   42262, 2015.7068,      NaN,      NaN,       1.13,     0.90,       1.13,     0.90
2015, 10,   42292, 2015.7890,      NaN,      NaN,       1.18,     0.90,       1.18,     0.90
2015, 11,   42323, 2015.8740,     1.02,     0.68,       1.26,     0.91,       1.02,     0.68
2015, 12,   42353, 2015.9562,     0.77,     0.58,       1.12,     0.93,       0.77,     0.58
2016, 01,   42384, 2016.0410,     1.00,     0.97,       0.97,     0.94,       1.00,     0.97
2016, 02,   42415, 2016.1257,      NaN,      NaN,       0.63,     0.96,       0.63,     0.96
2016, 03,   42444, 2016.2049,      NaN,      NaN,       0.42,     0.97,       0.42,     0.97
2016, 04,   42475, 2016.2896,     0.93,     1.23,       0.68,     0.98,       0.93,     1.23
2016, 05,   42505, 2016.3716,      NaN,      NaN,       0.92,     0.98,       0.92,     0.98
2016, 06,   42536, 2016.4563,     1.11,     1.15,       0.95,     0.98,       1.11,     1.15
2016, 07,   42566, 2016.5383,      NaN,      NaN,       0.99,     0.99,       0.99,     0.99
2016, 08,   42597, 2016.6230,     1.28,     0.57,       1.69,     0.97,       1.28,     0.57
2016, 09,   42628, 2016.7077,      NaN,      NaN,       1.42,     0.97,       1.42,     0.97
2016, 10,   42658, 2016.7896,      NaN,      NaN,       1.00,     0.96,       1.00,     0.96
2016, 11,   42689, 2016.8743,     1.32,     1.07,       1.19,     0.95,       1.32,     1.07
2016, 12,   42719, 2016.9563,      NaN,      NaN,       1.13,     0.92,       1.13,     0.92
2017, 01,   42750, 2017.0411,      NaN,      NaN,       0.85,     0.91,       0.85,     0.91
2017, 02,   42781, 2017.1260,      NaN,      NaN,       0.52,     0.90,       0.52,     0.90
2017, 03,   42809, 2017.2027,      NaN,      NaN,       0.21,     0.89,       0.21,     0.89
2017, 04,   42840, 2017.2877,      NaN,      NaN,       0.45,     0.87,       0.45,     0.87
2017, 05,   42870, 2017.3699,      NaN,      NaN,       0.72,     0.86,       0.72,     0.86
2017, 06,   42901, 2017.4548,      NaN,      NaN,       0.56,     0.85,       0.56,     0.85
2017, 07,   42931, 2017.5370,      NaN,      NaN,       1.01,     0.84,       1.01,     0.84
2017, 08,   42962, 2017.6219,      NaN,      NaN,       1.54,     0.85,       1.54,     0.85
2017, 09,   42993, 2017.7068,      NaN,      NaN,       1.29,     0.85,       1.29,     0.85
2017, 10,   43023, 2017.7890,      NaN,      NaN,       0.95,     0.85,       0.95,     0.85
2017, 11,   43054, 2017.8740,      NaN,      NaN,       1.09,     0.85,       1.09,     0.85
2017, 12,   43084, 2017.9562,      NaN,      NaN,       1.09,     0.86,       1.09,     0.86
2018, 01,   43115, 2018.0411,      NaN,      NaN,       0.88,     0.88,       0.88,     0.88
2018, 02,   43146, 2018.1260,      NaN,      NaN,       0.62,     0.90,       0.62,     0.90
2018, 03,   43174, 2018.2027,    -0.90,    -0.16,       0.18,     0.93,      -0.90,    -0.16
2018, 04,   43205, 2018.2877,     0.88,     1.34,       0.49,     0.95,       0.88,     1.34
2018, 05,   43235, 2018.3699,     0.70,     0.77,       0.93,     0.99,       0.70,     0.77
2018, 06,   43266, 2018.4548,     0.54,     0.79,       0.78,     1.02,       0.54,     0.79
2018, 07,   43296, 2018.5370,     0.94,     0.84,       1.15,     1.05,       0.94,     0.84
2018, 08,   43327, 2018.6219,     3.69,     2.92,       1.85,     1.08,       3.69,     2.92
2018, 09,   43358, 2018.7068,     1.12,     0.61,       1.61,     1.09,       1.12,     0.61
2018, 10,   43388, 2018.7890,      NaN,      NaN,       1.25,     1.11,       1.25,     1.11
2018, 11,   43419, 2018.8740,      NaN,      NaN,       1.38,     1.11,       1.38,     1.11
2018, 12,   43449, 2018.9562,     1.09,     0.80,       1.39,     1.09,       1.09,     0.80
2019, 01,   43480, 2019.0411,      NaN,      NaN,       1.14,     1.07,       1.14,     1.07
2019, 02,   43511, 2019.1260,     0.91,     1.56,       0.37,     1.02,       0.91,     1.56
2019, 03,   43539, 2019.2027,      NaN,      NaN,       0.16,     0.99,       0.16,     0.99
2019, 04,   43570, 2019.2877,     0.63,     1.01,       0.58,     0.96,       0.63,     1.01
2019, 05,   43600, 2019.3699,     0.82,     0.84,       0.91,     0.92,       0.82,     0.84
2019, 06,   43631, 2019.4548,     0.83,     1.13,       0.58,     0.89,       0.83,     1.13
2019, 07,   43661, 2019.5370,     0.89,     0.66,       1.08,     0.85,       0.89,     0.66
2019, 08,   43692, 2019.6219,      NaN,      NaN,       1.88,     0.81,       1.88,     0.81
2019, 09,   43723, 2019.7068,     0.57,     0.02,       1.32,     0.78,       0.57,     0.02
2019, 10,   43753, 2019.7890,     0.98,     0.89,       0.85,     0.75,       0.98,     0.89
2019, 11,   43784, 2019.8740,     0.96,     0.56,       1.13,     0.73,       0.96,     0.56
2019, 12,   43814, 2019.9562,     1.00,     0.82,       0.90,     0.71,       1.00,     0.82
2020, 01,   43845, 2020.0410,      NaN,      NaN,       0.36,     0.69,       0.36,     0.69
2020, 02,   43876, 2020.1257,    -1.03,    -0.33,      -0.03,     0.67,      -1.03,    -0.33
2020, 03,   43905, 2020.2049,     0.91,     1.83,      -0.26,     0.66,       0.91,     1.83
2020, 04,   43936, 2020.2896,      NaN,      NaN,       0.24,     0.64,       0.24,     0.64
2020, 05,   43966, 2020.3716,      NaN,      NaN,       0.61,     0.63,       0.61,     0.63
2020, 06,   43997, 2020.4563,      NaN,      NaN,       0.28,     0.62,       0.28,     0.62
2020, 07,   44027, 2020.5383,      NaN,      NaN,       0.87,     0.60,       0.87,     0.60
2020, 08,   44058, 2020.6230,      NaN,      NaN,       1.76,     0.59,       1.76,     0.59
2020, 09,   44089, 2020.7077,      NaN,      NaN,       1.16,     0.57,       1.16,     0.57
2020, 10,   44119, 2020.7896,      NaN,      NaN,       0.67,     0.56,       0.67,     0.56
2020, 11,   44150, 2020.8743,      NaN,      NaN,       0.99,     0.55,       0.99,     0.55
2020, 12,   44180, 2020.9563,      NaN,      NaN,       0.74,     0.53,       0.74,     0.53
