"-------------------------------------------------------------------------------------------"
" Monthly average CO2 concentrations (ppm) derived from flask air samples                   "
" Station P                                                                                 "
"                                                                                           "
" Source: R. F. Keeling and S. J. Walker                                                    "
" Scripps CO2 Program ( http://scrippsco2.ucsd.edu )                                        "
" Scripps Institution of Oceanography (SIO)                                                 "
" University of California                                                                  "
" La Jolla, California USA 92093-0244                                                       "
"                                                                                           "
" Status of data and correspondence:                                                        "
"                                                                                           "
" These data are subject to revision based on recalibration of standard gases. Questions    "
" about the data should be directed to Dr. Ralph Keeling (rkeeling AT ucsd.edu) and         "
" Dr. Stephen Walker (sjwalker AT ucsd.edu), Scripps CO2 Program.                           "
"                                                                                           "
" Flask data in this file through 21-Jun-1981  last updated 15-May-2022                     "
"                                                                                           "
"-------------------------------------------------------------------------------------------"
"                                                                                           "
" Please cite as:                                                                           "
"                                                                                           "
" C. D. Keeling, S. C. Piper, R. B. Bacastow, M. Wahlen, T. P. Whorf, M. Heimann, and       "
" H. A. Meijer, Exchanges of atmospheric CO2 and 13CO2 with the terrestrial biosphere and   "
" oceans from 1978 to 2000.  I. Global aspects, SIO Reference Series, No. 01-06, Scripps    "
" Institution of Oceanography, San Diego, 88 pages, 2001.                                   "
"                                                                                           "
" If it is necessary to cite a peer-reviewed article, please cite as:                       "
"                                                                                           "
" C. D. Keeling, S. C. Piper, R. B. Bacastow, M. Wahlen, T. P. Whorf, M. Heimann, and       "
" H. A. Meijer, Atmospheric CO2 and 13CO2 exchange with the terrestrial biosphere and       "
" oceans from 1978 to 2000: observations and carbon cycle implications, pages 83-113,       "
" in "A History of Atmospheric CO2 and its effects on Plants, Animals, and Ecosystems",     "
" editors, Ehleringer, J.R., T. E. Cerling, M. D. Dearing, Springer Verlag,                 "
" New York, 2005.                                                                           "
"                                                                                           "
"-------------------------------------------------------------------------------------------"
"                                                                                           "
" The data file below contains 10 columns.  Columns 1-4 give the dates in several redundant "
" formats. Column 5 below gives monthly CO2 concentrations in micro-mol CO2 per mole (ppm)  "
" reported on the 20 SIO manometric mole fraction scale.  This is the standard           "
" version of the data most often sought.  The monthly values have been adjusted             "
" to 24:00 hours on the 15th of each month.  Column 6 gives the same data after a seasonal  "
" adjustment to remove the quasi-regular seasonal cycle.  The adjustment involves           "
" subtracting from the data a 4-harmonic fit with a linear gain factor.  Column 7 is a      "
" smoothed version of the data generated from a stiff cubic spline function plus 4-harmonic "
" functions with linear gain.  Column 8 is the same smoothed version with the seasonal      "
" cycle removed.  Column 9 is identical to Column 5 except that the missing values from     "
" Column 5 have been filled with values from Column 7.  Column 10 is identical to Column 6  "
" except missing values have been filled with values from Column 8.  Missing values are     "
" denoted by -99.99                                                                         "
  Yr, Mn,    Date,      Date,     CO2,seasonally,        fit,  seasonally,      CO2, seasonally
    ,   ,        ,          ,        ,  adjusted,           ,adjusted fit,   filled,adjusted filled
    ,   ,   Excel,          ,     ppm,      ppm,        ppm,      ppm,       ppm,      ppm
1969, 01,   25218, 1969.0411,   -99.99,   -99.99,     326.58,   324.94,     326.58,   324.94
1969, 02,   25249, 1969.1260,   -99.99,   -99.99,     327.29,   325.03,     327.29,   325.03
1969, 03,   25277, 1969.2027,   -99.99,   -99.99,     328.45,   325.10,     328.45,   325.10
1969, 04,   25308, 1969.2877,   -99.99,   -99.99,     329.72,   325.19,     329.72,   325.19
1969, 05,   25338, 1969.3699,   330.17,   325.32,     330.12,   325.27,     330.17,   325.32
1969, 06,   25369, 1969.4548,   328.56,   325.82,     328.09,   325.35,     328.56,   325.82
1969, 07,   25399, 1969.5370,   321.64,   324.59,     322.48,   325.43,     321.64,   324.59
1969, 08,   25430, 1969.6219,   317.89,   325.91,     317.51,   325.52,     317.89,   325.91
1969, 09,   25461, 1969.7068,   319.42,   326.14,     318.89,   325.60,     319.42,   326.14
1969, 10,   25491, 1969.7890,   323.11,   325.55,     323.24,   325.69,     323.11,   325.55
1969, 11,   25522, 1969.8740,   325.59,   325.54,     325.83,   325.78,     325.59,   325.54
1969, 12,   25552, 1969.9562,   326.65,   325.64,     326.89,   325.88,     326.65,   325.64
1970, 01,   25583, 1970.0411,   327.17,   325.53,     327.62,   325.98,     327.17,   325.53
1970, 02,   25614, 1970.1260,   328.51,   326.24,     328.37,   326.10,     328.51,   326.24
1970, 03,   25642, 1970.2027,   328.77,   325.42,     329.56,   326.21,     328.77,   325.42
1970, 04,   25673, 1970.2877,   331.73,   327.20,     330.87,   326.34,     331.73,   327.20
1970, 05,   25703, 1970.3699,   331.32,   326.47,     331.30,   326.45,     331.32,   326.47
1970, 06,   25734, 1970.4548,   328.94,   326.20,     329.30,   326.56,     328.94,   326.20
1970, 07,   25764, 1970.5370,   323.55,   326.50,     323.71,   326.66,     323.55,   326.50
1970, 08,   25795, 1970.6219,   319.66,   327.67,     318.74,   326.75,     319.66,   327.67
1970, 09,   25826, 1970.7068,   320.07,   326.78,     320.10,   326.81,     320.07,   326.78
1970, 10,   25856, 1970.7890,   324.75,   327.20,     324.41,   326.86,     324.75,   327.20
1970, 11,   25887, 1970.8740,   326.81,   326.75,     326.94,   326.88,     326.81,   326.75
1970, 12,   25917, 1970.9562,   327.95,   326.94,     327.91,   326.90,     327.95,   326.94
1971, 01,   25948, 1971.0411,   328.83,   327.19,     328.53,   326.90,     328.83,   327.19
1971, 02,   25979, 1971.1260,   328.79,   326.53,     329.15,   326.89,     328.79,   326.53
1971, 03,   26007, 1971.2027,   329.91,   326.57,     330.23,   326.88,     329.91,   326.57
1971, 04,   26038, 1971.2877,   331.33,   326.80,     331.41,   326.88,     331.33,   326.80
1971, 05,   26068, 1971.3699,   331.75,   326.90,     331.73,   326.88,     331.75,   326.90
1971, 06,   26099, 1971.4548,   329.55,   326.81,     329.64,   326.90,     329.55,   326.81
1971, 07,   26129, 1971.5370,   325.54,   328.49,     323.97,   326.92,     325.54,   328.49
1971, 08,   26160, 1971.6219,   317.47,   325.48,     318.95,   326.96,     317.47,   325.48
1971, 09,   26191, 1971.7068,   320.12,   326.83,     320.30,   327.01,     320.12,   326.83
1971, 10,   26221, 1971.7890,   324.63,   327.07,     324.63,   327.08,     324.63,   327.07
1971, 11,   26252, 1971.8740,   327.67,   327.61,     327.22,   327.17,     327.67,   327.61
1971, 12,   26282, 1971.9562,   327.73,   326.72,     328.28,   327.27,     327.73,   326.72
1972, 01,   26313, 1972.0410,   327.69,   326.05,     329.03,   327.39,     327.69,   326.05
1972, 02,   26344, 1972.1257,   330.12,   327.86,     329.78,   327.52,     330.12,   327.86
1972, 03,   26373, 1972.2049,   330.99,   327.61,     331.04,   327.66,     330.99,   327.61
1972, 04,   26404, 1972.2896,   332.44,   327.89,     332.36,   327.81,     332.44,   327.89
1972, 05,   26434, 1972.3716,   333.22,   328.38,     332.80,   327.96,     333.22,   328.38
1972, 06,   26465, 1972.4563,   330.17,   327.50,     330.78,   328.11,     330.17,   327.50
1972, 07,   26495, 1972.5383,   326.01,   329.06,     325.21,   328.26,     326.01,   329.06
1972, 08,   26526, 1972.6230,   320.18,   328.21,     320.39,   328.42,     320.18,   328.21
1972, 09,   26557, 1972.7077,   321.60,   328.27,     321.91,   328.58,     321.60,   328.27
1972, 10,   26587, 1972.7896,   326.08,   328.50,     326.33,   328.75,     326.08,   328.50
1972, 11,   26618, 1972.8743,   -99.99,   -99.99,     328.99,   328.93,     328.99,   328.93
1972, 12,   26648, 1972.9563,   329.99,   328.97,     330.12,   329.10,     329.99,   328.97
1973, 01,   26679, 1973.0411,   330.61,   328.97,     330.93,   329.29,     330.61,   328.97
1973, 02,   26710, 1973.1260,   332.40,   330.13,     331.75,   329.49,     332.40,   330.13
1973, 03,   26738, 1973.2027,   332.86,   329.51,     333.00,   329.66,     332.86,   329.51
1973, 04,   26769, 1973.2877,   334.21,   329.68,     334.37,   329.84,     334.21,   329.68
1973, 05,   26799, 1973.3699,   334.59,   329.75,     334.87,   330.02,     334.59,   329.75
1973, 06,   26830, 1973.4548,   333.22,   330.48,     332.94,   330.20,     333.22,   330.48
1973, 07,   26860, 1973.5370,   327.63,   330.58,     327.41,   330.36,     327.63,   330.58
1973, 08,   26891, 1973.6219,   323.06,   331.07,     322.50,   330.51,     323.06,   331.07
1973, 09,   26922, 1973.7068,   323.89,   330.60,     323.93,   330.64,     323.89,   330.60
1973, 10,   26952, 1973.7890,   328.83,   331.28,     328.31,   330.75,     328.83,   331.28
1973, 11,   26983, 1973.8740,   331.11,   331.06,     330.90,   330.85,     331.11,   331.06
1973, 12,   27013, 1973.9562,   331.82,   330.81,     331.94,   330.93,     331.82,   330.81
1974, 01,   27044, 1974.0411,   331.72,   330.08,     332.64,   331.00,     331.72,   330.08
1974, 02,   27075, 1974.1260,   332.94,   330.67,     333.33,   331.07,     332.94,   330.67
1974, 03,   27103, 1974.2027,   335.14,   331.80,     334.47,   331.13,     335.14,   331.80
1974, 04,   27134, 1974.2877,   334.91,   330.38,     335.73,   331.20,     334.91,   330.38
1974, 05,   27164, 1974.3699,   336.00,   331.15,     336.13,   331.28,     336.00,   331.15
1974, 06,   27195, 1974.4548,   334.06,   331.32,     334.11,   331.38,     334.06,   331.32
1974, 07,   27225, 1974.5370,   328.75,   331.70,     328.52,   331.47,     328.75,   331.70
1974, 08,   27256, 1974.6219,   -99.99,   -99.99,     323.56,   331.57,     323.56,   331.57
1974, 09,   27287, 1974.7068,   325.02,   331.74,     324.97,   331.68,     325.02,   331.74
1974, 10,   27317, 1974.7890,   328.83,   331.27,     329.33,   331.78,     328.83,   331.27
1974, 11,   27348, 1974.8740,   -99.99,   -99.99,     331.94,   331.88,     331.94,   331.88
1974, 12,   27378, 1974.9562,   333.80,   332.79,     332.99,   331.98,     333.80,   332.79
1975, 01,   27409, 1975.0411,   334.22,   332.59,     333.70,   332.06,     334.22,   332.59
1975, 02,   27440, 1975.1260,   335.43,   333.17,     334.40,   332.14,     335.43,   333.17
1975, 03,   27468, 1975.2027,   335.93,   332.59,     335.53,   332.19,     335.93,   332.59
1975, 04,   27499, 1975.2877,   336.69,   332.16,     336.78,   332.25,     336.69,   332.16
1975, 05,   27529, 1975.3699,   336.64,   331.79,     337.15,   332.30,     336.64,   331.79
1975, 06,   27560, 1975.4548,   334.69,   331.95,     335.10,   332.37,     334.69,   331.95
1975, 07,   27590, 1975.5370,   328.72,   331.67,     329.50,   332.45,     328.72,   331.67
1975, 08,   27621, 1975.6219,   323.93,   331.94,     324.54,   332.55,     323.93,   331.94
1975, 09,   27652, 1975.7068,   326.08,   332.79,     325.94,   332.66,     326.08,   332.79
1975, 10,   27682, 1975.7890,   331.01,   333.46,     330.32,   332.77,     331.01,   333.46
1975, 11,   27713, 1975.8740,   -99.99,   -99.99,     332.93,   332.88,     332.93,   332.88
1975, 12,   27743, 1975.9562,   334.56,   333.55,     333.99,   332.98,     334.56,   333.55
1976, 01,   27774, 1976.0410,   333.80,   332.17,     334.72,   333.08,     333.80,   332.17
1976, 02,   27805, 1976.1257,   335.33,   333.07,     335.44,   333.18,     335.33,   333.07
1976, 03,   27834, 1976.2049,   335.82,   332.44,     336.65,   333.27,     335.82,   332.44
1976, 04,   27865, 1976.2896,   339.04,   334.49,     337.90,   333.35,     339.04,   334.49
1976, 05,   27895, 1976.3716,   339.47,   334.63,     338.26,   333.43,     339.47,   334.63
1976, 06,   27926, 1976.4563,   336.09,   333.42,     336.15,   333.49,     336.09,   333.42
1976, 07,   27956, 1976.5383,   330.95,   334.00,     330.48,   333.53,     330.95,   334.00
1976, 08,   27987, 1976.6230,   -99.99,   -99.99,     325.54,   333.58,     325.54,   333.58
1976, 09,   28018, 1976.7077,   -99.99,   -99.99,     326.95,   333.62,     326.95,   333.62
1976, 10,   28048, 1976.7896,   331.45,   333.87,     331.25,   333.68,     331.45,   333.87
1976, 11,   28079, 1976.8743,   332.95,   332.89,     333.81,   333.75,     332.95,   332.89
1976, 12,   28109, 1976.9563,   334.35,   333.34,     334.85,   333.84,     334.35,   333.34
1977, 01,   28140, 1977.0411,   334.77,   333.14,     335.60,   333.96,     334.77,   333.14
1977, 02,   28171, 1977.1260,   336.12,   333.86,     336.37,   334.10,     336.12,   333.86
1977, 03,   28199, 1977.2027,   337.76,   334.42,     337.59,   334.25,     337.76,   334.42
1977, 04,   28230, 1977.2877,   339.35,   334.82,     338.95,   334.42,     339.35,   334.82
1977, 05,   28260, 1977.3699,   339.92,   335.07,     339.44,   334.59,     339.92,   335.07
1977, 06,   28291, 1977.4548,   336.94,   334.20,     337.51,   334.78,     336.94,   334.20
1977, 07,   28321, 1977.5370,   330.62,   333.57,     332.01,   334.96,     330.62,   333.57
1977, 08,   28352, 1977.6219,   -99.99,   -99.99,     327.13,   335.14,     327.13,   335.14
1977, 09,   28383, 1977.7068,   328.61,   335.33,     328.62,   335.33,     328.61,   335.33
1977, 10,   28413, 1977.7890,   -99.99,   -99.99,     333.06,   335.50,     333.06,   335.50
1977, 11,   28444, 1977.8740,   336.35,   336.30,     335.73,   335.67,     336.35,   336.30
1977, 12,   28474, 1977.9562,   336.70,   335.69,     336.84,   335.83,     336.70,   335.69
1978, 01,   28505, 1978.0411,   338.27,   336.63,     337.61,   335.97,     338.27,   336.63
1978, 02,   28536, 1978.1260,   338.16,   335.89,     338.36,   336.10,     338.16,   335.89
1978, 03,   28564, 1978.2027,   339.65,   336.31,     339.54,   336.20,     339.65,   336.31
1978, 04,   28595, 1978.2877,   -99.99,   -99.99,     340.83,   336.30,     340.83,   336.30
1978, 05,   28625, 1978.3699,   341.51,   336.66,     341.24,   336.39,     341.51,   336.66
1978, 06,   28656, 1978.4548,   338.85,   336.12,     339.21,   336.48,     338.85,   336.12
1978, 07,   28686, 1978.5370,   334.36,   337.31,     333.60,   336.55,     334.36,   337.31
1978, 08,   28717, 1978.6219,   327.80,   335.81,     328.62,   336.63,     327.80,   335.81
1978, 09,   28748, 1978.7068,   328.70,   335.41,     330.00,   336.71,     328.70,   335.41
1978, 10,   28778, 1978.7890,   -99.99,   -99.99,     334.34,   336.79,     334.34,   336.79
1978, 11,   28809, 1978.8740,   335.43,   335.38,     336.93,   336.88,     335.43,   335.38
1978, 12,   28839, 1978.9562,   339.64,   338.62,     337.97,   336.96,     339.64,   338.62
1979, 01,   28870, 1979.0411,   338.33,   336.70,     338.68,   337.04,     338.33,   336.70
1979, 02,   28901, 1979.1260,   339.60,   337.33,     339.38,   337.12,     339.60,   337.33
1979, 03,   28929, 1979.2027,   340.13,   336.78,     340.53,   337.19,     340.13,   336.78
1979, 04,   28960, 1979.2877,   341.79,   337.26,     341.80,   337.27,     341.79,   337.26
1979, 05,   28990, 1979.3699,   342.60,   337.75,     342.20,   337.35,     342.60,   337.75
1979, 06,   29021, 1979.4548,   341.45,   338.71,     340.19,   337.46,     341.45,   338.71
1979, 07,   29051, 1979.5370,   334.15,   337.10,     334.62,   337.57,     334.15,   337.10
1979, 08,   29082, 1979.6219,   329.58,   337.59,     329.69,   337.70,     329.58,   337.59
1979, 09,   29113, 1979.7068,   330.77,   337.49,     331.15,   337.86,     330.77,   337.49
1979, 10,   29143, 1979.7890,   335.58,   338.03,     335.58,   338.03,     335.58,   338.03
1979, 11,   29174, 1979.8740,   337.54,   337.48,     338.27,   338.22,     337.54,   337.48
1979, 12,   29204, 1979.9562,   340.16,   339.15,     339.43,   338.41,     340.16,   339.15
1980, 01,   29235, 1980.0410,   339.86,   338.22,     340.26,   338.62,     339.86,   338.22
1980, 02,   29266, 1980.1257,   341.21,   338.95,     341.10,   338.84,     341.21,   338.95
1980, 03,   29295, 1980.2049,   341.51,   338.14,     342.43,   339.05,     341.51,   338.14
1980, 04,   29326, 1980.2896,   343.76,   339.21,     343.82,   339.27,     343.76,   339.21
1980, 05,   29356, 1980.3716,   344.62,   339.78,     344.32,   339.48,     344.62,   339.78
1980, 06,   29387, 1980.4563,   342.65,   339.99,     342.36,   339.69,     342.65,   339.99
1980, 07,   29417, 1980.5383,   336.81,   339.86,     336.82,   339.87,     336.81,   339.86
1980, 08,   29448, 1980.6230,   333.84,   341.87,     332.01,   340.04,     333.84,   341.87
1980, 09,   29479, 1980.7077,   334.32,   340.99,     333.51,   340.19,     334.32,   340.99
1980, 10,   29509, 1980.7896,   337.64,   340.06,     337.88,   340.31,     337.64,   340.06
1980, 11,   29540, 1980.8743,   340.60,   340.54,     340.47,   340.41,     340.60,   340.54
1980, 12,   29570, 1980.9563,   340.52,   339.51,     341.52,   340.50,     340.52,   339.51
1981, 01,   29601, 1981.0411,   342.14,   340.51,     342.23,   340.59,     342.14,   340.51
1981, 02,   29632, 1981.1260,   343.59,   341.33,     342.92,   340.66,     343.59,   341.33
1981, 03,   29660, 1981.2027,   344.26,   340.92,     344.06,   340.71,     344.26,   340.92
1981, 04,   29691, 1981.2877,   345.17,   340.64,     345.29,   340.76,     345.17,   340.64
1981, 05,   29721, 1981.3699,   345.69,   340.84,     345.65,   340.80,     345.69,   340.84
1981, 06,   29752, 1981.4548,   342.86,   340.12,     343.58,   340.84,     342.86,   340.12
1981, 07,   29782, 1981.5370,   -99.99,   -99.99,     337.93,   340.88,     337.93,   340.88
1981, 08,   29813, 1981.6219,   -99.99,   -99.99,     332.90,   340.91,     332.90,   340.91
1981, 09,   29844, 1981.7068,   -99.99,   -99.99,     334.24,   340.95,     334.24,   340.95
1981, 10,   29874, 1981.7890,   -99.99,   -99.99,     338.54,   340.98,     338.54,   340.98
1981, 11,   29905, 1981.8740,   -99.99,   -99.99,     341.08,   341.02,     341.08,   341.02
1981, 12,   29935, 1981.9562,   -99.99,   -99.99,     342.07,   341.06,     342.07,   341.06
