"-------------------------------------------------------------------------------------------"
" Monthly average CO2 concentrations (ppm) derived from flask air samples                   "
" Mauna Loa, Hawaii                                                                         "
"                                                                                           "
" Source: R. F. Keeling and S. J. Walker                                                    "
" Scripps CO2 Program ( http://scrippsco2.ucsd.edu )                                        "
" Scripps Institution of Oceanography (SIO)                                                 "
" University of California                                                                  "
" La Jolla, California USA 92093-0244                                                       "
"                                                                                           "
" Status of data and correspondence:                                                        "
"                                                                                           "
" These data are subject to revision based on recalibration of standard gases. Questions    "
" about the data should be directed to Dr. Ralph Keeling (rkeeling AT ucsd.edu) and         "
" Dr. Stephen Walker (sjwalker AT ucsd.edu), Scripps CO2 Program.                           "
"                                                                                           "
" Flask data from archive dated 19-Apr-2024 10:43:25                                        "
"                                                                                           "
"-------------------------------------------------------------------------------------------"
"                                                                                           "
" Please cite as:                                                                           "
"                                                                                           "
" C. D. Keeling, S. C. Piper, R. B. Bacastow, M. Wahlen, T. P. Whorf, M. Heimann, and       "
" H. A. Meijer, Exchanges of atmospheric CO2 and 13CO2 with the terrestrial biosphere and   "
" oceans from 1978 to 2000.  I. Global aspects, SIO Reference Series, No. 01-06, Scripps    "
" Institution of Oceanography, San Diego, 88 pages, 2001.                                   "
"                                                                                           "
" If it is necessary to cite a peer-reviewed article, please cite as:                       "
"                                                                                           "
" C. D. Keeling, S. C. Piper, R. B. Bacastow, M. Wahlen, T. P. Whorf, M. Heimann, and       "
" H. A. Meijer, Atmospheric CO2 and 13CO2 exchange with the terrestrial biosphere and       "
" oceans from 1978 to 2000: observations and carbon cycle implications, pages 83-113,       "
" in "A History of Atmospheric CO2 and its effects on Plants, Animals, and Ecosystems",     "
" editors, Ehleringer, J.R., T. E. Cerling, M. D. Dearing, Springer Verlag,                 "
" New York, 2005.                                                                           "
"                                                                                           "
"-------------------------------------------------------------------------------------------"
"                                                                                           "
" The data file below contains 10 columns.  Columns 1-4 give the dates in several redundant "
" formats. Column 5 below gives monthly CO2 concentrations in micro-mol CO2 per mole (ppm)  "
" reported on the 2012 SIO manometric mole fraction scale.  This is the standard           "
" version of the data most often sought.  The monthly values have been adjusted             "
" to 24:00 hours on the 15th of each month.  Column 6 gives the same data after a seasonal  "
" adjustment to remove the quasi-regular seasonal cycle.  The adjustment involves           "
" subtracting from the data a 4-harmonic fit with a linear gain factor.  Column 7 is a      "
" smoothed version of the data generated from a stiff cubic spline function plus 4-harmonic "
" functions with linear gain.  Column 8 is the same smoothed version with the seasonal      "
" cycle removed.  Column 9 is identical to Column 5 except that the missing values from     "
" Column 5 have been filled with values from Column 7.  Column 10 is identical to Column 6  "
" except missing values have been filled with values from Column 8.  Missing values are     "
" denoted by -99.99                                                                         "
"                                                                                           "
" CO2 concentrations are reported on the Scripps '12' Calibration scale                     "
"                                                                                           "
  Yr, Mn,    Date,      Date,     CO2,seasonally,        fit,  seasonally,      CO2, seasonally
    ,   ,        ,          ,        ,  adjusted,           ,adjusted fit,   filled,adjusted filled
    ,   ,   Excel,          ,     ppm,      ppm,        ppm,      ppm,       ppm,      ppm
1960, 01,   21930, 1960.0410,      NaN,      NaN,     316.32,   316.23,     316.32,   316.23
1960, 02,   21961, 1960.1257,      NaN,      NaN,     316.97,   316.31,     316.97,   316.31
1960, 03,   21990, 1960.2049,   317.70,   316.29,     317.80,   316.39,     317.70,   316.29
1960, 04,   22021, 1960.2896,   319.08,   316.57,     318.97,   316.47,     319.08,   316.57
1960, 05,   22051, 1960.3716,      NaN,      NaN,     319.48,   316.54,     319.48,   316.54
1960, 06,   22082, 1960.4563,      NaN,      NaN,     318.72,   316.62,     318.72,   316.62
1960, 07,   22112, 1960.5383,      NaN,      NaN,     317.16,   316.70,     317.16,   316.70
1960, 08,   22143, 1960.6230,   315.71,   317.32,     315.17,   316.78,     315.71,   317.32
1960, 09,   22174, 1960.7077,      NaN,      NaN,     313.75,   316.86,     313.75,   316.86
1960, 10,   22204, 1960.7896,   312.85,   315.84,     313.95,   316.94,     312.85,   315.84
1960, 11,   22235, 1960.8743,      NaN,      NaN,     315.27,   317.02,     315.27,   317.02
1960, 12,   22265, 1960.9563,   316.81,   317.46,     316.44,   317.09,     316.81,   317.46
1961, 01,   22296, 1961.0411,   317.41,   317.32,     317.26,   317.17,     317.41,   317.32
1961, 02,   22327, 1961.1260,      NaN,      NaN,     317.91,   317.25,     317.91,   317.25
1961, 03,   22355, 1961.2027,   318.15,   316.76,     318.71,   317.32,     318.15,   316.76
1961, 04,   22386, 1961.2877,      NaN,      NaN,     319.89,   317.40,     319.89,   317.40
1961, 05,   22416, 1961.3699,      NaN,      NaN,     320.42,   317.47,     320.42,   317.47
1961, 06,   22447, 1961.4548,   318.80,   316.66,     319.67,   317.54,     318.80,   316.66
1961, 07,   22477, 1961.5370,   318.91,   318.43,     318.10,   317.61,     318.91,   318.43
1961, 08,   22508, 1961.6219,   315.47,   317.06,     316.09,   317.68,     315.47,   317.06
1961, 09,   22539, 1961.7068,   315.61,   318.73,     314.63,   317.74,     315.61,   318.73
1961, 10,   22569, 1961.7890,   314.92,   317.93,     314.80,   317.80,     314.92,   317.93
1961, 11,   22600, 1961.8740,   316.19,   317.95,     316.10,   317.86,     316.19,   317.95
1961, 12,   22630, 1961.9562,   318.15,   318.81,     317.25,   317.91,     318.15,   318.81
1962, 01,   22661, 1962.0411,   317.09,   317.00,     318.05,   317.96,     317.09,   317.00
1962, 02,   22692, 1962.1260,   318.36,   317.69,     318.68,   318.01,     318.36,   317.69
1962, 03,   22720, 1962.2027,   320.05,   318.65,     319.45,   318.06,     320.05,   318.65
1962, 04,   22751, 1962.2877,   320.30,   317.80,     320.61,   318.11,     320.30,   317.80
1962, 05,   22781, 1962.3699,   321.54,   318.57,     321.12,   318.15,     321.54,   318.57
1962, 06,   22812, 1962.4548,   320.05,   317.91,     320.34,   318.20,     320.05,   317.91
1962, 07,   22842, 1962.5370,   317.99,   317.50,     318.74,   318.25,     317.99,   317.50
1962, 08,   22873, 1962.6219,   317.10,   318.69,     316.70,   318.30,     317.10,   318.69
1962, 09,   22904, 1962.7068,   315.35,   318.48,     315.22,   318.35,     315.35,   318.48
1962, 10,   22934, 1962.7890,   314.67,   317.68,     315.38,   318.40,     314.67,   317.68
1962, 11,   22965, 1962.8740,   316.97,   318.74,     316.69,   318.45,     316.97,   318.74
1962, 12,   22995, 1962.9562,      NaN,      NaN,     317.85,   318.51,     317.85,   318.51
1963, 01,   23026, 1963.0411,      NaN,      NaN,     318.65,   318.56,     318.65,   318.56
1963, 02,   23057, 1963.1260,      NaN,      NaN,     319.28,   318.61,     319.28,   318.61
1963, 03,   23085, 1963.2027,      NaN,      NaN,     320.06,   318.66,     320.06,   318.66
1963, 04,   23116, 1963.2877,      NaN,      NaN,     321.23,   318.71,     321.23,   318.71
1963, 05,   23146, 1963.3699,      NaN,      NaN,     321.74,   318.77,     321.74,   318.77
1963, 06,   23177, 1963.4548,      NaN,      NaN,     320.97,   318.82,     320.97,   318.82
1963, 07,   23207, 1963.5370,      NaN,      NaN,     319.36,   318.87,     319.36,   318.87
1963, 08,   23238, 1963.6219,      NaN,      NaN,     317.32,   318.92,     317.32,   318.92
1963, 09,   23269, 1963.7068,   316.41,   319.55,     315.83,   318.97,     316.41,   319.55
1963, 10,   23299, 1963.7890,      NaN,      NaN,     315.99,   319.02,     315.99,   319.02
1963, 11,   23330, 1963.8740,      NaN,      NaN,     317.29,   319.07,     317.29,   319.07
1963, 12,   23360, 1963.9562,      NaN,      NaN,     318.45,   319.12,     318.45,   319.12
1964, 01,   23391, 1964.0410,      NaN,      NaN,     319.25,   319.16,     319.25,   319.16
1964, 02,   23422, 1964.1257,      NaN,      NaN,     319.88,   319.21,     319.88,   319.21
1964, 03,   23451, 1964.2049,      NaN,      NaN,     320.69,   319.26,     320.69,   319.26
1964, 04,   23482, 1964.2896,      NaN,      NaN,     321.85,   319.31,     321.85,   319.31
1964, 05,   23512, 1964.3716,      NaN,      NaN,     322.34,   319.35,     322.34,   319.35
1964, 06,   23543, 1964.4563,      NaN,      NaN,     321.54,   319.40,     321.54,   319.40
1964, 07,   23573, 1964.5383,      NaN,      NaN,     319.92,   319.45,     319.92,   319.45
1964, 08,   23604, 1964.6230,      NaN,      NaN,     317.87,   319.51,     317.87,   319.51
1964, 09,   23635, 1964.7077,      NaN,      NaN,     316.40,   319.56,     316.40,   319.56
1964, 10,   23665, 1964.7896,      NaN,      NaN,     316.58,   319.61,     316.58,   319.61
1964, 11,   23696, 1964.8743,      NaN,      NaN,     317.90,   319.67,     317.90,   319.67
1964, 12,   23726, 1964.9563,   319.05,   319.71,     319.07,   319.73,     319.05,   319.71
1965, 01,   23757, 1965.0411,   319.93,   319.84,     319.88,   319.79,     319.93,   319.84
1965, 02,   23788, 1965.1260,      NaN,      NaN,     320.53,   319.86,     320.53,   319.86
1965, 03,   23816, 1965.2027,      NaN,      NaN,     321.33,   319.92,     321.33,   319.92
1965, 04,   23847, 1965.2877,   322.63,   320.10,     322.52,   319.99,     322.63,   320.10
1965, 05,   23877, 1965.3699,      NaN,      NaN,     323.06,   320.06,     323.06,   320.06
1965, 06,   23908, 1965.4548,      NaN,      NaN,     322.30,   320.14,     322.30,   320.14
1965, 07,   23938, 1965.5370,   319.25,   318.76,     320.71,   320.22,     319.25,   318.76
1965, 08,   23969, 1965.6219,      NaN,      NaN,     318.69,   320.30,     318.69,   320.30
1965, 09,   24000, 1965.7068,      NaN,      NaN,     317.23,   320.39,     317.23,   320.39
1965, 10,   24030, 1965.7890,      NaN,      NaN,     317.43,   320.48,     317.43,   320.48
1965, 11,   24061, 1965.8740,      NaN,      NaN,     318.79,   320.57,     318.79,   320.57
1965, 12,   24091, 1965.9562,      NaN,      NaN,     320.00,   320.67,     320.00,   320.67
1966, 01,   24122, 1966.0411,   320.51,   320.42,     320.85,   320.76,     320.51,   320.42
1966, 02,   24153, 1966.1260,   321.91,   321.24,     321.54,   320.86,     321.91,   321.24
1966, 03,   24181, 1966.2027,      NaN,      NaN,     322.36,   320.95,     322.36,   320.95
1966, 04,   24212, 1966.2877,   324.44,   321.90,     323.59,   321.05,     324.44,   321.90
1966, 05,   24242, 1966.3699,      NaN,      NaN,     324.15,   321.14,     324.15,   321.14
1966, 06,   24273, 1966.4548,      NaN,      NaN,     323.41,   321.24,     323.41,   321.24
1966, 07,   24303, 1966.5370,      NaN,      NaN,     321.82,   321.33,     321.82,   321.33
1966, 08,   24334, 1966.6219,      NaN,      NaN,     319.80,   321.42,     319.80,   321.42
1966, 09,   24365, 1966.7068,      NaN,      NaN,     318.34,   321.51,     318.34,   321.51
1966, 10,   24395, 1966.7890,   319.35,   322.41,     318.54,   321.60,     319.35,   322.41
1966, 11,   24426, 1966.8740,   319.80,   321.59,     319.89,   321.68,     319.80,   321.59
1966, 12,   24456, 1966.9562,   321.17,   321.83,     321.09,   321.76,     321.17,   321.83
1967, 01,   24487, 1967.0411,      NaN,      NaN,     321.93,   321.84,     321.93,   321.84
1967, 02,   24518, 1967.1260,      NaN,      NaN,     322.60,   321.92,     322.60,   321.92
1967, 03,   24546, 1967.2027,      NaN,      NaN,     323.41,   321.99,     323.41,   321.99
1967, 04,   24577, 1967.2877,      NaN,      NaN,     324.62,   322.07,     324.62,   322.07
1967, 05,   24607, 1967.3699,      NaN,      NaN,     325.16,   322.14,     325.16,   322.14
1967, 06,   24638, 1967.4548,   324.82,   322.64,     324.40,   322.22,     324.82,   322.64
1967, 07,   24668, 1967.5370,   322.73,   322.23,     322.79,   322.29,     322.73,   322.23
1967, 08,   24699, 1967.6219,      NaN,      NaN,     320.74,   322.37,     320.74,   322.37
1967, 09,   24730, 1967.7068,      NaN,      NaN,     319.26,   322.44,     319.26,   322.44
1967, 10,   24760, 1967.7890,      NaN,      NaN,     319.45,   322.52,     319.45,   322.52
1967, 11,   24791, 1967.8740,      NaN,      NaN,     320.79,   322.59,     320.79,   322.59
1967, 12,   24821, 1967.9562,      NaN,      NaN,     322.00,   322.67,     322.00,   322.67
1968, 01,   24852, 1968.0410,      NaN,      NaN,     322.84,   322.75,     322.84,   322.75
1968, 02,   24883, 1968.1257,      NaN,      NaN,     323.51,   322.84,     323.51,   322.84
1968, 03,   24912, 1968.2049,   323.31,   321.85,     324.37,   322.92,     323.31,   321.85
1968, 04,   24943, 1968.2896,      NaN,      NaN,     325.59,   323.01,     325.59,   323.01
1968, 05,   24973, 1968.3716,   326.23,   323.20,     326.12,   323.10,     326.23,   323.20
1968, 06,   25004, 1968.4563,      NaN,      NaN,     325.36,   323.20,     325.36,   323.20
1968, 07,   25034, 1968.5383,   323.56,   323.10,     323.76,   323.29,     323.56,   323.10
1968, 08,   25065, 1968.6230,   322.54,   324.20,     321.74,   323.40,     322.54,   324.20
1968, 09,   25096, 1968.7077,      NaN,      NaN,     320.30,   323.50,     320.30,   323.50
1968, 10,   25126, 1968.7896,   319.41,   322.49,     320.53,   323.61,     319.41,   322.49
1968, 11,   25157, 1968.8743,   321.00,   322.80,     321.92,   323.72,     321.00,   322.80
1968, 12,   25187, 1968.9563,   323.08,   323.76,     323.16,   323.83,     323.08,   323.76
1969, 01,   25218, 1969.0411,   324.30,   324.21,     324.04,   323.95,     324.30,   324.21
1969, 02,   25249, 1969.1260,   324.17,   323.49,     324.74,   324.06,     324.17,   323.49
1969, 03,   25277, 1969.2027,      NaN,      NaN,     325.60,   324.17,     325.60,   324.17
1969, 04,   25308, 1969.2877,   326.56,   324.00,     326.85,   324.28,     326.56,   324.00
1969, 05,   25338, 1969.3699,   328.14,   325.10,     327.43,   324.39,     328.14,   325.10
1969, 06,   25369, 1969.4548,   326.71,   324.52,     326.69,   324.50,     326.71,   324.52
1969, 07,   25399, 1969.5370,      NaN,      NaN,     325.10,   324.60,     325.10,   324.60
1969, 08,   25430, 1969.6219,   323.69,   325.33,     323.06,   324.70,     323.69,   325.33
1969, 09,   25461, 1969.7068,   322.28,   325.48,     321.58,   324.79,     322.28,   325.48
1969, 10,   25491, 1969.7890,   321.02,   324.11,     321.78,   324.88,     321.02,   324.11
1969, 11,   25522, 1969.8740,   323.39,   325.20,     323.15,   324.96,     323.39,   325.20
1969, 12,   25552, 1969.9562,   323.54,   324.22,     324.36,   325.04,     323.54,   324.22
1970, 01,   25583, 1970.0411,   325.25,   325.16,     325.20,   325.11,     325.25,   325.16
1970, 02,   25614, 1970.1260,      NaN,      NaN,     325.87,   325.18,     325.87,   325.18
1970, 03,   25642, 1970.2027,   326.82,   325.38,     326.68,   325.24,     326.82,   325.38
1970, 04,   25673, 1970.2877,   328.25,   325.67,     327.88,   325.31,     328.25,   325.67
1970, 05,   25703, 1970.3699,   328.33,   325.28,     328.42,   325.37,     328.33,   325.28
1970, 06,   25734, 1970.4548,      NaN,      NaN,     327.63,   325.43,     327.63,   325.43
1970, 07,   25764, 1970.5370,   325.95,   325.45,     325.99,   325.49,     325.95,   325.45
1970, 08,   25795, 1970.6219,   323.36,   325.01,     323.90,   325.54,     323.36,   325.01
1970, 09,   25826, 1970.7068,   323.72,   326.94,     322.38,   325.60,     323.72,   326.94
1970, 10,   25856, 1970.7890,   323.11,   326.21,     322.55,   325.66,     323.11,   326.21
1970, 11,   25887, 1970.8740,   324.32,   326.14,     323.89,   325.71,     324.32,   326.14
1970, 12,   25917, 1970.9562,      NaN,      NaN,     325.09,   325.77,     325.09,   325.77
1971, 01,   25948, 1971.0411,   326.06,   325.97,     325.92,   325.83,     326.06,   325.97
1971, 02,   25979, 1971.1260,   326.89,   326.21,     326.58,   325.89,     326.89,   326.21
1971, 03,   26007, 1971.2027,   327.04,   325.60,     327.40,   325.96,     327.04,   325.60
1971, 04,   26038, 1971.2877,   327.21,   324.63,     328.62,   326.04,     327.21,   324.63
1971, 05,   26068, 1971.3699,   328.54,   325.48,     329.18,   326.12,     328.54,   325.48
1971, 06,   26099, 1971.4548,      NaN,      NaN,     328.42,   326.21,     328.42,   326.21
1971, 07,   26129, 1971.5370,   326.87,   326.36,     326.81,   326.31,     326.87,   326.36
1971, 08,   26160, 1971.6219,   325.61,   327.26,     324.76,   326.41,     325.61,   327.26
1971, 09,   26191, 1971.7068,   323.52,   326.74,     323.30,   326.52,     323.52,   326.74
1971, 10,   26221, 1971.7890,      NaN,      NaN,     323.52,   326.63,     323.52,   326.63
1971, 11,   26252, 1971.8740,      NaN,      NaN,     324.93,   326.76,     324.93,   326.76
1971, 12,   26282, 1971.9562,   326.01,   326.69,     326.20,   326.88,     326.01,   326.69
1972, 01,   26313, 1972.0410,   326.78,   326.69,     327.10,   327.01,     326.78,   326.69
1972, 02,   26344, 1972.1257,   328.18,   327.49,     327.82,   327.14,     328.18,   327.49
1972, 03,   26373, 1972.2049,   328.56,   327.09,     328.74,   327.27,     328.56,   327.09
1972, 04,   26404, 1972.2896,   329.89,   327.27,     330.02,   327.41,     329.89,   327.27
1972, 05,   26434, 1972.3716,   330.48,   327.41,     330.61,   327.54,     330.48,   327.41
1972, 06,   26465, 1972.4563,   329.34,   327.15,     329.88,   327.69,     329.34,   327.15
1972, 07,   26495, 1972.5383,   328.72,   328.24,     328.30,   327.83,     328.72,   328.24
1972, 08,   26526, 1972.6230,   326.86,   328.54,     326.29,   327.97,     326.86,   328.54
1972, 09,   26557, 1972.7077,   324.72,   327.96,     324.87,   328.11,     324.72,   327.96
1972, 10,   26587, 1972.7896,   325.16,   328.27,     325.13,   328.25,     325.16,   328.27
1972, 11,   26618, 1972.8743,   326.72,   328.54,     326.57,   328.39,     326.72,   328.54
1972, 12,   26648, 1972.9563,   327.81,   328.49,     327.84,   328.53,     327.81,   328.49
1973, 01,   26679, 1973.0411,   328.67,   328.58,     328.75,   328.66,     328.67,   328.58
1973, 02,   26710, 1973.1260,   329.18,   328.49,     329.48,   328.79,     329.18,   328.49
1973, 03,   26738, 1973.2027,   330.11,   328.67,     330.35,   328.91,     330.11,   328.67
1973, 04,   26769, 1973.2877,   331.36,   328.76,     331.63,   329.03,     331.36,   328.76
1973, 05,   26799, 1973.3699,   332.65,   329.57,     332.22,   329.14,     332.65,   329.57
1973, 06,   26830, 1973.4548,   332.00,   329.77,     331.47,   329.25,     332.00,   329.77
1973, 07,   26860, 1973.5370,   330.38,   329.87,     329.85,   329.34,     330.38,   329.87
1973, 08,   26891, 1973.6219,   328.96,   330.62,     327.77,   329.44,     328.96,   330.62
1973, 09,   26922, 1973.7068,      NaN,      NaN,     326.27,   329.52,     326.27,   329.52
1973, 10,   26952, 1973.7890,   327.23,   330.36,     326.46,   329.59,     327.23,   330.36
1973, 11,   26983, 1973.8740,   328.46,   330.29,     327.83,   329.66,     328.46,   330.29
1973, 12,   27013, 1973.9562,   329.22,   329.91,     329.04,   329.73,     329.22,   329.91
1974, 01,   27044, 1974.0411,   329.96,   329.87,     329.88,   329.79,     329.96,   329.87
1974, 02,   27075, 1974.1260,   329.50,   328.80,     330.54,   329.85,     329.50,   328.80
1974, 03,   27103, 1974.2027,   329.81,   328.35,     331.36,   329.91,     329.81,   328.35
1974, 04,   27134, 1974.2877,   332.47,   329.86,     332.58,   329.97,     332.47,   329.86
1974, 05,   27164, 1974.3699,   332.66,   329.57,     333.13,   330.04,     332.66,   329.57
1974, 06,   27195, 1974.4548,   331.52,   329.29,     332.34,   330.11,     331.52,   329.29
1974, 07,   27225, 1974.5370,   331.02,   330.51,     330.69,   330.18,     331.02,   330.51
1974, 08,   27256, 1974.6219,   328.99,   330.66,     328.59,   330.26,     328.99,   330.66
1974, 09,   27287, 1974.7068,   326.75,   330.01,     327.08,   330.34,     326.75,   330.01
1974, 10,   27317, 1974.7890,   327.82,   330.97,     327.27,   330.42,     327.82,   330.97
1974, 11,   27348, 1974.8740,   328.84,   330.69,     328.65,   330.50,     328.84,   330.69
1974, 12,   27378, 1974.9562,   330.43,   331.12,     329.89,   330.57,     330.43,   331.12
1975, 01,   27409, 1975.0411,      NaN,      NaN,     330.75,   330.65,     330.75,   330.65
1975, 02,   27440, 1975.1260,   331.10,   330.40,     331.43,   330.74,     331.10,   330.40
1975, 03,   27468, 1975.2027,   332.12,   330.66,     332.27,   330.81,     332.12,   330.66
1975, 04,   27499, 1975.2877,   333.27,   330.66,     333.51,   330.89,     333.27,   330.66
1975, 05,   27529, 1975.3699,   334.28,   331.17,     334.08,   330.97,     334.28,   331.17
1975, 06,   27560, 1975.4548,   332.51,   330.27,     333.30,   331.06,     332.51,   330.27
1975, 07,   27590, 1975.5370,   331.87,   331.36,     331.65,   331.14,     331.87,   331.36
1975, 08,   27621, 1975.6219,   329.94,   331.62,     329.55,   331.22,     329.94,   331.62
1975, 09,   27652, 1975.7068,   329.17,   332.44,     328.03,   331.31,     329.17,   332.44
1975, 10,   27682, 1975.7890,   328.36,   331.52,     328.23,   331.39,     328.36,   331.52
1975, 11,   27713, 1975.8740,   329.04,   330.89,     329.62,   331.47,     329.04,   330.89
1975, 12,   27743, 1975.9562,   330.75,   331.44,     330.86,   331.55,     330.75,   331.44
1976, 01,   27774, 1976.0410,   331.24,   331.15,     331.73,   331.63,     331.24,   331.15
1976, 02,   27805, 1976.1257,   332.79,   332.10,     332.42,   331.72,     332.79,   332.10
1976, 03,   27834, 1976.2049,   334.27,   332.78,     333.29,   331.80,     334.27,   332.78
1976, 04,   27865, 1976.2896,   334.73,   332.07,     334.54,   331.89,     334.73,   332.07
1976, 05,   27895, 1976.3716,   334.65,   331.54,     335.09,   331.98,     334.65,   331.54
1976, 06,   27926, 1976.4563,   334.72,   332.49,     334.30,   332.08,     334.72,   332.49
1976, 07,   27956, 1976.5383,   332.37,   331.88,     332.65,   332.17,     332.37,   331.88
1976, 08,   27987, 1976.6230,   330.62,   332.32,     330.58,   332.28,     330.62,   332.32
1976, 09,   28018, 1976.7077,   328.78,   332.08,     329.10,   332.39,     328.78,   332.08
1976, 10,   28048, 1976.7896,   328.52,   331.68,     329.35,   332.51,     328.52,   331.68
1976, 11,   28079, 1976.8743,   330.74,   332.59,     330.78,   332.63,     330.74,   332.59
1976, 12,   28109, 1976.9563,   332.20,   332.89,     332.07,   332.76,     332.20,   332.89
1977, 01,   28140, 1977.0411,   333.13,   333.03,     333.00,   332.90,     333.13,   333.03
1977, 02,   28171, 1977.1260,   333.10,   332.40,     333.75,   333.05,     333.10,   332.40
1977, 03,   28199, 1977.2027,   334.33,   332.86,     334.66,   333.19,     334.33,   332.86
1977, 04,   28230, 1977.2877,   336.20,   333.57,     335.98,   333.35,     336.20,   333.57
1977, 05,   28260, 1977.3699,   336.72,   333.60,     336.63,   333.50,     336.72,   333.60
1977, 06,   28291, 1977.4548,   336.47,   334.21,     335.92,   333.67,     336.47,   334.21
1977, 07,   28321, 1977.5370,   334.93,   334.41,     334.34,   333.83,     334.93,   334.41
1977, 08,   28352, 1977.6219,   331.66,   333.34,     332.31,   334.00,     331.66,   333.34
1977, 09,   28383, 1977.7068,   330.79,   334.08,     330.87,   334.16,     330.79,   334.08
1977, 10,   28413, 1977.7890,   330.39,   333.57,     331.15,   334.32,     330.39,   333.57
1977, 11,   28444, 1977.8740,   332.58,   334.44,     332.63,   334.49,     332.58,   334.44
1977, 12,   28474, 1977.9562,   334.14,   334.83,     333.95,   334.65,     334.14,   334.83
1978, 01,   28505, 1978.0411,   335.38,   335.29,     334.90,   334.80,     335.38,   335.29
1978, 02,   28536, 1978.1260,   336.14,   335.44,     335.66,   334.96,     336.14,   335.44
1978, 03,   28564, 1978.2027,   337.06,   335.58,     336.57,   335.09,     337.06,   335.58
1978, 04,   28595, 1978.2877,      NaN,      NaN,     337.88,   335.24,     337.88,   335.24
1978, 05,   28625, 1978.3699,      NaN,      NaN,     338.51,   335.37,     338.51,   335.37
1978, 06,   28656, 1978.4548,   337.75,   335.49,     337.77,   335.51,     337.75,   335.49
1978, 07,   28686, 1978.5370,   336.64,   336.13,     336.15,   335.63,     336.64,   336.13
1978, 08,   28717, 1978.6219,      NaN,      NaN,     334.07,   335.76,     334.07,   335.76
1978, 09,   28748, 1978.7068,   332.80,   336.11,     332.58,   335.89,     332.80,   336.11
1978, 10,   28778, 1978.7890,      NaN,      NaN,     332.82,   336.01,     332.82,   336.01
1978, 11,   28809, 1978.8740,   334.31,   336.18,     334.26,   336.13,     334.31,   336.18
1978, 12,   28839, 1978.9562,   335.06,   335.75,     335.55,   336.25,     335.06,   335.75
1979, 01,   28870, 1979.0411,   336.43,   336.33,     336.46,   336.37,     336.43,   336.33
1979, 02,   28901, 1979.1260,   336.94,   336.24,     337.20,   336.50,     336.94,   336.24
1979, 03,   28929, 1979.2027,   338.43,   336.95,     338.09,   336.61,     338.43,   336.95
1979, 04,   28960, 1979.2877,   338.46,   335.80,     339.40,   336.74,     338.46,   335.80
1979, 05,   28990, 1979.3699,   339.45,   336.31,     340.02,   336.87,     339.45,   336.31
1979, 06,   29021, 1979.4548,   339.01,   336.74,     339.28,   337.01,     339.01,   336.74
1979, 07,   29051, 1979.5370,   338.20,   337.68,     337.67,   337.15,     338.20,   337.68
1979, 08,   29082, 1979.6219,   336.20,   337.90,     335.60,   337.29,     336.20,   337.90
1979, 09,   29113, 1979.7068,   333.59,   336.90,     334.12,   337.44,     333.59,   336.90
1979, 10,   29143, 1979.7890,   333.94,   337.13,     334.38,   337.58,     333.94,   337.13
1979, 11,   29174, 1979.8740,   335.65,   337.53,     335.86,   337.73,     335.65,   337.53
1979, 12,   29204, 1979.9562,   337.24,   337.94,     337.18,   337.88,     337.24,   337.94
1980, 01,   29235, 1980.0410,      NaN,      NaN,     338.12,   338.02,     338.12,   338.02
1980, 02,   29266, 1980.1257,   339.32,   338.61,     338.88,   338.17,     339.32,   338.61
1980, 03,   29295, 1980.2049,   340.33,   338.82,     339.82,   338.31,     340.33,   338.82
1980, 04,   29326, 1980.2896,   340.38,   337.69,     341.14,   338.46,     340.38,   337.69
1980, 05,   29356, 1980.3716,   341.73,   338.57,     341.75,   338.60,     341.73,   338.57
1980, 06,   29387, 1980.4563,   341.01,   338.76,     340.99,   338.74,     341.01,   338.76
1980, 07,   29417, 1980.5383,   338.51,   338.03,     339.36,   338.87,     338.51,   338.03
1980, 08,   29448, 1980.6230,   337.54,   339.27,     337.28,   339.01,     337.54,   339.27
1980, 09,   29479, 1980.7077,   335.67,   339.01,     335.80,   339.14,     335.67,   339.01
1980, 10,   29509, 1980.7896,   336.30,   339.51,     336.06,   339.26,     336.30,   339.51
1980, 11,   29540, 1980.8743,   337.38,   339.25,     337.51,   339.39,     337.38,   339.25
1980, 12,   29570, 1980.9563,      NaN,      NaN,     338.80,   339.50,     338.80,   339.50
1981, 01,   29601, 1981.0411,   339.73,   339.63,     339.71,   339.62,     339.73,   339.63
1981, 02,   29632, 1981.1260,   340.58,   339.87,     340.44,   339.73,     340.58,   339.87
1981, 03,   29660, 1981.2027,   341.31,   339.82,     341.31,   339.83,     341.31,   339.82
1981, 04,   29691, 1981.2877,   343.22,   340.55,     342.60,   339.93,     343.22,   340.55
1981, 05,   29721, 1981.3699,   343.17,   340.01,     343.19,   340.02,     343.17,   340.01
1981, 06,   29752, 1981.4548,   342.31,   340.03,     342.40,   340.11,     342.31,   340.03
1981, 07,   29782, 1981.5370,      NaN,      NaN,     340.72,   340.20,     340.72,   340.20
1981, 08,   29813, 1981.6219,   338.60,   340.31,     338.57,   340.28,     338.60,   340.31
1981, 09,   29844, 1981.7068,   336.93,   340.27,     337.02,   340.36,     336.93,   340.27
1981, 10,   29874, 1981.7890,   336.98,   340.20,     337.22,   340.44,     336.98,   340.20
1981, 11,   29905, 1981.8740,   338.32,   340.21,     338.63,   340.52,     338.32,   340.21
1981, 12,   29935, 1981.9562,   340.09,   340.79,     339.89,   340.59,     340.09,   340.79
1982, 01,   29966, 1982.0411,   340.70,   340.61,     340.76,   340.66,     340.70,   340.61
1982, 02,   29997, 1982.1260,   341.65,   340.94,     341.45,   340.73,     341.65,   340.94
1982, 03,   30025, 1982.2027,   343.25,   341.76,     342.29,   340.80,     343.25,   341.76
1982, 04,   30056, 1982.2877,   344.09,   341.41,     343.54,   340.86,     344.09,   341.41
1982, 05,   30086, 1982.3699,   343.63,   340.46,     344.10,   340.92,     343.63,   340.46
1982, 06,   30117, 1982.4548,   342.58,   340.29,     343.28,   340.99,     342.58,   340.29
1982, 07,   30147, 1982.5370,   342.21,   341.69,     341.58,   341.06,     342.21,   341.69
1982, 08,   30178, 1982.6219,   338.99,   340.71,     339.43,   341.14,     338.99,   340.71
1982, 09,   30209, 1982.7068,   337.65,   341.00,     337.89,   341.24,     337.65,   341.00
1982, 10,   30239, 1982.7890,   337.92,   341.15,     338.11,   341.34,     337.92,   341.15
1982, 11,   30270, 1982.8740,   339.12,   341.01,     339.56,   341.45,     339.12,   341.01
1982, 12,   30300, 1982.9562,   340.35,   341.06,     340.87,   341.58,     340.35,   341.06
1983, 01,   30331, 1983.0411,   341.84,   341.75,     341.82,   341.72,     341.84,   341.75
1983, 02,   30362, 1983.1260,   342.43,   341.72,     342.59,   341.88,     342.43,   341.72
1983, 03,   30390, 1983.2027,   342.72,   341.23,     343.52,   342.02,     342.72,   341.23
1983, 04,   30421, 1983.2877,   345.44,   342.75,     344.88,   342.19,     345.44,   342.75
1983, 05,   30451, 1983.3699,   345.98,   342.79,     345.55,   342.36,     345.98,   342.79
1983, 06,   30482, 1983.4548,   345.30,   343.00,     344.84,   342.54,     345.30,   343.00
1983, 07,   30512, 1983.5370,   343.13,   342.61,     343.24,   342.71,     343.13,   342.61
1983, 08,   30543, 1983.6219,   341.48,   343.20,     341.17,   342.89,     341.48,   343.20
1983, 09,   30574, 1983.7068,   339.83,   343.19,     339.70,   343.06,     339.83,   343.19
1983, 10,   30604, 1983.7890,   340.08,   343.32,     339.98,   343.22,     340.08,   343.32
1983, 11,   30635, 1983.8740,   340.92,   342.82,     341.48,   343.38,     340.92,   342.82
1983, 12,   30665, 1983.9562,   343.16,   343.87,     342.83,   343.54,     343.16,   343.87
1984, 01,   30696, 1984.0410,   343.97,   343.88,     343.78,   343.69,     343.97,   343.88
1984, 02,   30727, 1984.1257,   344.66,   343.95,     344.55,   343.84,     344.66,   343.95
1984, 03,   30756, 1984.2049,   345.49,   343.96,     345.50,   343.96,     345.49,   343.96
1984, 04,   30787, 1984.2896,   347.31,   344.58,     346.82,   344.09,     347.31,   344.58
1984, 05,   30817, 1984.3716,   347.34,   344.14,     347.41,   344.21,     347.34,   344.14
1984, 06,   30848, 1984.4563,   346.83,   344.55,     346.61,   344.33,     346.83,   344.55
1984, 07,   30878, 1984.5383,   345.04,   344.54,     344.93,   344.44,     345.04,   344.54
1984, 08,   30909, 1984.6230,   342.67,   344.42,     342.80,   344.55,     342.67,   344.42
1984, 09,   30940, 1984.7077,   340.73,   344.11,     341.27,   344.65,     340.73,   344.11
1984, 10,   30970, 1984.7896,   341.59,   344.84,     341.50,   344.75,     341.59,   344.84
1984, 11,   31001, 1984.8743,   343.00,   344.90,     342.95,   344.85,     343.00,   344.90
1984, 12,   31031, 1984.9563,   343.87,   344.58,     344.24,   344.95,     343.87,   344.58
1985, 01,   31062, 1985.0411,   344.63,   344.54,     345.15,   345.06,     344.63,   344.54
1985, 02,   31093, 1985.1260,   345.67,   344.95,     345.88,   345.16,     345.67,   344.95
1985, 03,   31121, 1985.2027,   347.33,   345.82,     346.76,   345.26,     347.33,   345.82
1985, 04,   31152, 1985.2877,   347.90,   345.19,     348.07,   345.36,     347.90,   345.19
1985, 05,   31182, 1985.3699,   348.81,   345.60,     348.67,   345.46,     348.81,   345.60
1985, 06,   31213, 1985.4548,   348.18,   345.86,     347.88,   345.56,     348.18,   345.86
1985, 07,   31243, 1985.5370,   346.41,   345.88,     346.18,   345.66,     346.41,   345.88
1985, 08,   31274, 1985.6219,   343.73,   345.46,     344.02,   345.75,     343.73,   345.46
1985, 09,   31305, 1985.7068,   343.10,   346.48,     342.47,   345.85,     343.10,   346.48
1985, 10,   31335, 1985.7890,   342.83,   346.09,     342.68,   345.94,     342.83,   346.09
1985, 11,   31366, 1985.8740,   343.99,   345.90,     344.13,   346.04,     343.99,   345.90
1985, 12,   31396, 1985.9562,   345.03,   345.74,     345.43,   346.14,     345.03,   345.74
1986, 01,   31427, 1986.0411,   346.07,   345.97,     346.34,   346.24,     346.07,   345.97
1986, 02,   31458, 1986.1260,   346.87,   346.15,     347.08,   346.36,     346.87,   346.15
1986, 03,   31486, 1986.2027,   347.96,   346.44,     347.97,   346.46,     347.96,   346.44
1986, 04,   31517, 1986.2877,   349.45,   346.73,     349.30,   346.58,     349.45,   346.73
1986, 05,   31547, 1986.3699,   350.14,   346.92,     349.92,   346.70,     350.14,   346.92
1986, 06,   31578, 1986.4548,   349.29,   346.96,     349.16,   346.83,     349.29,   346.96
1986, 07,   31608, 1986.5370,   347.66,   347.13,     347.49,   346.96,     347.66,   347.13
1986, 08,   31639, 1986.6219,   345.32,   347.06,     345.36,   347.10,     345.32,   347.06
1986, 09,   31670, 1986.7068,   344.34,   347.73,     343.84,   347.24,     344.34,   347.73
1986, 10,   31700, 1986.7890,   344.08,   347.35,     344.11,   347.38,     344.08,   347.35
1986, 11,   31731, 1986.8740,   345.44,   347.36,     345.62,   347.54,     345.44,   347.36
1986, 12,   31761, 1986.9562,   346.55,   347.26,     346.98,   347.69,     346.55,   347.26
1987, 01,   31792, 1987.0411,   347.54,   347.45,     347.96,   347.87,     347.54,   347.45
1987, 02,   31823, 1987.1260,   348.55,   347.82,     348.78,   348.05,     348.55,   347.82
1987, 03,   31851, 1987.2027,   349.49,   347.97,     349.75,   348.23,     349.49,   347.97
1987, 04,   31882, 1987.2877,   350.98,   348.26,     351.17,   348.44,     350.98,   348.26
1987, 05,   31912, 1987.3699,   351.64,   348.41,     351.88,   348.65,     351.64,   348.41
1987, 06,   31943, 1987.4548,   351.47,   349.13,     351.20,   348.87,     351.47,   349.13
1987, 07,   31973, 1987.5370,   349.89,   349.36,     349.62,   349.09,     349.89,   349.36
1987, 08,   32004, 1987.6219,   347.21,   348.95,     347.58,   349.32,     347.21,   348.95
1987, 09,   32035, 1987.7068,   346.57,   349.97,     346.14,   349.55,     346.57,   349.97
1987, 10,   32065, 1987.7890,   346.60,   349.88,     346.48,   349.76,     346.60,   349.88
1987, 11,   32096, 1987.8740,   348.18,   350.10,     348.06,   349.99,     348.18,   350.10
1987, 12,   32126, 1987.9562,   349.29,   350.01,     349.48,   350.20,     349.29,   350.01
1988, 01,   32157, 1988.0410,   350.23,   350.14,     350.51,   350.41,     350.23,   350.14
1988, 02,   32188, 1988.1257,   351.65,   350.93,     351.34,   350.62,     351.65,   350.93
1988, 03,   32217, 1988.2049,   352.41,   350.86,     352.36,   350.81,     352.41,   350.86
1988, 04,   32248, 1988.2896,   353.94,   351.18,     353.76,   351.00,     353.94,   351.18
1988, 05,   32278, 1988.3716,   354.27,   351.04,     354.42,   351.18,     354.27,   351.04
1988, 06,   32309, 1988.4563,   353.65,   351.33,     353.67,   351.36,     353.65,   351.33
1988, 07,   32339, 1988.5383,   352.32,   351.82,     352.02,   351.52,     352.32,   351.82
1988, 08,   32370, 1988.6230,   350.28,   352.05,     349.90,   351.67,     350.28,   352.05
1988, 09,   32401, 1988.7077,   348.78,   352.20,     348.39,   351.81,     348.78,   352.20
1988, 10,   32431, 1988.7896,   348.90,   352.19,     348.65,   351.94,     348.90,   352.19
1988, 11,   32462, 1988.8743,   349.74,   351.67,     350.14,   352.07,     349.74,   351.67
1988, 12,   32492, 1988.9563,   351.32,   352.04,     351.47,   352.18,     351.32,   352.04
1989, 01,   32523, 1989.0411,   352.42,   352.32,     352.40,   352.30,     352.42,   352.32
1989, 02,   32554, 1989.1260,   353.13,   352.40,     353.14,   352.41,     353.13,   352.40
1989, 03,   32582, 1989.2027,   353.57,   352.05,     354.04,   352.51,     353.57,   352.05
1989, 04,   32613, 1989.2877,   355.58,   352.84,     355.36,   352.62,     355.58,   352.84
1989, 05,   32643, 1989.3699,   355.83,   352.58,     355.97,   352.72,     355.83,   352.58
1989, 06,   32674, 1989.4548,   355.54,   353.19,     355.17,   352.82,     355.54,   353.19
1989, 07,   32704, 1989.5370,   353.96,   353.42,     353.46,   352.92,     353.96,   353.42
1989, 08,   32735, 1989.6219,   351.05,   352.80,     351.27,   353.03,     351.05,   352.80
1989, 09,   32766, 1989.7068,   349.27,   352.69,     349.70,   353.13,     349.27,   352.69
1989, 10,   32796, 1989.7890,   349.45,   352.75,     349.93,   353.24,     349.45,   352.75
1989, 11,   32827, 1989.8740,   351.12,   353.06,     351.42,   353.35,     351.12,   353.06
1989, 12,   32857, 1989.9562,   352.14,   352.87,     352.75,   353.47,     352.14,   352.87
1990, 01,   32888, 1990.0411,   353.66,   353.56,     353.69,   353.59,     353.66,   353.56
1990, 02,   32919, 1990.1260,   355.10,   354.37,     354.45,   353.72,     355.10,   354.37
1990, 03,   32947, 1990.2027,   355.62,   354.09,     355.36,   353.83,     355.62,   354.09
1990, 04,   32978, 1990.2877,   356.68,   353.92,     356.71,   353.95,     356.68,   353.92
1990, 05,   33008, 1990.3699,   357.53,   354.27,     357.34,   354.07,     357.53,   354.27
1990, 06,   33039, 1990.4548,   356.50,   354.14,     356.55,   354.20,     356.50,   354.14
1990, 07,   33069, 1990.5370,   355.18,   354.65,     354.85,   354.32,     355.18,   354.65
1990, 08,   33100, 1990.6219,   352.48,   354.24,     352.68,   354.44,     352.48,   354.24
1990, 09,   33131, 1990.7068,   351.01,   354.45,     351.12,   354.56,     351.01,   354.45
1990, 10,   33161, 1990.7890,   351.12,   354.44,     351.37,   354.68,     351.12,   354.44
1990, 11,   33192, 1990.8740,   352.77,   354.71,     352.86,   354.80,     352.77,   354.71
1990, 12,   33222, 1990.9562,   354.62,   355.35,     354.20,   354.92,     354.62,   355.35
1991, 01,   33253, 1991.0411,   354.56,   354.47,     355.13,   355.04,     354.56,   354.47
1991, 02,   33284, 1991.1260,   355.98,   355.25,     355.88,   355.15,     355.98,   355.25
1991, 03,   33312, 1991.2027,   357.35,   355.82,     356.78,   355.25,     357.35,   355.82
1991, 04,   33343, 1991.2877,   358.39,   355.63,     358.11,   355.35,     358.39,   355.63
1991, 05,   33373, 1991.3699,   359.08,   355.81,     358.71,   355.44,     359.08,   355.81
1991, 06,   33404, 1991.4548,   358.20,   355.84,     357.88,   355.52,     358.20,   355.84
1991, 07,   33434, 1991.5370,   355.44,   354.90,     356.14,   355.60,     355.44,   354.90
1991, 08,   33465, 1991.6219,   354.03,   355.79,     353.91,   355.67,     354.03,   355.79
1991, 09,   33496, 1991.7068,   351.89,   355.34,     352.30,   355.75,     351.89,   355.34
1991, 10,   33526, 1991.7890,   352.14,   355.47,     352.49,   355.82,     352.14,   355.47
1991, 11,   33557, 1991.8740,   353.83,   355.78,     353.94,   355.89,     353.83,   355.78
1991, 12,   33587, 1991.9562,   355.18,   355.91,     355.23,   355.95,     355.18,   355.91
1992, 01,   33618, 1992.0410,   356.38,   356.28,     356.12,   356.02,     356.38,   356.28
1992, 02,   33649, 1992.1257,   356.78,   356.05,     356.82,   356.09,     356.78,   356.05
1992, 03,   33678, 1992.2049,   357.88,   356.31,     357.71,   356.14,     357.88,   356.31
1992, 04,   33709, 1992.2896,   359.12,   356.32,     358.99,   356.20,     359.12,   356.32
1992, 05,   33739, 1992.3716,   359.56,   356.28,     359.52,   356.25,     359.56,   356.28
1992, 06,   33770, 1992.4563,   359.37,   357.03,     358.64,   356.29,     359.37,   357.03
1992, 07,   33800, 1992.5383,   356.35,   355.84,     356.84,   356.34,     356.35,   355.84
1992, 08,   33831, 1992.6230,   354.60,   356.39,     354.58,   356.38,     354.60,   356.39
1992, 09,   33862, 1992.7077,   353.42,   356.89,     352.95,   356.42,     353.42,   356.89
1992, 10,   33892, 1992.7896,   353.03,   356.37,     353.13,   356.46,     353.03,   356.37
1992, 11,   33923, 1992.8743,   354.64,   356.59,     354.56,   356.51,     354.64,   356.59
1992, 12,   33953, 1992.9563,   355.75,   356.48,     355.83,   356.55,     355.75,   356.48
1993, 01,   33984, 1993.0411,   356.72,   356.62,     356.70,   356.61,     356.72,   356.62
1993, 02,   34015, 1993.1260,   356.96,   356.22,     357.40,   356.67,     356.96,   356.22
1993, 03,   34043, 1993.2027,   358.37,   356.82,     358.27,   356.73,     358.37,   356.82
1993, 04,   34074, 1993.2877,   359.12,   356.34,     359.58,   356.80,     359.12,   356.34
1993, 05,   34104, 1993.3699,   360.55,   357.26,     360.17,   356.88,     360.55,   357.26
1993, 06,   34135, 1993.4548,   359.58,   357.20,     359.35,   356.97,     359.58,   357.20
1993, 07,   34165, 1993.5370,   357.32,   356.78,     357.60,   357.06,     357.32,   356.78
1993, 08,   34196, 1993.6219,   355.59,   357.37,     355.39,   357.17,     355.59,   357.37
1993, 09,   34227, 1993.7068,   353.36,   356.84,     353.81,   357.28,     353.36,   356.84
1993, 10,   34257, 1993.7890,   353.78,   357.13,     354.05,   357.40,     353.78,   357.13
1993, 11,   34288, 1993.8740,   355.50,   357.47,     355.56,   357.53,     355.50,   357.47
1993, 12,   34318, 1993.9562,   356.84,   357.57,     356.93,   357.66,     356.84,   357.57
1994, 01,   34349, 1994.0411,   358.46,   358.36,     357.90,   357.80,     358.46,   358.36
1994, 02,   34380, 1994.1260,   359.06,   358.32,     358.69,   357.95,     359.06,   358.32
1994, 03,   34408, 1994.2027,   359.57,   358.02,     359.63,   358.08,     359.57,   358.02
1994, 04,   34439, 1994.2877,   361.19,   358.40,     361.02,   358.23,     361.19,   358.40
1994, 05,   34469, 1994.3699,   361.61,   358.30,     361.69,   358.38,     361.61,   358.30
1994, 06,   34500, 1994.4548,   360.99,   358.60,     360.93,   358.54,     360.99,   358.60
1994, 07,   34530, 1994.5370,   358.86,   358.31,     359.25,   358.70,     358.86,   358.31
1994, 08,   34561, 1994.6219,   357.13,   358.91,     357.09,   358.88,     357.13,   358.91
1994, 09,   34592, 1994.7068,   355.02,   358.51,     355.57,   359.05,     355.02,   358.51
1994, 10,   34622, 1994.7890,   355.74,   359.10,     355.87,   359.23,     355.74,   359.10
1994, 11,   34653, 1994.8740,   357.29,   359.26,     357.44,   359.41,     357.29,   359.26
1994, 12,   34683, 1994.9562,   359.53,   360.26,     358.86,   359.59,     359.53,   360.26
1995, 01,   34714, 1995.0411,   360.09,   359.99,     359.88,   359.78,     360.09,   359.99
1995, 02,   34745, 1995.1260,   360.75,   360.01,     360.71,   359.97,     360.75,   360.01
1995, 03,   34773, 1995.2027,   361.94,   360.38,     361.69,   360.13,     361.94,   360.38
1995, 04,   34804, 1995.2877,   363.08,   360.28,     363.11,   360.31,     363.08,   360.28
1995, 05,   34834, 1995.3699,   363.59,   360.27,     363.79,   360.48,     363.59,   360.27
1995, 06,   34865, 1995.4548,   363.49,   361.10,     363.04,   360.65,     363.49,   361.10
1995, 07,   34895, 1995.5370,   361.64,   361.10,     361.36,   360.82,     361.64,   361.10
1995, 08,   34926, 1995.6219,   358.48,   360.27,     359.19,   360.98,     358.48,   360.27
1995, 09,   34957, 1995.7068,   357.99,   361.48,     357.65,   361.14,     357.99,   361.48
1995, 10,   34987, 1995.7890,   357.56,   360.94,     357.93,   361.30,     357.56,   360.94
1995, 11,   35018, 1995.8740,   359.38,   361.36,     359.48,   361.45,     359.38,   361.36
1995, 12,   35048, 1995.9562,   360.56,   361.30,     360.87,   361.60,     360.56,   361.30
1996, 01,   35079, 1996.0410,   362.16,   362.07,     361.85,   361.75,     362.16,   362.07
1996, 02,   35110, 1996.1257,   362.89,   362.15,     362.64,   361.89,     362.89,   362.15
1996, 03,   35139, 1996.2049,   363.92,   362.33,     363.61,   362.02,     363.92,   362.33
1996, 04,   35170, 1996.2896,   364.66,   361.83,     364.98,   362.15,     364.66,   361.83
1996, 05,   35200, 1996.3716,   365.24,   361.92,     365.59,   362.27,     365.24,   361.92
1996, 06,   35231, 1996.4563,   365.28,   362.91,     364.76,   362.39,     365.28,   362.91
1996, 07,   35261, 1996.5383,   363.79,   363.27,     363.01,   362.49,     363.79,   363.27
1996, 08,   35292, 1996.6230,   361.20,   363.02,     360.78,   362.60,     361.20,   363.02
1996, 09,   35323, 1996.7077,   358.85,   362.36,     359.18,   362.69,     358.85,   362.36
1996, 10,   35353, 1996.7896,   359.42,   362.79,     359.41,   362.78,     359.42,   362.79
1996, 11,   35384, 1996.8743,   360.93,   362.91,     360.90,   362.88,     360.93,   362.91
1996, 12,   35414, 1996.9563,   362.12,   362.86,     362.23,   362.97,     362.12,   362.86
1997, 01,   35445, 1997.0411,   363.04,   362.94,     363.16,   363.06,     363.04,   362.94
1997, 02,   35476, 1997.1260,   364.23,   363.48,     363.91,   363.17,     364.23,   363.48
1997, 03,   35504, 1997.2027,   364.78,   363.21,     364.83,   363.27,     364.78,   363.21
1997, 04,   35535, 1997.2877,   366.22,   363.41,     366.20,   363.39,     366.22,   363.41
1997, 05,   35565, 1997.3699,   366.67,   363.33,     366.85,   363.51,     366.67,   363.33
1997, 06,   35596, 1997.4548,   365.55,   363.15,     366.07,   363.66,     365.55,   363.15
1997, 07,   35626, 1997.5370,   364.00,   363.45,     364.36,   363.81,     364.00,   363.45
1997, 08,   35657, 1997.6219,   362.30,   364.10,     362.19,   363.99,     362.30,   364.10
1997, 09,   35688, 1997.7068,   360.11,   363.63,     360.66,   364.18,     360.11,   363.63
1997, 10,   35718, 1997.7890,   360.55,   363.95,     360.99,   364.38,     360.55,   363.95
1997, 11,   35749, 1997.8740,   362.52,   364.51,     362.61,   364.60,     362.52,   364.51
1997, 12,   35779, 1997.9562,   363.99,   364.73,     364.08,   364.82,     363.99,   364.73
1998, 01,   35810, 1998.0411,   365.06,   364.96,     365.17,   365.07,     365.06,   364.96
1998, 02,   35841, 1998.1260,   365.77,   365.02,     366.07,   365.32,     365.77,   365.02
1998, 03,   35869, 1998.2027,   367.09,   365.51,     367.13,   365.55,     367.09,   365.51
1998, 04,   35900, 1998.2877,   368.43,   365.61,     368.64,   365.82,     368.43,   365.61
1998, 05,   35930, 1998.3699,   369.26,   365.91,     369.41,   366.07,     369.26,   365.91
1998, 06,   35961, 1998.4548,   368.82,   366.40,     368.74,   366.32,     368.82,   366.40
1998, 07,   35991, 1998.5370,   367.55,   367.00,     367.11,   366.56,     367.55,   367.00
1998, 08,   36022, 1998.6219,   365.30,   367.10,     364.99,   366.80,     365.30,   367.10
1998, 09,   36053, 1998.7068,   364.18,   367.71,     363.49,   367.02,     364.18,   367.71
1998, 10,   36083, 1998.7890,   364.09,   367.49,     363.81,   367.21,     364.09,   367.49
1998, 11,   36114, 1998.8740,   365.66,   367.66,     365.40,   367.40,     365.66,   367.66
1998, 12,   36144, 1998.9562,   367.52,   368.27,     366.82,   367.56,     367.52,   368.27
1999, 01,   36175, 1999.0411,   367.95,   367.85,     367.81,   367.71,     367.95,   367.85
1999, 02,   36206, 1999.1260,   368.41,   367.66,     368.60,   367.85,     368.41,   367.66
1999, 03,   36234, 1999.2027,   369.33,   367.76,     369.54,   367.96,     369.33,   367.76
1999, 04,   36265, 1999.2877,   371.10,   368.27,     370.91,   368.07,     371.10,   368.27
1999, 05,   36295, 1999.3699,   370.86,   367.50,     371.54,   368.18,     370.86,   367.50
1999, 06,   36326, 1999.4548,   370.50,   368.08,     370.71,   368.29,     370.50,   368.08
1999, 07,   36356, 1999.5370,   369.18,   368.63,     368.94,   368.39,     369.18,   368.63
1999, 08,   36387, 1999.6219,   366.67,   368.48,     366.69,   368.50,     366.67,   368.48
1999, 09,   36418, 1999.7068,   364.67,   368.21,     365.06,   368.60,     364.67,   368.21
1999, 10,   36448, 1999.7890,   365.12,   368.54,     365.29,   368.70,     365.12,   368.54
1999, 11,   36479, 1999.8740,   366.72,   368.72,     366.81,   368.81,     366.72,   368.72
1999, 12,   36509, 1999.9562,   368.38,   369.13,     368.17,   368.91,     368.38,   369.13
2000, 01,   36540, 2000.0410,   369.67,   369.58,     369.12,   369.02,     369.67,   369.58
2000, 02,   36571, 2000.1257,   370.03,   369.28,     369.89,   369.14,     370.03,   369.28
2000, 03,   36600, 2000.2049,   370.70,   369.09,     370.86,   369.24,     370.70,   369.09
2000, 04,   36631, 2000.2896,   372.09,   369.23,     372.23,   369.36,     372.09,   369.23
2000, 05,   36661, 2000.3716,   371.64,   368.27,     372.85,   369.49,     371.64,   368.27
2000, 06,   36692, 2000.4563,   371.58,   369.17,     372.02,   369.62,     371.58,   369.17
2000, 07,   36722, 2000.5383,   370.06,   369.54,     370.28,   369.76,     370.06,   369.54
2000, 08,   36753, 2000.6230,   368.13,   369.98,     368.06,   369.90,     368.13,   369.98
2000, 09,   36784, 2000.7077,   366.98,   370.53,     366.49,   370.05,     366.98,   370.53
2000, 10,   36814, 2000.7896,   367.21,   370.63,     366.77,   370.19,     367.21,   370.63
2000, 11,   36845, 2000.8743,   368.55,   370.55,     368.33,   370.33,     368.55,   370.55
2000, 12,   36875, 2000.9563,   369.93,   370.67,     369.71,   370.46,     369.93,   370.67
2001, 01,   36906, 2001.0411,   371.00,   370.90,     370.69,   370.59,     371.00,   370.90
2001, 02,   36937, 2001.1260,   371.56,   370.81,     371.48,   370.72,     371.56,   370.81
2001, 03,   36965, 2001.2027,   372.70,   371.11,     372.42,   370.83,     372.70,   371.11
2001, 04,   36996, 2001.2877,   373.43,   370.58,     373.80,   370.95,     373.43,   370.58
2001, 05,   37026, 2001.3699,   374.39,   371.01,     374.44,   371.07,     374.39,   371.01
2001, 06,   37057, 2001.4548,   373.70,   371.26,     373.63,   371.19,     373.70,   371.26
2001, 07,   37087, 2001.5370,   371.48,   370.92,     371.86,   371.31,     371.48,   370.92
2001, 08,   37118, 2001.6219,   369.62,   371.44,     369.61,   371.43,     369.62,   371.44
2001, 09,   37149, 2001.7068,   368.08,   371.64,     368.00,   371.56,     368.08,   371.64
2001, 10,   37179, 2001.7890,   368.33,   371.76,     368.26,   371.69,     368.33,   371.76
2001, 11,   37210, 2001.8740,   369.99,   372.01,     369.82,   371.83,     369.99,   372.01
2001, 12,   37240, 2001.9562,   371.44,   372.19,     371.23,   371.98,     371.44,   372.19
2002, 01,   37271, 2002.0411,   372.07,   371.97,     372.23,   372.13,     372.07,   371.97
2002, 02,   37302, 2002.1260,   372.69,   371.94,     373.05,   372.30,     372.69,   371.94
2002, 03,   37330, 2002.2027,   373.96,   372.37,     374.05,   372.45,     373.96,   372.37
2002, 04,   37361, 2002.2877,   374.67,   371.81,     375.50,   372.64,     374.67,   371.81
2002, 05,   37391, 2002.3699,   375.82,   372.44,     376.22,   372.83,     375.82,   372.44
2002, 06,   37422, 2002.4548,   375.84,   373.40,     375.49,   373.04,     375.84,   373.40
2002, 07,   37452, 2002.5370,   373.93,   373.38,     373.81,   373.26,     373.93,   373.38
2002, 08,   37483, 2002.6219,   371.33,   373.16,     371.66,   373.48,     371.33,   373.16
2002, 09,   37514, 2002.7068,   369.75,   373.32,     370.14,   373.71,     369.75,   373.32
2002, 10,   37544, 2002.7890,   370.50,   373.95,     370.50,   373.94,     370.50,   373.95
2002, 11,   37575, 2002.8740,   372.44,   374.46,     372.16,   374.18,     372.44,   374.46
2002, 12,   37605, 2002.9562,   373.96,   374.72,     373.66,   374.41,     373.96,   374.72
2003, 01,   37636, 2003.0411,   374.75,   374.65,     374.75,   374.64,     374.75,   374.65
2003, 02,   37667, 2003.1260,   375.65,   374.89,     375.63,   374.87,     375.65,   374.89
2003, 03,   37695, 2003.2027,   376.91,   375.31,     376.67,   375.07,     376.91,   375.31
2003, 04,   37726, 2003.2877,   378.11,   375.24,     378.16,   375.29,     378.11,   375.24
2003, 05,   37756, 2003.3699,   378.90,   375.50,     378.89,   375.49,     378.90,   375.50
2003, 06,   37787, 2003.4548,   378.62,   376.16,     378.15,   375.69,     378.62,   376.16
2003, 07,   37817, 2003.5370,   376.13,   375.57,     376.44,   375.88,     376.13,   375.57
2003, 08,   37848, 2003.6219,   374.76,   376.60,     374.23,   376.06,     374.76,   376.60
2003, 09,   37879, 2003.7068,   372.66,   376.24,     372.64,   376.23,     372.66,   376.24
2003, 10,   37909, 2003.7890,   372.96,   376.42,     372.93,   376.38,     372.96,   376.42
2003, 11,   37940, 2003.8740,   375.07,   377.10,     374.51,   376.54,     375.07,   377.10
2003, 12,   37970, 2003.9562,   375.69,   376.44,     375.92,   376.68,     375.69,   376.44
2004, 01,   38001, 2004.0410,   376.51,   376.41,     376.92,   376.82,     376.51,   376.41
2004, 02,   38032, 2004.1257,   377.49,   376.73,     377.72,   376.96,     377.49,   376.73
2004, 03,   38061, 2004.2049,   379.23,   377.59,     378.72,   377.09,     379.23,   377.59
2004, 04,   38092, 2004.2896,   380.66,   377.75,     380.12,   377.22,     380.66,   377.75
2004, 05,   38122, 2004.3716,   380.40,   376.99,     380.76,   377.35,     380.40,   376.99
2004, 06,   38153, 2004.4563,   379.69,   377.26,     379.92,   377.49,     379.69,   377.26
2004, 07,   38183, 2004.5383,   377.54,   377.02,     378.16,   377.63,     377.54,   377.02
2004, 08,   38214, 2004.6230,   375.68,   377.54,     375.92,   377.78,     375.68,   377.54
2004, 09,   38245, 2004.7077,   374.09,   377.70,     374.34,   377.94,     374.09,   377.70
2004, 10,   38275, 2004.7896,   374.46,   377.92,     374.64,   378.10,     374.46,   377.92
2004, 11,   38306, 2004.8743,   376.20,   378.23,     376.25,   378.28,     376.20,   378.23
2004, 12,   38336, 2004.9563,   377.55,   378.30,     377.70,   378.46,     377.55,   378.30
2005, 01,   38367, 2005.0411,   378.58,   378.48,     378.75,   378.65,     378.58,   378.48
2005, 02,   38398, 2005.1260,   380.06,   379.29,     379.61,   378.84,     380.06,   379.29
2005, 03,   38426, 2005.2027,   380.72,   379.12,     380.63,   379.02,     380.72,   379.12
2005, 04,   38457, 2005.2877,   382.12,   379.23,     382.11,   379.22,     382.12,   379.23
2005, 05,   38487, 2005.3699,   382.36,   378.94,     382.84,   379.42,     382.36,   378.94
2005, 06,   38518, 2005.4548,   382.02,   379.55,     382.09,   379.62,     382.02,   379.55
2005, 07,   38548, 2005.5370,   381.03,   380.47,     380.38,   379.81,     381.03,   380.47
2005, 08,   38579, 2005.6219,   378.47,   380.32,     378.17,   380.01,     378.47,   380.32
2005, 09,   38610, 2005.7068,   376.38,   379.99,     376.60,   380.21,     376.38,   379.99
2005, 10,   38640, 2005.7890,   377.11,   380.59,     376.91,   380.39,     377.11,   380.59
2005, 11,   38671, 2005.8740,   378.32,   380.36,     378.54,   380.58,     378.32,   380.36
2005, 12,   38701, 2005.9562,   380.03,   380.79,     380.00,   380.76,     380.03,   380.79
2006, 01,   38732, 2006.0411,   381.07,   380.96,     381.04,   380.94,     381.07,   380.96
2006, 02,   38763, 2006.1260,   382.09,   381.32,     381.88,   381.11,     382.09,   381.32
2006, 03,   38791, 2006.2027,   382.48,   380.86,     382.88,   381.27,     382.48,   380.86
2006, 04,   38822, 2006.2877,   384.87,   381.98,     384.33,   381.44,     384.87,   381.98
2006, 05,   38852, 2006.3699,   385.45,   382.02,     385.03,   381.60,     385.45,   382.02
2006, 06,   38883, 2006.4548,   383.98,   381.50,     384.24,   381.76,     383.98,   381.50
2006, 07,   38913, 2006.5370,   382.40,   381.84,     382.48,   381.91,     382.40,   381.84
2006, 08,   38944, 2006.6219,   380.07,   381.92,     380.22,   382.07,     380.07,   381.92
2006, 09,   38975, 2006.7068,   378.52,   382.14,     378.61,   382.23,     378.52,   382.14
2006, 10,   39005, 2006.7890,   379.16,   382.65,     378.89,   382.38,     379.16,   382.65
2006, 11,   39036, 2006.8740,   380.22,   382.26,     380.49,   382.53,     380.22,   382.26
2006, 12,   39066, 2006.9562,   381.50,   382.26,     381.92,   382.68,     381.50,   382.26
2007, 01,   39097, 2007.0411,   383.06,   382.96,     382.94,   382.84,     383.06,   382.96
2007, 02,   39128, 2007.1260,   384.24,   383.47,     383.77,   383.00,     384.24,   383.47
2007, 03,   39156, 2007.2027,   384.47,   382.86,     384.76,   383.14,     384.47,   382.86
2007, 04,   39187, 2007.2877,   386.54,   383.64,     386.20,   383.30,     386.54,   383.64
2007, 05,   39217, 2007.3699,   386.57,   383.13,     386.89,   383.45,     386.57,   383.13
2007, 06,   39248, 2007.4548,   386.04,   383.55,     386.09,   383.61,     386.04,   383.55
2007, 07,   39278, 2007.5370,   384.57,   384.01,     384.32,   383.76,     384.57,   384.01
2007, 08,   39309, 2007.6219,   381.60,   383.46,     382.06,   383.92,     381.60,   383.46
2007, 09,   39340, 2007.7068,   380.31,   383.94,     380.45,   384.08,     380.31,   383.94
2007, 10,   39370, 2007.7890,   380.90,   384.40,     380.73,   384.23,     380.90,   384.40
2007, 11,   39401, 2007.8740,   382.48,   384.54,     382.34,   384.39,     382.48,   384.54
2007, 12,   39431, 2007.9562,   383.92,   384.69,     383.78,   384.55,     383.92,   384.69
2008, 01,   39462, 2008.0410,   385.57,   385.47,     384.81,   384.70,     385.57,   385.47
2008, 02,   39493, 2008.1257,   385.35,   384.58,     385.63,   384.86,     385.35,   384.58
2008, 03,   39522, 2008.2049,   385.96,   384.30,     386.66,   385.00,     385.96,   384.30
2008, 04,   39553, 2008.2896,   387.46,   384.52,     388.10,   385.16,     387.46,   384.52
2008, 05,   39583, 2008.3716,   388.64,   385.19,     388.76,   385.31,     388.64,   385.19
2008, 06,   39614, 2008.4563,   388.19,   385.72,     387.93,   385.47,     388.19,   385.72
2008, 07,   39644, 2008.5383,   386.58,   386.05,     386.15,   385.62,     386.58,   386.05
2008, 08,   39675, 2008.6230,   383.82,   385.71,     383.88,   385.77,     383.82,   385.71
2008, 09,   39706, 2008.7077,   382.86,   386.50,     382.27,   385.92,     382.86,   386.50
2008, 10,   39736, 2008.7896,   382.60,   386.10,     382.56,   386.06,     382.60,   386.10
2008, 11,   39767, 2008.8743,   384.11,   386.16,     384.16,   386.21,     384.11,   386.16
2008, 12,   39797, 2008.9563,   385.48,   386.25,     385.58,   386.35,     385.48,   386.25
2009, 01,   39828, 2009.0411,   386.94,   386.83,     386.60,   386.49,     386.94,   386.83
2009, 02,   39859, 2009.1260,   387.31,   386.54,     387.42,   386.64,     387.31,   386.54
2009, 03,   39887, 2009.2027,   388.39,   386.76,     388.41,   386.78,     388.39,   386.76
2009, 04,   39918, 2009.2877,   389.52,   386.60,     389.86,   386.93,     389.52,   386.60
2009, 05,   39948, 2009.3699,   390.22,   386.75,     390.55,   387.09,     390.22,   386.75
2009, 06,   39979, 2009.4548,   389.63,   387.13,     389.76,   387.26,     389.63,   387.13
2009, 07,   40009, 2009.5370,   387.71,   387.14,     388.00,   387.43,     387.71,   387.14
2009, 08,   40040, 2009.6219,   385.74,   387.61,     385.75,   387.61,     385.74,   387.61
2009, 09,   40071, 2009.7068,   384.36,   388.01,     384.15,   387.80,     384.36,   388.01
2009, 10,   40101, 2009.7890,   384.43,   387.95,     384.47,   387.99,     384.43,   387.95
2009, 11,   40132, 2009.8740,   386.01,   388.07,     386.12,   388.19,     386.01,   388.07
2009, 12,   40162, 2009.9562,   387.45,   388.21,     387.61,   388.38,     387.45,   388.21
2010, 01,   40193, 2010.0411,   388.11,   388.01,     388.69,   388.59,     388.11,   388.01
2010, 02,   40224, 2010.1260,   389.54,   388.77,     389.57,   388.79,     389.54,   388.77
2010, 03,   40252, 2010.2027,   390.73,   389.10,     390.61,   388.98,     390.73,   389.10
2010, 04,   40283, 2010.2877,   392.75,   389.82,     392.12,   389.18,     392.75,   389.82
2010, 05,   40313, 2010.3699,   393.12,   389.65,     392.85,   389.38,     393.12,   389.65
2010, 06,   40344, 2010.4548,   392.41,   389.90,     392.08,   389.57,     392.41,   389.90
2010, 07,   40374, 2010.5370,   390.19,   389.62,     390.32,   389.75,     390.19,   389.62
2010, 08,   40405, 2010.6219,   387.91,   389.78,     388.06,   389.94,     387.91,   389.78
2010, 09,   40436, 2010.7068,   386.36,   390.02,     386.45,   390.11,     386.36,   390.02
2010, 10,   40466, 2010.7890,   387.19,   390.72,     386.75,   390.28,     387.19,   390.72
2010, 11,   40497, 2010.8740,   388.68,   390.75,     388.38,   390.45,     388.68,   390.75
2010, 12,   40527, 2010.9562,   389.79,   390.56,     389.84,   390.61,     389.79,   390.56
2011, 01,   40558, 2011.0411,   391.36,   391.26,     390.88,   390.77,     391.36,   391.26
2011, 02,   40589, 2011.1260,   391.70,   390.92,     391.72,   390.94,     391.70,   390.92
2011, 03,   40617, 2011.2027,   392.23,   390.60,     392.72,   391.08,     392.23,   390.60
2011, 04,   40648, 2011.2877,   393.73,   390.79,     394.19,   391.25,     393.73,   390.79
2011, 05,   40678, 2011.3699,   394.72,   391.24,     394.90,   391.41,     394.72,   391.24
2011, 06,   40709, 2011.4548,   393.54,   391.03,     394.10,   391.59,     393.54,   391.03
2011, 07,   40739, 2011.5370,   392.59,   392.01,     392.34,   391.76,     392.59,   392.01
2011, 08,   40770, 2011.6219,   390.20,   392.08,     390.07,   391.94,     390.20,   392.08
2011, 09,   40801, 2011.7068,   388.60,   392.28,     388.46,   392.13,     388.60,   392.28
2011, 10,   40831, 2011.7890,   389.25,   392.79,     388.77,   392.31,     389.25,   392.79
2011, 11,   40862, 2011.8740,   390.52,   392.60,     390.42,   392.50,     390.52,   392.60
2011, 12,   40892, 2011.9562,   391.99,   392.77,     391.90,   392.68,     391.99,   392.77
2012, 01,   40923, 2012.0410,   393.17,   393.07,     392.97,   392.87,     393.17,   393.07
2012, 02,   40954, 2012.1257,   393.43,   392.65,     393.85,   393.07,     393.43,   392.65
2012, 03,   40983, 2012.2049,   394.44,   392.77,     394.93,   393.26,     394.44,   392.77
2012, 04,   41014, 2012.2896,   396.46,   393.48,     396.44,   393.47,     396.46,   393.48
2012, 05,   41044, 2012.3716,   397.15,   393.66,     397.17,   393.68,     397.15,   393.66
2012, 06,   41075, 2012.4563,   396.12,   393.62,     396.39,   393.90,     396.12,   393.62
2012, 07,   41105, 2012.5383,   394.34,   393.80,     394.66,   394.12,     394.34,   393.80
2012, 08,   41136, 2012.6230,   392.16,   394.08,     392.45,   394.36,     392.16,   394.08
2012, 09,   41167, 2012.7077,   391.14,   394.83,     390.91,   394.60,     391.14,   394.83
2012, 10,   41197, 2012.7896,   391.12,   394.67,     391.29,   394.83,     391.12,   394.67
2012, 11,   41228, 2012.8743,   393.33,   395.40,     393.00,   395.08,     393.33,   395.40
2012, 12,   41258, 2012.9563,   394.65,   395.43,     394.54,   395.31,     394.65,   395.43
2013, 01,   41289, 2013.0411,   395.67,   395.57,     395.66,   395.55,     395.67,   395.57
2013, 02,   41320, 2013.1260,   396.85,   396.06,     396.58,   395.79,     396.85,   396.06
2013, 03,   41348, 2013.2027,   398.04,   396.40,     397.65,   396.00,     398.04,   396.40
2013, 04,   41379, 2013.2877,   398.94,   395.98,     399.18,   396.22,     398.94,   395.98
2013, 05,   41409, 2013.3699,   400.35,   396.85,     399.94,   396.43,     400.35,   396.85
2013, 06,   41440, 2013.4548,   398.90,   396.37,     399.18,   396.65,     398.90,   396.37
2013, 07,   41470, 2013.5370,   397.79,   397.21,     397.42,   396.85,     397.79,   397.21
2013, 08,   41501, 2013.6219,   394.80,   396.87,     395.07,   397.14,     394.80,   396.87
2013, 09,   41532, 2013.7068,   393.53,   397.27,     393.58,   397.32,     393.53,   397.27
2013, 10,   41562, 2013.7890,   394.07,   397.51,     394.05,   397.49,     394.07,   397.51
2013, 11,   41593, 2013.8740,   395.71,   397.65,     395.73,   397.67,     395.71,   397.65
2013, 12,   41623, 2013.9562,   397.31,   398.00,     397.16,   397.84,     397.31,   398.00
2014, 01,   41654, 2014.0411,   398.06,   397.87,     398.21,   398.02,     398.06,   397.87
2014, 02,   41685, 2014.1260,   398.26,   397.52,     398.94,   398.20,     398.26,   397.52
2014, 03,   41713, 2014.2027,   400.18,   398.67,     399.87,   398.36,     400.18,   398.67
2014, 04,   41744, 2014.2877,   401.87,   398.78,     401.62,   398.54,     401.87,   398.78
2014, 05,   41774, 2014.3699,   402.51,   398.81,     402.40,   398.69,     402.51,   398.81
2014, 06,   41805, 2014.4548,   401.72,   399.33,     401.23,   398.84,     401.72,   399.33
2014, 07,   41835, 2014.5370,   399.06,   398.72,     399.30,   398.97,     399.06,   398.72
2014, 08,   41866, 2014.6219,   396.77,   398.83,     397.05,   399.11,     396.77,   398.83
2014, 09,   41897, 2014.7068,   395.51,   399.28,     395.49,   399.25,     395.51,   399.28
2014, 10,   41927, 2014.7890,   395.66,   399.10,     395.95,   399.40,     395.66,   399.10
2014, 11,   41958, 2014.8740,   397.50,   399.39,     397.67,   399.55,     397.50,   399.39
2014, 12,   41988, 2014.9562,   399.42,   400.10,     399.04,   399.71,     399.42,   400.10
2015, 01,   42019, 2015.0411,   400.19,   399.97,     400.10,   399.87,     400.19,   399.97
2015, 02,   42050, 2015.1260,   400.66,   399.89,     400.81,   400.04,     400.66,   399.89
2015, 03,   42078, 2015.2027,   401.55,   400.09,     401.65,   400.19,     401.55,   400.09
2015, 04,   42109, 2015.2877,   403.91,   400.87,     403.42,   400.38,     403.91,   400.87
2015, 05,   42139, 2015.3699,   404.17,   400.48,     404.25,   400.56,     404.17,   400.48
2015, 06,   42170, 2015.4548,   403.07,   400.68,     403.16,   400.77,     403.07,   400.68
2015, 07,   42200, 2015.5370,   401.31,   400.97,     401.32,   400.98,     401.31,   400.97
2015, 08,   42231, 2015.6219,   398.77,   400.85,     399.16,   401.23,     398.77,   400.85
2015, 09,   42262, 2015.7068,   397.65,   401.45,     397.71,   401.50,     397.65,   401.45
2015, 10,   42292, 2015.7890,   398.51,   401.97,     398.33,   401.79,     398.51,   401.97
2015, 11,   42323, 2015.8740,   400.11,   402.05,     400.15,   402.09,     400.11,   402.05
2015, 12,   42353, 2015.9562,   401.64,   402.26,     401.77,   402.39,     401.64,   402.26
2016, 01,   42384, 2016.0410,   402.73,   402.42,     403.02,   402.71,     402.73,   402.42
2016, 02,   42415, 2016.1257,   404.09,   403.29,     403.81,   403.02,     404.09,   403.29
2016, 03,   42444, 2016.2049,   404.74,   403.23,     404.80,   403.29,     404.74,   403.23
2016, 04,   42475, 2016.2896,   407.30,   404.27,     406.60,   403.57,     407.30,   404.27
2016, 05,   42505, 2016.3716,   407.98,   404.30,     407.50,   403.81,     407.98,   404.30
2016, 06,   42536, 2016.4563,   406.15,   403.80,     406.40,   404.04,     406.15,   403.80
2016, 07,   42566, 2016.5383,   404.51,   404.22,     404.53,   404.25,     404.51,   404.22
2016, 08,   42597, 2016.6230,   402.12,   404.23,     402.34,   404.46,     402.12,   404.23
2016, 09,   42628, 2016.7077,   400.33,   404.10,     400.91,   404.68,     400.33,   404.10
2016, 10,   42658, 2016.7896,   401.65,   405.12,     401.43,   404.90,     401.65,   405.12
2016, 11,   42689, 2016.8743,   403.38,   405.35,     403.15,   405.12,     403.38,   405.35
2016, 12,   42719, 2016.9563,   404.50,   405.17,     404.68,   405.34,     404.50,   405.17
2017, 01,   42750, 2017.0411,   405.92,   405.58,     405.90,   405.57,     405.92,   405.58
2017, 02,   42781, 2017.1260,   406.66,   405.82,     406.64,   405.80,     406.66,   405.82
2017, 03,   42809, 2017.2027,   407.20,   405.64,     407.56,   406.00,     407.20,   405.64
2017, 04,   42840, 2017.2877,   408.93,   405.94,     409.16,   406.16,     408.93,   405.94
2017, 05,   42870, 2017.3699,   410.09,   406.47,     409.99,   406.36,     410.09,   406.47
2017, 06,   42901, 2017.4548,   409.29,   406.79,     409.06,   406.56,     409.29,   406.79
2017, 07,   42931, 2017.5370,   406.88,   406.59,     407.02,   406.74,     406.88,   406.59
2017, 08,   42962, 2017.6219,   405.13,   407.25,     404.78,   406.90,     405.13,   407.25
2017, 09,   42993, 2017.7068,   403.17,   406.92,     403.30,   407.05,     403.17,   406.92
2017, 10,   43023, 2017.7890,   403.80,   407.31,     403.66,   407.17,     403.80,   407.31
2017, 11,   43054, 2017.8740,   405.28,   407.25,     405.33,   407.30,     405.28,   407.25
2017, 12,   43084, 2017.9562,   406.65,   407.34,     406.73,   407.42,     406.65,   407.34
2018, 01,   43115, 2018.0411,   408.04,   407.68,     407.90,   407.55,     408.04,   407.68
2018, 02,   43146, 2018.1260,   408.66,   407.72,     408.63,   407.69,     408.66,   407.72
2018, 03,   43174, 2018.2027,   409.43,   407.95,     409.31,   407.83,     409.43,   407.95
2018, 04,   43205, 2018.2877,   410.51,   407.63,     410.90,   408.02,     410.51,   407.63
2018, 05,   43235, 2018.3699,   411.70,   408.02,     411.89,   408.22,     411.70,   408.02
2018, 06,   43266, 2018.4548,   410.26,   407.77,     410.96,   408.46,     410.26,   407.77
2018, 07,   43296, 2018.5370,   408.88,   408.61,     408.99,   408.72,     408.88,   408.61
2018, 08,   43327, 2018.6219,   407.20,   409.30,     406.90,   409.01,     407.20,   409.30
2018, 09,   43358, 2018.7068,   405.56,   409.28,     405.58,   409.31,     405.56,   409.28
2018, 10,   43388, 2018.7890,   406.15,   409.60,     406.13,   409.58,     406.15,   409.60
2018, 11,   43419, 2018.8740,   407.97,   409.93,     407.90,   409.86,     407.97,   409.93
2018, 12,   43449, 2018.9562,   409.32,   409.96,     409.49,   410.13,     409.32,   409.96
2019, 01,   43480, 2019.0411,   410.99,   410.61,     410.76,   410.39,     410.99,   410.61
2019, 02,   43511, 2019.1260,   412.00,   411.09,     411.58,   410.68,     412.00,   411.09
2019, 03,   43539, 2019.2027,   412.22,   410.81,     412.29,   410.88,     412.22,   410.81
2019, 04,   43570, 2019.2877,   413.57,   410.77,     413.89,   411.09,     413.57,   410.77
2019, 05,   43600, 2019.3699,   414.92,   411.24,     414.97,   411.29,     414.92,   411.24
2019, 06,   43631, 2019.4548,   414.23,   411.75,     413.97,   411.50,     414.23,   411.75
2019, 07,   43661, 2019.5370,   411.90,   411.66,     411.93,   411.69,     411.90,   411.66
2019, 08,   43692, 2019.6219,   410.05,   412.11,     409.82,   411.88,     410.05,   412.11
2019, 09,   43723, 2019.7068,   408.35,   412.01,     408.41,   412.07,     408.35,   412.01
2019, 10,   43753, 2019.7890,   408.60,   412.04,     408.82,   412.25,     408.60,   412.04
2019, 11,   43784, 2019.8740,   410.41,   412.39,     410.47,   412.45,     410.41,   412.39
2019, 12,   43814, 2019.9562,   411.88,   412.55,     411.97,   412.64,     411.88,   412.55
2020, 01,   43845, 2020.0410,   413.51,   413.12,     413.24,   412.85,     413.51,   413.12
2020, 02,   43876, 2020.1257,   413.82,   412.88,     414.01,   413.07,     413.82,   412.88
2020, 03,   43905, 2020.2049,   414.46,   413.03,     414.70,   413.28,     414.46,   413.03
2020, 04,   43936, 2020.2896,   416.09,   413.29,     416.31,   413.51,     416.09,   413.29
2020, 05,   43966, 2020.3716,   417.27,   413.64,     417.37,   413.75,     417.27,   413.64
2020, 06,   43997, 2020.4563,   416.59,   414.19,     416.39,   413.99,     416.59,   414.19
2020, 07,   44027, 2020.5383,   414.78,   414.57,     414.42,   414.21,     414.78,   414.57
2020, 08,   44058, 2020.6230,   412.34,   414.40,     412.36,   414.42,     412.34,   414.40
2020, 09,   44089, 2020.7077,   411.40,   415.02,     411.00,   414.62,     411.40,   415.02
2020, 10,   44119, 2020.7896,   411.32,   414.71,     411.41,   414.80,     411.32,   414.71
2020, 11,   44150, 2020.8743,   412.74,   414.69,     413.03,   414.97,     412.74,   414.69
2020, 12,   44180, 2020.9563,   414.12,   414.78,     414.49,   415.15,     414.12,   414.78
2021, 01,   44211, 2021.0411,   415.59,   415.21,     415.72,   415.34,     415.59,   415.21
2021, 02,   44242, 2021.1260,   416.73,   415.80,     416.46,   415.53,     416.73,   415.80
2021, 03,   44270, 2021.2027,   417.25,   415.87,     417.08,   415.70,     417.25,   415.87
2021, 04,   44301, 2021.2877,   418.71,   415.98,     418.60,   415.87,     418.71,   415.98
2021, 05,   44331, 2021.3699,   419.54,   415.96,     419.62,   416.04,     419.54,   415.96
2021, 06,   44362, 2021.4548,   418.72,   416.31,     418.62,   416.20,     418.72,   416.31
2021, 07,   44392, 2021.5370,   416.76,   416.52,     416.61,   416.37,     416.76,   416.52
2021, 08,   44423, 2021.6219,   414.10,   416.10,     414.54,   416.54,     414.10,   416.10
2021, 09,   44454, 2021.7068,   413.03,   416.59,     413.17,   416.73,     413.03,   416.59
2021, 10,   44484, 2021.7890,   413.77,   417.12,     413.58,   416.92,     413.77,   417.12
2021, 11,   44515, 2021.8740,   414.96,   416.88,     415.20,   417.12,     414.96,   416.88
2021, 12,   44545, 2021.9562,   416.97,   417.62,     416.66,   417.32,     416.97,   417.62
2022, 01,   44576, 2022.0411,   418.07,   417.69,     417.89,   417.51,     418.07,   417.69
2022, 02,   44607, 2022.1260,   419.34,   418.42,     418.60,   417.68,     419.34,   418.42
2022, 03,   44635, 2022.2027,   418.84,   417.48,     419.19,   417.83,     418.84,   417.48
2022, 04,   44666, 2022.2877,   420.15,   417.45,     420.68,   417.99,     420.15,   417.45
2022, 05,   44696, 2022.3699,   420.78,   417.25,     421.68,   418.15,     420.78,   417.25
2022, 06,   44727, 2022.4548,   420.99,   418.61,     420.70,   418.32,     420.99,   418.61
2022, 07,   44757, 2022.5370,   418.50,   418.26,     418.72,   418.48,     418.50,   418.26
2022, 08,   44788, 2022.6219,   417.02,   419.00,     416.67,   418.66,     417.02,   419.00
2022, 09,   44819, 2022.7068,   415.58,   419.10,     415.31,   418.83,     415.58,   419.10
2022, 10,   44849, 2022.7890,   415.24,   418.54,     415.70,   419.00,     415.24,   418.54
2022, 11,   44880, 2022.8740,   417.22,   419.12,     417.30,   419.20,     417.22,   419.12
2022, 12,   44910, 2022.9562,   419.15,   419.80,     418.76,   419.40,     419.15,   419.80
2023, 01,   44941, 2023.0411,   419.68,   419.30,     420.00,   419.63,     419.68,   419.30
2023, 02,   44972, 2023.1260,   420.23,   419.32,     420.79,   419.88,     420.23,   419.32
2023, 03,   45000, 2023.2027,   421.03,   419.68,     421.47,   420.12,     421.03,   419.68
2023, 04,   45031, 2023.2877,   423.29,   420.64,     423.05,   420.40,     423.29,   420.64
2023, 05,   45061, 2023.3699,   424.38,   420.90,     424.15,   420.67,     424.38,   420.90
2023, 06,   45092, 2023.4548,   423.55,   421.20,     423.28,   420.94,     423.55,   421.20
2023, 07,   45122, 2023.5370,   421.17,   420.94,     421.42,   421.19,     421.17,   420.94
2023, 08,   45153, 2023.6219,   419.86,   421.81,     419.48,   421.44,     419.86,   421.81
2023, 09,   45184, 2023.7068,   418.59,   422.06,     418.21,   421.68,     418.59,   422.06
2023, 10,   45214, 2023.7890,   418.52,   421.78,     418.64,   421.89,     418.52,   421.78
2023, 11,   45245, 2023.8740,   419.88,   421.75,     420.24,   422.12,     419.88,   421.75
2023, 12,   45275, 2023.9562,   421.53,   422.17,     421.70,   422.34,     421.53,   422.17
2024, 01,   45306, 2024.0410,   422.64,   422.27,     422.94,   422.57,     422.64,   422.27
2024, 02,   45337, 2024.1257,   424.34,   423.44,     423.71,   422.81,     424.34,   423.44
2024, 03,   45366, 2024.2049,   424.70,   423.35,     424.40,   423.04,     424.70,   423.35
2024, 04,   45397, 2024.2896,   426.27,   423.62,     425.95,   423.29,     426.27,   423.62
2024, 05,   45427, 2024.3716,      NaN,      NaN,     426.97,   423.54,     426.97,   423.54
2024, 06,   45458, 2024.4563,      NaN,      NaN,     426.07,   423.79,     426.07,   423.79
2024, 07,   45488, 2024.5383,      NaN,      NaN,     424.22,   424.03,     424.22,   424.03
2024, 08,   45519, 2024.6230,      NaN,      NaN,     422.33,   424.28,     422.33,   424.28
2024, 09,   45550, 2024.7077,      NaN,      NaN,     421.10,   424.53,     421.10,   424.53
2024, 10,   45580, 2024.7896,      NaN,      NaN,     421.56,   424.77,     421.56,   424.77
2024, 11,   45611, 2024.8743,      NaN,      NaN,     423.18,   425.02,     423.18,   425.02
2024, 12,   45641, 2024.9563,      NaN,      NaN,     424.63,   425.26,     424.63,   425.26
