"-------------------------------------------------------------------------------------------"
" Monthly average CO2 concentrations (ppm) derived from flask air samples                   "
" New Zealand                                                                               "
"                                                                                           "
" Source: R. F. Keeling and S. J. Walker                                                    "
" Scripps CO2 Program ( http://scrippsco2.ucsd.edu )                                        "
" Scripps Institution of Oceanography (SIO)                                                 "
" University of California                                                                  "
" La Jolla, California USA 92093-0244                                                       "
"                                                                                           "
" Status of data and correspondence:                                                        "
"                                                                                           "
" These data are subject to revision based on recalibration of standard gases. Questions    "
" about the data should be directed to Dr. Ralph Keeling (rkeeling AT ucsd.edu) and         "
" Dr. Stephen Walker (sjwalker AT ucsd.edu), Scripps CO2 Program.                           "
"                                                                                           "
" Flask data from archive dated 19-Apr-2024 10:43:25                                        "
"                                                                                           "
"-------------------------------------------------------------------------------------------"
"                                                                                           "
" Please cite as:                                                                           "
"                                                                                           "
" C. D. Keeling, S. C. Piper, R. B. Bacastow, M. Wahlen, T. P. Whorf, M. Heimann, and       "
" H. A. Meijer, Exchanges of atmospheric CO2 and 13CO2 with the terrestrial biosphere and   "
" oceans from 1978 to 2000.  I. Global aspects, SIO Reference Series, No. 01-06, Scripps    "
" Institution of Oceanography, San Diego, 88 pages, 2001.                                   "
"                                                                                           "
" If it is necessary to cite a peer-reviewed article, please cite as:                       "
"                                                                                           "
" C. D. Keeling, S. C. Piper, R. B. Bacastow, M. Wahlen, T. P. Whorf, M. Heimann, and       "
" H. A. Meijer, Atmospheric CO2 and 13CO2 exchange with the terrestrial biosphere and       "
" oceans from 1978 to 2000: observations and carbon cycle implications, pages 83-113,       "
" in "A History of Atmospheric CO2 and its effects on Plants, Animals, and Ecosystems",     "
" editors, Ehleringer, J.R., T. E. Cerling, M. D. Dearing, Springer Verlag,                 "
" New York, 2005.                                                                           "
"                                                                                           "
"-------------------------------------------------------------------------------------------"
"                                                                                           "
" The data file below contains 10 columns.  Columns 1-4 give the dates in several redundant "
" formats. Column 5 below gives monthly CO2 concentrations in micro-mol CO2 per mole (ppm)  "
" reported on the 2012 SIO manometric mole fraction scale.  This is the standard           "
" version of the data most often sought.  The monthly values have been adjusted             "
" to 24:00 hours on the 15th of each month.  Column 6 gives the same data after a seasonal  "
" adjustment to remove the quasi-regular seasonal cycle.  The adjustment involves           "
" subtracting from the data a 4-harmonic fit with a linear gain factor.  Column 7 is a      "
" smoothed version of the data generated from a stiff cubic spline function plus 4-harmonic "
" functions with linear gain.  Column 8 is the same smoothed version with the seasonal      "
" cycle removed.  Column 9 is identical to Column 5 except that the missing values from     "
" Column 5 have been filled with values from Column 7.  Column 10 is identical to Column 6  "
" except missing values have been filled with values from Column 8.  Missing values are     "
" denoted by -99.99                                                                         "
"                                                                                           "
" CO2 concentrations are reported on the Scripps '12' Calibration scale                     "
"                                                                                           "
  Yr, Mn,    Date,      Date,     CO2,seasonally,        fit,  seasonally,      CO2, seasonally
    ,   ,        ,          ,        ,  adjusted,           ,adjusted fit,   filled,adjusted filled
    ,   ,   Excel,          ,     ppm,      ppm,        ppm,      ppm,       ppm,      ppm
1977, 01,   28140, 1977.0411,      NaN,      NaN,     330.83,   331.19,     330.83,   331.19
1977, 02,   28171, 1977.1260,      NaN,      NaN,     330.95,   331.37,     330.95,   331.37
1977, 03,   28199, 1977.2027,      NaN,      NaN,     331.27,   331.53,     331.27,   331.53
1977, 04,   28230, 1977.2877,      NaN,      NaN,     331.49,   331.71,     331.49,   331.71
1977, 05,   28260, 1977.3699,      NaN,      NaN,     331.80,   331.89,     331.80,   331.89
1977, 06,   28291, 1977.4548,      NaN,      NaN,     332.28,   332.07,     332.28,   332.07
1977, 07,   28321, 1977.5370,   332.74,   332.33,     332.66,   332.25,     332.74,   332.33
1977, 08,   28352, 1977.6219,      NaN,      NaN,     332.98,   332.43,     332.98,   332.43
1977, 09,   28383, 1977.7068,   332.53,   332.14,     333.01,   332.61,     332.53,   332.14
1977, 10,   28413, 1977.7890,   332.34,   332.34,     332.79,   332.79,     332.34,   332.34
1977, 11,   28444, 1977.8740,   333.79,   333.91,     332.85,   332.97,     333.79,   333.91
1977, 12,   28474, 1977.9562,   333.33,   333.44,     333.02,   333.13,     333.33,   333.44
1978, 01,   28505, 1978.0411,   333.50,   333.86,     332.93,   333.30,     333.50,   333.86
1978, 02,   28536, 1978.1260,   333.28,   333.70,     333.03,   333.45,     333.28,   333.70
1978, 03,   28564, 1978.2027,   332.90,   333.17,     333.31,   333.58,     332.90,   333.17
1978, 04,   28595, 1978.2877,      NaN,      NaN,     333.50,   333.72,     333.50,   333.72
1978, 05,   28625, 1978.3699,   333.24,   333.33,     333.76,   333.85,     333.24,   333.33
1978, 06,   28656, 1978.4548,   333.80,   333.59,     334.20,   333.99,     333.80,   333.59
1978, 07,   28686, 1978.5370,   334.92,   334.51,     334.55,   334.13,     334.92,   334.51
1978, 08,   28717, 1978.6219,   334.13,   333.58,     334.81,   334.26,     334.13,   333.58
1978, 09,   28748, 1978.7068,   335.73,   335.33,     334.80,   334.40,     335.73,   335.33
1978, 10,   28778, 1978.7890,      NaN,      NaN,     334.52,   334.52,     334.52,   334.52
1978, 11,   28809, 1978.8740,   334.45,   334.56,     334.53,   334.65,     334.45,   334.56
1978, 12,   28839, 1978.9562,      NaN,      NaN,     334.65,   334.77,     334.65,   334.77
1979, 01,   28870, 1979.0411,   333.57,   333.93,     334.52,   334.88,     333.57,   333.93
1979, 02,   28901, 1979.1260,   335.22,   335.64,     334.57,   335.00,     335.22,   335.64
1979, 03,   28929, 1979.2027,   335.11,   335.38,     334.83,   335.10,     335.11,   335.38
1979, 04,   28960, 1979.2877,      NaN,      NaN,     334.98,   335.20,     334.98,   335.20
1979, 05,   28990, 1979.3699,   334.63,   334.73,     335.20,   335.30,     334.63,   334.73
1979, 06,   29021, 1979.4548,      NaN,      NaN,     335.61,   335.40,     335.61,   335.40
1979, 07,   29051, 1979.5370,   336.16,   335.74,     335.91,   335.49,     336.16,   335.74
1979, 08,   29082, 1979.6219,   336.35,   335.79,     336.15,   335.59,     336.35,   335.79
1979, 09,   29113, 1979.7068,   336.29,   335.89,     336.09,   335.69,     336.29,   335.89
1979, 10,   29143, 1979.7890,      NaN,      NaN,     335.79,   335.79,     335.79,   335.79
1979, 11,   29174, 1979.8740,   334.89,   335.01,     335.78,   335.90,     334.89,   335.01
1979, 12,   29204, 1979.9562,   335.44,   335.55,     335.91,   336.02,     335.44,   335.55
1980, 01,   29235, 1980.0410,      NaN,      NaN,     335.78,   336.15,     335.78,   336.15
1980, 02,   29266, 1980.1257,   335.74,   336.17,     335.86,   336.29,     335.74,   336.17
1980, 03,   29295, 1980.2049,   336.36,   336.63,     336.16,   336.43,     336.36,   336.63
1980, 04,   29326, 1980.2896,   336.36,   336.58,     336.36,   336.58,     336.36,   336.58
1980, 05,   29356, 1980.3716,   337.10,   337.19,     336.64,   336.73,     337.10,   337.19
1980, 06,   29387, 1980.4563,   337.08,   336.86,     337.10,   336.88,     337.08,   336.86
1980, 07,   29417, 1980.5383,   338.62,   338.19,     337.45,   337.03,     338.62,   338.19
1980, 08,   29448, 1980.6230,   337.43,   336.87,     337.72,   337.16,     337.43,   336.87
1980, 09,   29479, 1980.7077,      NaN,      NaN,     337.70,   337.30,     337.70,   337.30
1980, 10,   29509, 1980.7896,   337.41,   337.42,     337.42,   337.42,     337.41,   337.42
1980, 11,   29540, 1980.8743,   337.75,   337.87,     337.42,   337.54,     337.75,   337.87
1980, 12,   29570, 1980.9563,   337.42,   337.54,     337.54,   337.66,     337.42,   337.54
1981, 01,   29601, 1981.0411,      NaN,      NaN,     337.40,   337.77,     337.40,   337.77
1981, 02,   29632, 1981.1260,   337.22,   337.65,     337.45,   337.88,     337.22,   337.65
1981, 03,   29660, 1981.2027,   337.26,   337.53,     337.70,   337.98,     337.26,   337.53
1981, 04,   29691, 1981.2877,   337.67,   337.90,     337.85,   338.08,     337.67,   337.90
1981, 05,   29721, 1981.3699,   338.87,   338.96,     338.08,   338.18,     338.87,   338.96
1981, 06,   29752, 1981.4548,   338.68,   338.47,     338.48,   338.27,     338.68,   338.47
1981, 07,   29782, 1981.5370,      NaN,      NaN,     338.78,   338.36,     338.78,   338.36
1981, 08,   29813, 1981.6219,      NaN,      NaN,     339.00,   338.44,     339.00,   338.44
1981, 09,   29844, 1981.7068,      NaN,      NaN,     338.93,   338.52,     338.93,   338.52
1981, 10,   29874, 1981.7890,   337.92,   337.92,     338.60,   338.60,     337.92,   337.92
1981, 11,   29905, 1981.8740,      NaN,      NaN,     338.57,   338.69,     338.57,   338.69
1981, 12,   29935, 1981.9562,      NaN,      NaN,     338.66,   338.77,     338.66,   338.77
1982, 01,   29966, 1982.0411,      NaN,      NaN,     338.49,   338.86,     338.49,   338.86
1982, 02,   29997, 1982.1260,      NaN,      NaN,     338.53,   338.96,     338.53,   338.96
1982, 03,   30025, 1982.2027,   338.66,   338.94,     338.78,   339.05,     338.66,   338.94
1982, 04,   30056, 1982.2877,   339.10,   339.33,     338.93,   339.16,     339.10,   339.33
1982, 05,   30086, 1982.3699,      NaN,      NaN,     339.17,   339.26,     339.17,   339.26
1982, 06,   30117, 1982.4548,   339.77,   339.55,     339.59,   339.38,     339.77,   339.55
1982, 07,   30147, 1982.5370,   339.50,   339.07,     339.92,   339.49,     339.50,   339.07
1982, 08,   30178, 1982.6219,   340.43,   339.87,     340.18,   339.62,     340.43,   339.87
1982, 09,   30209, 1982.7068,   339.86,   339.45,     340.16,   339.75,     339.86,   339.45
1982, 10,   30239, 1982.7890,      NaN,      NaN,     339.87,   339.87,     339.87,   339.87
1982, 11,   30270, 1982.8740,   340.01,   340.13,     339.89,   340.01,     340.01,   340.13
1982, 12,   30300, 1982.9562,      NaN,      NaN,     340.02,   340.14,     340.02,   340.14
1983, 01,   30331, 1983.0411,      NaN,      NaN,     339.90,   340.27,     339.90,   340.27
1983, 02,   30362, 1983.1260,      NaN,      NaN,     339.97,   340.41,     339.97,   340.41
1983, 03,   30390, 1983.2027,   340.37,   340.65,     340.25,   340.53,     340.37,   340.65
1983, 04,   30421, 1983.2877,      NaN,      NaN,     340.43,   340.66,     340.43,   340.66
1983, 05,   30451, 1983.3699,      NaN,      NaN,     340.68,   340.78,     340.68,   340.78
1983, 06,   30482, 1983.4548,   341.12,   340.90,     341.12,   340.90,     341.12,   340.90
1983, 07,   30512, 1983.5370,   341.28,   340.85,     341.45,   341.01,     341.28,   340.85
1983, 08,   30543, 1983.6219,   342.07,   341.50,     341.70,   341.13,     342.07,   341.50
1983, 09,   30574, 1983.7068,      NaN,      NaN,     341.65,   341.23,     341.65,   341.23
1983, 10,   30604, 1983.7890,      NaN,      NaN,     341.33,   341.33,     341.33,   341.33
1983, 11,   30635, 1983.8740,   341.44,   341.56,     341.31,   341.43,     341.44,   341.56
1983, 12,   30665, 1983.9562,      NaN,      NaN,     341.41,   341.53,     341.41,   341.53
1984, 01,   30696, 1984.0410,   341.36,   341.74,     341.24,   341.62,     341.36,   341.74
1984, 02,   30727, 1984.1257,   341.46,   341.90,     341.27,   341.71,     341.46,   341.90
1984, 03,   30756, 1984.2049,   341.36,   341.64,     341.52,   341.80,     341.36,   341.64
1984, 04,   30787, 1984.2896,   340.96,   341.19,     341.66,   341.89,     340.96,   341.19
1984, 05,   30817, 1984.3716,   341.89,   341.98,     341.89,   341.98,     341.89,   341.98
1984, 06,   30848, 1984.4563,      NaN,      NaN,     342.30,   342.07,     342.30,   342.07
1984, 07,   30878, 1984.5383,   342.89,   342.45,     342.61,   342.17,     342.89,   342.45
1984, 08,   30909, 1984.6230,      NaN,      NaN,     342.84,   342.27,     342.84,   342.27
1984, 09,   30940, 1984.7077,   342.65,   342.23,     342.78,   342.36,     342.65,   342.23
1984, 10,   30970, 1984.7896,      NaN,      NaN,     342.46,   342.46,     342.46,   342.46
1984, 11,   31001, 1984.8743,   342.76,   342.88,     342.44,   342.56,     342.76,   342.88
1984, 12,   31031, 1984.9563,      NaN,      NaN,     342.54,   342.66,     342.54,   342.66
1985, 01,   31062, 1985.0411,      NaN,      NaN,     342.37,   342.76,     342.37,   342.76
1985, 02,   31093, 1985.1260,   342.42,   342.87,     342.41,   342.86,     342.42,   342.87
1985, 03,   31121, 1985.2027,   342.46,   342.73,     342.67,   342.95,     342.46,   342.73
1985, 04,   31152, 1985.2877,   342.82,   343.06,     342.82,   343.06,     342.82,   343.06
1985, 05,   31182, 1985.3699,   343.03,   343.13,     343.06,   343.16,     343.03,   343.13
1985, 06,   31213, 1985.4548,      NaN,      NaN,     343.49,   343.27,     343.49,   343.27
1985, 07,   31243, 1985.5370,   343.95,   343.52,     343.82,   343.38,     343.95,   343.52
1985, 08,   31274, 1985.6219,      NaN,      NaN,     344.08,   343.50,     344.08,   343.50
1985, 09,   31305, 1985.7068,      NaN,      NaN,     344.04,   343.62,     344.04,   343.62
1985, 10,   31335, 1985.7890,   343.59,   343.59,     343.74,   343.74,     343.59,   343.59
1985, 11,   31366, 1985.8740,      NaN,      NaN,     343.74,   343.87,     343.74,   343.87
1985, 12,   31396, 1985.9562,   343.71,   343.82,     343.87,   343.99,     343.71,   343.82
1986, 01,   31427, 1986.0411,   343.16,   343.55,     343.74,   344.12,     343.16,   343.55
1986, 02,   31458, 1986.1260,      NaN,      NaN,     343.81,   344.26,     343.81,   344.26
1986, 03,   31486, 1986.2027,   344.77,   345.05,     344.10,   344.38,     344.77,   345.05
1986, 04,   31517, 1986.2877,      NaN,      NaN,     344.28,   344.52,     344.28,   344.52
1986, 05,   31547, 1986.3699,   344.86,   344.96,     344.55,   344.65,     344.86,   344.96
1986, 06,   31578, 1986.4548,      NaN,      NaN,     345.00,   344.78,     345.00,   344.78
1986, 07,   31608, 1986.5370,   345.26,   344.81,     345.36,   344.91,     345.26,   344.81
1986, 08,   31639, 1986.6219,   345.32,   344.74,     345.64,   345.06,     345.32,   344.74
1986, 09,   31670, 1986.7068,   345.81,   345.39,     345.62,   345.20,     345.81,   345.39
1986, 10,   31700, 1986.7890,   344.11,   344.11,     345.35,   345.35,     344.11,   344.11
1986, 11,   31731, 1986.8740,      NaN,      NaN,     345.39,   345.51,     345.39,   345.51
1986, 12,   31761, 1986.9562,      NaN,      NaN,     345.55,   345.67,     345.55,   345.67
1987, 01,   31792, 1987.0411,      NaN,      NaN,     345.44,   345.83,     345.44,   345.83
1987, 02,   31823, 1987.1260,   346.23,   346.68,     345.54,   346.00,     346.23,   346.68
1987, 03,   31851, 1987.2027,   345.52,   345.80,     345.86,   346.14,     345.52,   345.80
1987, 04,   31882, 1987.2877,      NaN,      NaN,     346.07,   346.30,     346.07,   346.30
1987, 05,   31912, 1987.3699,   346.65,   346.75,     346.36,   346.46,     346.65,   346.75
1987, 06,   31943, 1987.4548,   346.55,   346.33,     346.85,   346.62,     346.55,   346.33
1987, 07,   31973, 1987.5370,   347.06,   346.61,     347.23,   346.79,     347.06,   346.61
1987, 08,   32004, 1987.6219,   347.17,   346.59,     347.54,   346.96,     347.17,   346.59
1987, 09,   32035, 1987.7068,   348.06,   347.63,     347.55,   347.13,     348.06,   347.63
1987, 10,   32065, 1987.7890,   347.22,   347.22,     347.30,   347.30,     347.22,   347.22
1987, 11,   32096, 1987.8740,   347.05,   347.18,     347.35,   347.48,     347.05,   347.18
1987, 12,   32126, 1987.9562,   348.47,   348.59,     347.53,   347.65,     348.47,   348.59
1988, 01,   32157, 1988.0410,   347.78,   348.17,     347.43,   347.82,     347.78,   348.17
1988, 02,   32188, 1988.1257,   347.69,   348.14,     347.53,   347.98,     347.69,   348.14
1988, 03,   32217, 1988.2049,   347.86,   348.14,     347.85,   348.13,     347.86,   348.14
1988, 04,   32248, 1988.2896,   348.00,   348.24,     348.05,   348.29,     348.00,   348.24
1988, 05,   32278, 1988.3716,   348.84,   348.93,     348.34,   348.44,     348.84,   348.93
1988, 06,   32309, 1988.4563,   348.37,   348.14,     348.82,   348.59,     348.37,   348.14
1988, 07,   32339, 1988.5383,   348.78,   348.33,     349.19,   348.73,     348.78,   348.33
1988, 08,   32370, 1988.6230,      NaN,      NaN,     349.47,   348.88,     349.47,   348.88
1988, 09,   32401, 1988.7077,      NaN,      NaN,     349.46,   349.03,     349.46,   349.03
1988, 10,   32431, 1988.7896,   349.47,   349.47,     349.17,   349.18,     349.47,   349.47
1988, 11,   32462, 1988.8743,   348.93,   349.06,     349.20,   349.32,     348.93,   349.06
1988, 12,   32492, 1988.9563,      NaN,      NaN,     349.35,   349.47,     349.35,   349.47
1989, 01,   32523, 1989.0411,   349.56,   349.96,     349.22,   349.61,     349.56,   349.96
1989, 02,   32554, 1989.1260,   348.75,   349.21,     349.29,   349.75,     348.75,   349.21
1989, 03,   32582, 1989.2027,   350.04,   350.32,     349.59,   349.87,     350.04,   350.32
1989, 04,   32613, 1989.2877,   350.52,   350.75,     349.76,   350.00,     350.52,   350.75
1989, 05,   32643, 1989.3699,   350.31,   350.41,     350.02,   350.12,     350.31,   350.41
1989, 06,   32674, 1989.4548,   349.94,   349.71,     350.46,   350.24,     349.94,   349.71
1989, 07,   32704, 1989.5370,      NaN,      NaN,     350.79,   350.34,     350.79,   350.34
1989, 08,   32735, 1989.6219,      NaN,      NaN,     351.04,   350.45,     351.04,   350.45
1989, 09,   32766, 1989.7068,   350.76,   350.33,     350.98,   350.55,     350.76,   350.33
1989, 10,   32796, 1989.7890,      NaN,      NaN,     350.65,   350.65,     350.65,   350.65
1989, 11,   32827, 1989.8740,   351.33,   351.45,     350.63,   350.75,     351.33,   351.45
1989, 12,   32857, 1989.9562,   350.40,   350.52,     350.72,   350.84,     350.40,   350.52
1990, 01,   32888, 1990.0411,   350.58,   350.98,     350.54,   350.94,     350.58,   350.98
1990, 02,   32919, 1990.1260,      NaN,      NaN,     350.58,   351.04,     350.58,   351.04
1990, 03,   32947, 1990.2027,   350.85,   351.14,     350.84,   351.13,     350.85,   351.14
1990, 04,   32978, 1990.2877,   349.69,   349.94,     350.99,   351.23,     349.69,   349.94
1990, 05,   33008, 1990.3699,      NaN,      NaN,     351.24,   351.34,     351.24,   351.34
1990, 06,   33039, 1990.4548,   351.42,   351.19,     351.69,   351.46,     351.42,   351.19
1990, 07,   33069, 1990.5370,   352.22,   351.77,     352.04,   351.58,     352.22,   351.77
1990, 08,   33100, 1990.6219,   351.91,   351.32,     352.30,   351.71,     351.91,   351.32
1990, 09,   33131, 1990.7068,   352.86,   352.43,     352.26,   351.83,     352.86,   352.43
1990, 10,   33161, 1990.7890,   351.28,   351.28,     351.95,   351.95,     351.28,   351.28
1990, 11,   33192, 1990.8740,   352.28,   352.41,     351.94,   352.07,     352.28,   352.41
1990, 12,   33222, 1990.9562,   352.01,   352.13,     352.06,   352.18,     352.01,   352.13
1991, 01,   33253, 1991.0411,   351.92,   352.32,     351.89,   352.29,     351.92,   352.32
1991, 02,   33284, 1991.1260,   351.69,   352.15,     351.93,   352.39,     351.69,   352.15
1991, 03,   33312, 1991.2027,   352.09,   352.39,     352.20,   352.49,     352.09,   352.39
1991, 04,   33343, 1991.2877,      NaN,      NaN,     352.34,   352.59,     352.34,   352.59
1991, 05,   33373, 1991.3699,   352.56,   352.66,     352.57,   352.68,     352.56,   352.66
1991, 06,   33404, 1991.4548,   354.13,   353.90,     353.00,   352.77,     354.13,   353.90
1991, 07,   33434, 1991.5370,   353.54,   353.08,     353.31,   352.85,     353.54,   353.08
1991, 08,   33465, 1991.6219,      NaN,      NaN,     353.53,   352.93,     353.53,   352.93
1991, 09,   33496, 1991.7068,   352.91,   352.47,     353.45,   353.01,     352.91,   352.47
1991, 10,   33526, 1991.7890,   352.84,   352.84,     353.09,   353.09,     352.84,   352.84
1991, 11,   33557, 1991.8740,   352.86,   352.98,     353.06,   353.18,     352.86,   352.98
1991, 12,   33587, 1991.9562,      NaN,      NaN,     353.16,   353.28,     353.16,   353.28
1992, 01,   33618, 1992.0410,   352.14,   352.54,     352.98,   353.38,     352.14,   352.54
1992, 02,   33649, 1992.1257,      NaN,      NaN,     353.03,   353.50,     353.03,   353.50
1992, 03,   33678, 1992.2049,      NaN,      NaN,     353.32,   353.61,     353.32,   353.61
1992, 04,   33709, 1992.2896,   353.35,   353.60,     353.48,   353.73,     353.35,   353.60
1992, 05,   33739, 1992.3716,   353.44,   353.54,     353.74,   353.84,     353.44,   353.54
1992, 06,   33770, 1992.4563,   354.84,   354.61,     354.19,   353.96,     354.84,   354.61
1992, 07,   33800, 1992.5383,   354.69,   354.23,     354.52,   354.06,     354.69,   354.23
1992, 08,   33831, 1992.6230,   355.19,   354.58,     354.76,   354.16,     355.19,   354.58
1992, 09,   33862, 1992.7077,   354.74,   354.31,     354.67,   354.24,     354.74,   354.31
1992, 10,   33892, 1992.7896,   354.68,   354.68,     354.30,   354.31,     354.68,   354.68
1992, 11,   33923, 1992.8743,   354.11,   354.24,     354.24,   354.37,     354.11,   354.24
1992, 12,   33953, 1992.9563,      NaN,      NaN,     354.30,   354.42,     354.30,   354.42
1993, 01,   33984, 1993.0411,   353.76,   354.16,     354.08,   354.48,     353.76,   354.16
1993, 02,   34015, 1993.1260,   353.54,   354.01,     354.08,   354.55,     353.54,   354.01
1993, 03,   34043, 1993.2027,   355.25,   355.55,     354.32,   354.61,     355.25,   355.55
1993, 04,   34074, 1993.2877,   354.36,   354.61,     354.44,   354.69,     354.36,   354.61
1993, 05,   34104, 1993.3699,   355.00,   355.10,     354.67,   354.77,     355.00,   355.10
1993, 06,   34135, 1993.4548,   354.49,   354.26,     355.09,   354.86,     354.49,   354.26
1993, 07,   34165, 1993.5370,   355.79,   355.33,     355.42,   354.95,     355.79,   355.33
1993, 08,   34196, 1993.6219,   355.43,   354.82,     355.66,   355.05,     355.43,   354.82
1993, 09,   34227, 1993.7068,   355.98,   355.54,     355.61,   355.16,     355.98,   355.54
1993, 10,   34257, 1993.7890,   355.05,   355.05,     355.27,   355.28,     355.05,   355.05
1993, 11,   34288, 1993.8740,   355.61,   355.74,     355.27,   355.40,     355.61,   355.74
1993, 12,   34318, 1993.9562,   355.09,   355.22,     355.40,   355.52,     355.09,   355.22
1994, 01,   34349, 1994.0411,   354.78,   355.18,     355.25,   355.65,     354.78,   355.18
1994, 02,   34380, 1994.1260,   355.10,   355.58,     355.32,   355.79,     355.10,   355.58
1994, 03,   34408, 1994.2027,   356.10,   356.39,     355.62,   355.92,     356.10,   356.39
1994, 04,   34439, 1994.2877,   355.93,   356.18,     355.81,   356.06,     355.93,   356.18
1994, 05,   34469, 1994.3699,   355.87,   355.98,     356.09,   356.19,     355.87,   355.98
1994, 06,   34500, 1994.4548,   356.10,   355.86,     356.57,   356.33,     356.10,   355.86
1994, 07,   34530, 1994.5370,   357.03,   356.57,     356.93,   356.47,     357.03,   356.57
1994, 08,   34561, 1994.6219,   357.37,   356.75,     357.22,   356.60,     357.37,   356.75
1994, 09,   34592, 1994.7068,   357.57,   357.13,     357.18,   356.74,     357.57,   357.13
1994, 10,   34622, 1994.7890,   357.70,   357.70,     356.86,   356.86,     357.70,   357.70
1994, 11,   34653, 1994.8740,      NaN,      NaN,     356.85,   356.98,     356.85,   356.98
1994, 12,   34683, 1994.9562,      NaN,      NaN,     356.97,   357.10,     356.97,   357.10
1995, 01,   34714, 1995.0411,   356.43,   356.84,     356.81,   357.22,     356.43,   356.84
1995, 02,   34745, 1995.1260,   356.17,   356.65,     356.87,   357.35,     356.17,   356.65
1995, 03,   34773, 1995.2027,      NaN,      NaN,     357.17,   357.47,     357.17,   357.47
1995, 04,   34804, 1995.2877,   357.12,   357.36,     357.36,   357.61,     357.12,   357.36
1995, 05,   34834, 1995.3699,   357.08,   357.19,     357.65,   357.76,     357.08,   357.19
1995, 06,   34865, 1995.4548,      NaN,      NaN,     358.15,   357.91,     358.15,   357.91
1995, 07,   34895, 1995.5370,   358.65,   358.18,     358.54,   358.07,     358.65,   358.18
1995, 08,   34926, 1995.6219,   358.97,   358.35,     358.86,   358.24,     358.97,   358.35
1995, 09,   34957, 1995.7068,   358.84,   358.40,     358.86,   358.41,     358.84,   358.40
1995, 10,   34987, 1995.7890,   358.12,   358.12,     358.57,   358.57,     358.12,   358.12
1995, 11,   35018, 1995.8740,   358.86,   358.99,     358.61,   358.74,     358.86,   358.99
1995, 12,   35048, 1995.9562,   358.44,   358.57,     358.78,   358.90,     358.44,   358.57
1996, 01,   35079, 1996.0410,      NaN,      NaN,     358.65,   359.06,     358.65,   359.06
1996, 02,   35110, 1996.1257,   358.97,   359.45,     358.73,   359.21,     358.97,   359.45
1996, 03,   35139, 1996.2049,   360.38,   360.68,     359.04,   359.33,     360.38,   360.68
1996, 04,   35170, 1996.2896,   358.69,   358.94,     359.21,   359.46,     358.69,   358.94
1996, 05,   35200, 1996.3716,   359.78,   359.88,     359.46,   359.56,     359.78,   359.88
1996, 06,   35231, 1996.4563,      NaN,      NaN,     359.91,   359.67,     359.91,   359.67
1996, 07,   35261, 1996.5383,   359.98,   359.51,     360.23,   359.76,     359.98,   359.51
1996, 08,   35292, 1996.6230,   360.45,   359.83,     360.48,   359.85,     360.45,   359.83
1996, 09,   35323, 1996.7077,      NaN,      NaN,     360.39,   359.95,     360.39,   359.95
1996, 10,   35353, 1996.7896,   359.28,   359.29,     360.04,   360.04,     359.28,   359.29
1996, 11,   35384, 1996.8743,   359.80,   359.93,     360.01,   360.14,     359.80,   359.93
1996, 12,   35414, 1996.9563,   360.72,   360.84,     360.12,   360.25,     360.72,   360.84
1997, 01,   35445, 1997.0411,      NaN,      NaN,     359.95,   360.37,     359.95,   360.37
1997, 02,   35476, 1997.1260,      NaN,      NaN,     360.01,   360.49,     360.01,   360.49
1997, 03,   35504, 1997.2027,   360.26,   360.56,     360.31,   360.61,     360.26,   360.56
1997, 04,   35535, 1997.2877,   360.03,   360.28,     360.51,   360.76,     360.03,   360.28
1997, 05,   35565, 1997.3699,   360.38,   360.49,     360.81,   360.91,     360.38,   360.49
1997, 06,   35596, 1997.4548,      NaN,      NaN,     361.33,   361.09,     361.33,   361.09
1997, 07,   35626, 1997.5370,      NaN,      NaN,     361.74,   361.27,     361.74,   361.27
1997, 08,   35657, 1997.6219,   361.77,   361.15,     362.09,   361.46,     361.77,   361.15
1997, 09,   35688, 1997.7068,      NaN,      NaN,     362.12,   361.67,     362.12,   361.67
1997, 10,   35718, 1997.7890,      NaN,      NaN,     361.87,   361.87,     361.87,   361.87
1997, 11,   35749, 1997.8740,      NaN,      NaN,     361.96,   362.09,     361.96,   362.09
1997, 12,   35779, 1997.9562,      NaN,      NaN,     362.17,   362.30,     362.17,   362.30
1998, 01,   35810, 1998.0411,   362.31,   362.73,     362.10,   362.52,     362.31,   362.73
1998, 02,   35841, 1998.1260,   362.54,   363.02,     362.25,   362.74,     362.54,   363.02
1998, 03,   35869, 1998.2027,   362.82,   363.13,     362.62,   362.93,     362.82,   363.13
1998, 04,   35900, 1998.2877,   363.04,   363.29,     362.88,   363.14,     363.04,   363.29
1998, 05,   35930, 1998.3699,   363.02,   363.13,     363.23,   363.34,     363.02,   363.13
1998, 06,   35961, 1998.4548,      NaN,      NaN,     363.78,   363.54,     363.78,   363.54
1998, 07,   35991, 1998.5370,   364.14,   363.66,     364.20,   363.72,     364.14,   363.66
1998, 08,   36022, 1998.6219,   364.57,   363.94,     364.54,   363.91,     364.57,   363.94
1998, 09,   36053, 1998.7068,   364.88,   364.43,     364.55,   364.09,     364.88,   364.43
1998, 10,   36083, 1998.7890,      NaN,      NaN,     364.26,   364.26,     364.26,   364.26
1998, 11,   36114, 1998.8740,      NaN,      NaN,     364.29,   364.42,     364.29,   364.42
1998, 12,   36144, 1998.9562,   364.34,   364.47,     364.44,   364.57,     364.34,   364.47
1999, 01,   36175, 1999.0411,   365.00,   365.42,     364.30,   364.72,     365.00,   365.42
1999, 02,   36206, 1999.1260,   365.42,   365.91,     364.37,   364.86,     365.42,   365.91
1999, 03,   36234, 1999.2027,      NaN,      NaN,     364.67,   364.97,     364.67,   364.97
1999, 04,   36265, 1999.2877,   363.93,   364.19,     364.85,   365.10,     363.93,   364.19
1999, 05,   36295, 1999.3699,   365.10,   365.21,     365.12,   365.23,     365.10,   365.21
1999, 06,   36326, 1999.4548,   365.40,   365.15,     365.60,   365.35,     365.40,   365.15
1999, 07,   36356, 1999.5370,   366.23,   365.75,     365.96,   365.48,     366.23,   365.75
1999, 08,   36387, 1999.6219,      NaN,      NaN,     366.24,   365.60,     366.24,   365.60
1999, 09,   36418, 1999.7068,      NaN,      NaN,     366.18,   365.72,     366.18,   365.72
1999, 10,   36448, 1999.7890,   366.58,   366.58,     365.84,   365.84,     366.58,   366.58
1999, 11,   36479, 1999.8740,   366.09,   366.22,     365.81,   365.95,     366.09,   366.22
1999, 12,   36509, 1999.9562,   365.90,   366.03,     365.92,   366.04,     365.90,   366.03
2000, 01,   36540, 2000.0410,   365.67,   366.09,     365.72,   366.14,     365.67,   366.09
2000, 02,   36571, 2000.1257,      NaN,      NaN,     365.75,   366.24,     365.75,   366.24
2000, 03,   36600, 2000.2049,   366.20,   366.50,     366.02,   366.32,     366.20,   366.50
2000, 04,   36631, 2000.2896,      NaN,      NaN,     366.16,   366.42,     366.16,   366.42
2000, 05,   36661, 2000.3716,   366.17,   366.27,     366.40,   366.51,     366.17,   366.27
2000, 06,   36692, 2000.4563,      NaN,      NaN,     366.85,   366.60,     366.85,   366.60
2000, 07,   36722, 2000.5383,   367.66,   367.18,     367.19,   366.70,     367.66,   367.18
2000, 08,   36753, 2000.6230,   366.30,   365.66,     367.45,   366.81,     366.30,   365.66
2000, 09,   36784, 2000.7077,      NaN,      NaN,     367.38,   366.92,     367.38,   366.92
2000, 10,   36814, 2000.7896,   367.03,   367.03,     367.03,   367.04,     367.03,   367.03
2000, 11,   36845, 2000.8743,   367.42,   367.56,     367.03,   367.16,     367.42,   367.56
2000, 12,   36875, 2000.9563,      NaN,      NaN,     367.16,   367.29,     367.16,   367.29
2001, 01,   36906, 2001.0411,      NaN,      NaN,     367.00,   367.43,     367.00,   367.43
2001, 02,   36937, 2001.1260,      NaN,      NaN,     367.07,   367.57,     367.07,   367.57
2001, 03,   36965, 2001.2027,   367.14,   367.45,     367.39,   367.70,     367.14,   367.45
2001, 04,   36996, 2001.2877,   367.28,   367.54,     367.60,   367.86,     367.28,   367.54
2001, 05,   37026, 2001.3699,   368.22,   368.33,     367.90,   368.01,     368.22,   368.33
2001, 06,   37057, 2001.4548,      NaN,      NaN,     368.42,   368.18,     368.42,   368.18
2001, 07,   37087, 2001.5370,      NaN,      NaN,     368.83,   368.34,     368.83,   368.34
2001, 08,   37118, 2001.6219,      NaN,      NaN,     369.16,   368.52,     369.16,   368.52
2001, 09,   37149, 2001.7068,   368.65,   368.18,     369.17,   368.70,     368.65,   368.18
2001, 10,   37179, 2001.7890,   368.95,   368.95,     368.88,   368.89,     368.95,   368.95
2001, 11,   37210, 2001.8740,      NaN,      NaN,     368.95,   369.08,     368.95,   369.08
2001, 12,   37240, 2001.9562,      NaN,      NaN,     369.15,   369.28,     369.15,   369.28
2002, 01,   37271, 2002.0411,      NaN,      NaN,     369.06,   369.48,     369.06,   369.48
2002, 02,   37302, 2002.1260,      NaN,      NaN,     369.20,   369.69,     369.20,   369.69
2002, 03,   37330, 2002.2027,      NaN,      NaN,     369.58,   369.89,     369.58,   369.89
2002, 04,   37361, 2002.2877,      NaN,      NaN,     369.85,   370.11,     369.85,   370.11
2002, 05,   37391, 2002.3699,   369.99,   370.11,     370.21,   370.32,     369.99,   370.11
2002, 06,   37422, 2002.4548,      NaN,      NaN,     370.79,   370.54,     370.79,   370.54
2002, 07,   37452, 2002.5370,   371.18,   370.68,     371.25,   370.76,     371.18,   370.68
2002, 08,   37483, 2002.6219,      NaN,      NaN,     371.62,   370.98,     371.62,   370.98
2002, 09,   37514, 2002.7068,      NaN,      NaN,     371.67,   371.20,     371.67,   371.20
2002, 10,   37544, 2002.7890,   371.65,   371.65,     371.41,   371.41,     371.65,   371.65
2002, 11,   37575, 2002.8740,   371.76,   371.90,     371.49,   371.62,     371.76,   371.90
2002, 12,   37605, 2002.9562,      NaN,      NaN,     371.69,   371.82,     371.69,   371.82
2003, 01,   37636, 2003.0411,   371.61,   372.04,     371.59,   372.02,     371.61,   372.04
2003, 02,   37667, 2003.1260,      NaN,      NaN,     371.72,   372.22,     371.72,   372.22
2003, 03,   37695, 2003.2027,      NaN,      NaN,     372.07,   372.39,     372.07,   372.39
2003, 04,   37726, 2003.2877,   372.34,   372.60,     372.31,   372.57,     372.34,   372.60
2003, 05,   37756, 2003.3699,   372.80,   372.92,     372.63,   372.74,     372.80,   372.92
2003, 06,   37787, 2003.4548,   373.37,   373.13,     373.16,   372.92,     373.37,   373.13
2003, 07,   37817, 2003.5370,      NaN,      NaN,     373.57,   373.08,     373.57,   373.08
2003, 08,   37848, 2003.6219,   373.48,   372.83,     373.89,   373.24,     373.48,   372.83
2003, 09,   37879, 2003.7068,      NaN,      NaN,     373.87,   373.40,     373.87,   373.40
2003, 10,   37909, 2003.7890,   373.47,   373.47,     373.55,   373.55,     373.47,   373.47
2003, 11,   37940, 2003.8740,      NaN,      NaN,     373.56,   373.70,     373.56,   373.70
2003, 12,   37970, 2003.9562,      NaN,      NaN,     373.71,   373.84,     373.71,   373.84
2004, 01,   38001, 2004.0410,      NaN,      NaN,     373.56,   373.99,     373.56,   373.99
2004, 02,   38032, 2004.1257,      NaN,      NaN,     373.63,   374.13,     373.63,   374.13
2004, 03,   38061, 2004.2049,   374.04,   374.35,     373.95,   374.26,     374.04,   374.35
2004, 04,   38092, 2004.2896,   374.45,   374.72,     374.13,   374.39,     374.45,   374.72
2004, 05,   38122, 2004.3716,      NaN,      NaN,     374.41,   374.52,     374.41,   374.52
2004, 06,   38153, 2004.4563,   375.06,   374.80,     374.89,   374.64,     375.06,   374.80
2004, 07,   38183, 2004.5383,   375.15,   374.65,     375.25,   374.75,     375.15,   374.65
2004, 08,   38214, 2004.6230,   375.08,   374.42,     375.53,   374.88,     375.08,   374.42
2004, 09,   38245, 2004.7077,      NaN,      NaN,     375.47,   375.00,     375.47,   375.00
2004, 10,   38275, 2004.7896,      NaN,      NaN,     375.13,   375.13,     375.13,   375.13
2004, 11,   38306, 2004.8743,      NaN,      NaN,     375.13,   375.27,     375.13,   375.27
2004, 12,   38336, 2004.9563,   374.84,   374.97,     375.28,   375.41,     374.84,   374.97
2005, 01,   38367, 2005.0411,      NaN,      NaN,     375.13,   375.56,     375.13,   375.56
2005, 02,   38398, 2005.1260,   375.54,   376.05,     375.22,   375.73,     375.54,   376.05
2005, 03,   38426, 2005.2027,   375.44,   375.76,     375.56,   375.88,     375.44,   375.76
2005, 04,   38457, 2005.2877,   374.50,   374.77,     375.80,   376.06,     374.50,   374.77
2005, 05,   38487, 2005.3699,   376.01,   376.12,     376.14,   376.25,     376.01,   376.12
2005, 06,   38518, 2005.4548,   376.91,   376.66,     376.70,   376.45,     376.91,   376.66
2005, 07,   38548, 2005.5370,      NaN,      NaN,     377.14,   376.64,     377.14,   376.64
2005, 08,   38579, 2005.6219,   378.53,   377.87,     377.50,   376.85,     378.53,   377.87
2005, 09,   38610, 2005.7068,   377.42,   376.95,     377.52,   377.05,     377.42,   376.95
2005, 10,   38640, 2005.7890,   377.63,   377.63,     377.23,   377.23,     377.63,   377.63
2005, 11,   38671, 2005.8740,      NaN,      NaN,     377.28,   377.42,     377.28,   377.42
2005, 12,   38701, 2005.9562,      NaN,      NaN,     377.47,   377.60,     377.47,   377.60
2006, 01,   38732, 2006.0411,   377.28,   377.72,     377.34,   377.78,     377.28,   377.72
2006, 02,   38763, 2006.1260,      NaN,      NaN,     377.44,   377.95,     377.44,   377.95
2006, 03,   38791, 2006.2027,   377.87,   378.19,     377.78,   378.10,     377.87,   378.19
2006, 04,   38822, 2006.2877,   378.12,   378.38,     378.00,   378.27,     378.12,   378.38
2006, 05,   38852, 2006.3699,   378.42,   378.54,     378.31,   378.42,     378.42,   378.54
2006, 06,   38883, 2006.4548,   378.94,   378.69,     378.83,   378.58,     378.94,   378.69
2006, 07,   38913, 2006.5370,   379.20,   378.70,     379.23,   378.73,     379.20,   378.70
2006, 08,   38944, 2006.6219,   379.40,   378.74,     379.54,   378.88,     379.40,   378.74
2006, 09,   38975, 2006.7068,      NaN,      NaN,     379.52,   379.04,     379.52,   379.04
2006, 10,   39005, 2006.7890,   378.98,   378.98,     379.19,   379.19,     378.98,   378.98
2006, 11,   39036, 2006.8740,      NaN,      NaN,     379.21,   379.35,     379.21,   379.35
2006, 12,   39066, 2006.9562,   379.11,   379.24,     379.37,   379.50,     379.11,   379.24
2007, 01,   39097, 2007.0411,      NaN,      NaN,     379.23,   379.67,     379.23,   379.67
2007, 02,   39128, 2007.1260,      NaN,      NaN,     379.32,   379.83,     379.32,   379.83
2007, 03,   39156, 2007.2027,      NaN,      NaN,     379.65,   379.98,     379.65,   379.98
2007, 04,   39187, 2007.2877,   380.34,   380.61,     379.87,   380.14,     380.34,   380.61
2007, 05,   39217, 2007.3699,      NaN,      NaN,     380.18,   380.29,     380.18,   380.29
2007, 06,   39248, 2007.4548,   380.74,   380.48,     380.71,   380.45,     380.74,   380.48
2007, 07,   39278, 2007.5370,   380.97,   380.46,     381.11,   380.61,     380.97,   380.46
2007, 08,   39309, 2007.6219,   380.89,   380.23,     381.44,   380.77,     380.89,   380.23
2007, 09,   39340, 2007.7068,   381.21,   380.73,     381.42,   380.94,     381.21,   380.73
2007, 10,   39370, 2007.7890,   381.30,   381.30,     381.10,   381.10,     381.30,   381.30
2007, 11,   39401, 2007.8740,   381.13,   381.27,     381.12,   381.26,     381.13,   381.27
2007, 12,   39431, 2007.9562,      NaN,      NaN,     381.29,   381.43,     381.29,   381.43
2008, 01,   39462, 2008.0410,   381.59,   382.03,     381.15,   381.59,     381.59,   382.03
2008, 02,   39493, 2008.1257,      NaN,      NaN,     381.24,   381.76,     381.24,   381.76
2008, 03,   39522, 2008.2049,   381.83,   382.15,     381.59,   381.91,     381.83,   382.15
2008, 04,   39553, 2008.2896,   381.17,   381.44,     381.81,   382.08,     381.17,   381.44
2008, 05,   39583, 2008.3716,      NaN,      NaN,     382.13,   382.24,     382.13,   382.24
2008, 06,   39614, 2008.4563,      NaN,      NaN,     382.66,   382.40,     382.66,   382.40
2008, 07,   39644, 2008.5383,   383.04,   382.53,     383.07,   382.56,     383.04,   382.53
2008, 08,   39675, 2008.6230,      NaN,      NaN,     383.39,   382.72,     383.39,   382.72
2008, 09,   39706, 2008.7077,   383.40,   382.92,     383.36,   382.88,     383.40,   382.92
2008, 10,   39736, 2008.7896,      NaN,      NaN,     383.03,   383.03,     383.03,   383.03
2008, 11,   39767, 2008.8743,      NaN,      NaN,     383.04,   383.18,     383.04,   383.18
2008, 12,   39797, 2008.9563,      NaN,      NaN,     383.18,   383.32,     383.18,   383.32
2009, 01,   39828, 2009.0411,   383.01,   383.45,     383.01,   383.46,     383.01,   383.45
2009, 02,   39859, 2009.1260,      NaN,      NaN,     383.07,   383.59,     383.07,   383.59
2009, 03,   39887, 2009.2027,   384.17,   384.50,     383.38,   383.71,     384.17,   384.50
2009, 04,   39918, 2009.2877,   384.40,   384.67,     383.55,   383.82,     384.40,   384.67
2009, 05,   39948, 2009.3699,   383.83,   383.95,     383.81,   383.93,     383.83,   383.95
2009, 06,   39979, 2009.4548,      NaN,      NaN,     384.29,   384.04,     384.29,   384.04
2009, 07,   40009, 2009.5370,      NaN,      NaN,     384.65,   384.14,     384.65,   384.14
2009, 08,   40040, 2009.6219,   384.69,   384.01,     384.92,   384.25,     384.69,   384.01
2009, 09,   40071, 2009.7068,   384.43,   383.94,     384.86,   384.37,     384.43,   383.94
2009, 10,   40101, 2009.7890,   383.64,   383.64,     384.49,   384.49,     383.64,   383.64
2009, 11,   40132, 2009.8740,      NaN,      NaN,     384.50,   384.64,     384.50,   384.64
2009, 12,   40162, 2009.9562,   384.08,   384.22,     384.65,   384.79,     384.08,   384.22
2010, 01,   40193, 2010.0411,      NaN,      NaN,     384.51,   384.96,     384.51,   384.96
2010, 02,   40224, 2010.1260,   385.15,   385.67,     384.62,   385.14,     385.15,   385.67
2010, 03,   40252, 2010.2027,      NaN,      NaN,     384.99,   385.32,     384.99,   385.32
2010, 04,   40283, 2010.2877,   384.94,   385.21,     385.24,   385.52,     384.94,   385.21
2010, 05,   40313, 2010.3699,      NaN,      NaN,     385.60,   385.72,     385.60,   385.72
2010, 06,   40344, 2010.4548,   385.65,   385.39,     386.19,   385.93,     385.65,   385.39
2010, 07,   40374, 2010.5370,   386.43,   385.92,     386.66,   386.14,     386.43,   385.92
2010, 08,   40405, 2010.6219,   387.20,   386.53,     387.04,   386.36,     387.20,   386.53
2010, 09,   40436, 2010.7068,      NaN,      NaN,     387.07,   386.57,     387.07,   386.57
2010, 10,   40466, 2010.7890,   387.16,   387.16,     386.77,   386.77,     387.16,   387.16
2010, 11,   40497, 2010.8740,      NaN,      NaN,     386.82,   386.97,     386.82,   386.97
2010, 12,   40527, 2010.9562,   387.61,   387.75,     387.01,   387.14,     387.61,   387.75
2011, 01,   40558, 2011.0411,   387.16,   387.61,     386.86,   387.31,     387.16,   387.61
2011, 02,   40589, 2011.1260,      NaN,      NaN,     386.94,   387.47,     386.94,   387.47
2011, 03,   40617, 2011.2027,   386.51,   386.84,     387.27,   387.60,     386.51,   386.84
2011, 04,   40648, 2011.2877,   388.47,   388.75,     387.46,   387.73,     388.47,   388.75
2011, 05,   40678, 2011.3699,      NaN,      NaN,     387.74,   387.86,     387.74,   387.86
2011, 06,   40709, 2011.4548,      NaN,      NaN,     388.24,   387.98,     388.24,   387.98
2011, 07,   40739, 2011.5370,   388.37,   387.85,     388.61,   388.09,     388.37,   387.85
2011, 08,   40770, 2011.6219,      NaN,      NaN,     388.89,   388.21,     388.89,   388.21
2011, 09,   40801, 2011.7068,   389.44,   388.95,     388.83,   388.33,     389.44,   388.95
2011, 10,   40831, 2011.7890,   387.94,   387.94,     388.45,   388.45,     387.94,   387.94
2011, 11,   40862, 2011.8740,      NaN,      NaN,     388.44,   388.59,     388.44,   388.59
2011, 12,   40892, 2011.9562,      NaN,      NaN,     388.59,   388.73,     388.59,   388.73
2012, 01,   40923, 2012.0410,   388.34,   388.79,     388.43,   388.88,     388.34,   388.79
2012, 02,   40954, 2012.1257,   388.19,   388.71,     388.53,   389.06,     388.19,   388.71
2012, 03,   40983, 2012.2049,   388.41,   388.74,     388.90,   389.23,     388.41,   388.74
2012, 04,   41014, 2012.2896,   388.47,   388.74,     389.16,   389.44,     388.47,   388.74
2012, 05,   41044, 2012.3716,   389.15,   389.26,     389.54,   389.65,     389.15,   389.26
2012, 06,   41075, 2012.4563,   390.58,   390.31,     390.15,   389.88,     390.58,   390.31
2012, 07,   41105, 2012.5383,      NaN,      NaN,     390.64,   390.12,     390.64,   390.12
2012, 08,   41136, 2012.6230,   390.67,   389.99,     391.05,   390.36,     390.67,   389.99
2012, 09,   41167, 2012.7077,   391.47,   390.98,     391.11,   390.62,     391.47,   390.98
2012, 10,   41197, 2012.7896,      NaN,      NaN,     390.86,   390.86,     390.86,   390.86
2012, 11,   41228, 2012.8743,      NaN,      NaN,     390.97,   391.11,     390.97,   391.11
2012, 12,   41258, 2012.9563,   391.44,   391.58,     391.21,   391.35,     391.44,   391.58
2013, 01,   41289, 2013.0411,   391.51,   391.97,     391.14,   391.60,     391.51,   391.97
2013, 02,   41320, 2013.1260,   391.03,   391.56,     391.30,   391.83,     391.03,   391.56
2013, 03,   41348, 2013.2027,   391.80,   392.13,     391.71,   392.04,     391.80,   392.13
2013, 04,   41379, 2013.2877,      NaN,      NaN,     391.98,   392.26,     391.98,   392.26
2013, 05,   41409, 2013.3699,   392.58,   392.70,     392.35,   392.46,     392.58,   392.70
2013, 06,   41440, 2013.4548,   392.99,   392.73,     392.93,   392.66,     392.99,   392.73
2013, 07,   41470, 2013.5370,      NaN,      NaN,     393.37,   392.85,     393.37,   392.85
2013, 08,   41501, 2013.6219,      NaN,      NaN,     393.87,   393.21,     393.87,   393.21
2013, 09,   41532, 2013.7068,   393.95,   393.44,     393.89,   393.38,     393.95,   393.44
2013, 10,   41562, 2013.7890,      NaN,      NaN,     393.58,   393.53,     393.58,   393.53
2013, 11,   41593, 2013.8740,      NaN,      NaN,     393.55,   393.67,     393.55,   393.67
2013, 12,   41623, 2013.9562,      NaN,      NaN,     393.88,   393.81,     393.88,   393.81
2014, 01,   41654, 2014.0411,   393.27,   393.72,     393.48,   393.93,     393.27,   393.72
2014, 02,   41685, 2014.1260,   393.04,   393.97,     393.12,   394.05,     393.04,   393.97
2014, 03,   41713, 2014.2027,   393.89,   394.42,     393.63,   394.16,     393.89,   394.42
2014, 04,   41744, 2014.2877,   394.57,   394.59,     394.27,   394.29,     394.57,   394.59
2014, 05,   41774, 2014.3699,      NaN,      NaN,     394.51,   394.38,     394.51,   394.38
2014, 06,   41805, 2014.4548,      NaN,      NaN,     394.60,   394.49,     394.60,   394.49
2014, 07,   41835, 2014.5370,      NaN,      NaN,     395.12,   394.60,     395.12,   394.60
2014, 08,   41866, 2014.6219,   394.40,   393.62,     395.52,   394.74,     394.40,   393.62
2014, 09,   41897, 2014.7068,   395.69,   395.09,     395.47,   394.87,     395.69,   395.09
2014, 10,   41927, 2014.7890,      NaN,      NaN,     395.19,   395.02,     395.19,   395.02
2014, 11,   41958, 2014.8740,   394.99,   395.09,     395.10,   395.19,     394.99,   395.09
2014, 12,   41988, 2014.9562,   395.72,   395.82,     395.29,   395.39,     395.72,   395.82
2015, 01,   42019, 2015.0411,      NaN,      NaN,     395.17,   395.58,     395.17,   395.58
2015, 02,   42050, 2015.1260,   394.96,   395.98,     394.77,   395.79,     394.96,   395.98
2015, 03,   42078, 2015.2027,      NaN,      NaN,     395.28,   396.01,     395.28,   396.01
2015, 04,   42109, 2015.2877,      NaN,      NaN,     396.26,   396.25,     396.26,   396.25
2015, 05,   42139, 2015.3699,      NaN,      NaN,     396.50,   396.47,     396.50,   396.47
2015, 06,   42170, 2015.4548,   395.90,   395.75,     396.90,   396.75,     395.90,   395.75
2015, 07,   42200, 2015.5370,   397.89,   397.35,     397.54,   397.01,     397.89,   397.35
2015, 08,   42231, 2015.6219,      NaN,      NaN,     397.92,   397.33,     397.92,   397.33
2015, 09,   42262, 2015.7068,      NaN,      NaN,     398.39,   397.68,     398.39,   397.68
2015, 10,   42292, 2015.7890,   397.84,   397.63,     398.23,   398.01,     397.84,   397.63
2015, 11,   42323, 2015.8740,      NaN,      NaN,     398.04,   398.37,     398.04,   398.37
2015, 12,   42353, 2015.9562,   398.80,   398.79,     398.72,   398.70,     398.80,   398.79
2016, 01,   42384, 2016.0410,   399.16,   399.42,     398.80,   399.05,     399.16,   399.42
2016, 02,   42415, 2016.1257,      NaN,      NaN,     398.29,   399.38,     398.29,   399.38
2016, 03,   42444, 2016.2049,   399.16,   399.86,     398.97,   399.67,     399.16,   399.86
2016, 04,   42475, 2016.2896,      NaN,      NaN,     400.02,   399.92,     400.02,   399.92
2016, 05,   42505, 2016.3716,      NaN,      NaN,     400.20,   400.19,     400.20,   400.19
2016, 06,   42536, 2016.4563,   400.59,   400.44,     400.58,   400.43,     400.59,   400.44
2016, 07,   42566, 2016.5383,      NaN,      NaN,     401.11,   400.65,     401.11,   400.65
2016, 08,   42597, 2016.6230,   401.37,   400.75,     401.47,   400.85,     401.37,   400.75
2016, 09,   42628, 2016.7077,      NaN,      NaN,     401.78,   401.04,     401.78,   401.04
2016, 10,   42658, 2016.7896,   401.62,   401.33,     401.48,   401.19,     401.62,   401.33
2016, 11,   42689, 2016.8743,      NaN,      NaN,     401.19,   401.33,     401.19,   401.33
2016, 12,   42719, 2016.9563,      NaN,      NaN,     401.43,   401.47,     401.43,   401.47
2017, 01,   42750, 2017.0411,      NaN,      NaN,     401.34,   401.60,     401.34,   401.60
2017, 02,   42781, 2017.1260,   400.68,   401.68,     400.72,   401.72,     400.68,   401.68
2017, 03,   42809, 2017.2027,      NaN,      NaN,     401.10,   401.84,     401.10,   401.84
2017, 04,   42840, 2017.2877,      NaN,      NaN,     402.06,   401.98,     402.06,   401.98
2017, 05,   42870, 2017.3699,      NaN,      NaN,     402.15,   402.13,     402.15,   402.13
2017, 06,   42901, 2017.4548,   401.99,   401.95,     402.33,   402.29,     401.99,   401.95
2017, 07,   42931, 2017.5370,   403.61,   403.10,     402.96,   402.45,     403.61,   403.10
2017, 08,   42962, 2017.6219,   403.24,   402.66,     403.20,   402.62,     403.24,   402.66
2017, 09,   42993, 2017.7068,      NaN,      NaN,     403.35,   402.77,     403.35,   402.77
2017, 10,   43023, 2017.7890,      NaN,      NaN,     403.26,   402.94,     403.26,   402.94
2017, 11,   43054, 2017.8740,   402.75,   402.95,     402.91,   403.11,     402.75,   402.95
2017, 12,   43084, 2017.9562,      NaN,      NaN,     403.23,   403.28,     403.23,   403.28
2018, 01,   43115, 2018.0411,      NaN,      NaN,     403.24,   403.49,     403.24,   403.49
2018, 02,   43146, 2018.1260,      NaN,      NaN,     402.63,   403.69,     402.63,   403.69
2018, 03,   43174, 2018.2027,   402.95,   403.75,     403.05,   403.84,     402.95,   403.75
2018, 04,   43205, 2018.2877,   403.86,   403.85,     404.08,   404.07,     403.86,   403.85
2018, 05,   43235, 2018.3699,   404.39,   404.31,     404.37,   404.29,     404.39,   404.31
2018, 06,   43266, 2018.4548,   404.91,   404.78,     404.64,   404.51,     404.91,   404.78
2018, 07,   43296, 2018.5370,      NaN,      NaN,     405.27,   404.74,     405.27,   404.74
2018, 08,   43327, 2018.6219,      NaN,      NaN,     405.57,   404.95,     405.57,   404.95
2018, 09,   43358, 2018.7068,   406.09,   405.46,     405.78,   405.15,     406.09,   405.46
2018, 10,   43388, 2018.7890,      NaN,      NaN,     405.69,   405.34,     405.69,   405.34
2018, 11,   43419, 2018.8740,      NaN,      NaN,     405.33,   405.53,     405.33,   405.53
2018, 12,   43449, 2018.9562,   405.54,   405.66,     405.61,   405.73,     405.54,   405.66
2019, 01,   43480, 2019.0411,   405.66,   405.90,     405.71,   405.95,     405.66,   405.90
2019, 02,   43511, 2019.1260,   404.95,   405.95,     405.23,   406.22,     404.95,   405.95
2019, 03,   43539, 2019.2027,   405.26,   406.09,     405.63,   406.46,     405.26,   406.09
2019, 04,   43570, 2019.2877,   407.16,   407.22,     406.68,   406.74,     407.16,   407.22
2019, 05,   43600, 2019.3699,      NaN,      NaN,     407.00,   407.01,     407.00,   407.01
2019, 06,   43631, 2019.4548,      NaN,      NaN,     407.39,   407.27,     407.39,   407.27
2019, 07,   43661, 2019.5370,   408.66,   408.13,     408.04,   407.51,     408.66,   408.13
2019, 08,   43692, 2019.6219,   408.37,   407.79,     408.32,   407.74,     408.37,   407.79
2019, 09,   43723, 2019.7068,      NaN,      NaN,     408.58,   407.95,     408.58,   407.95
2019, 10,   43753, 2019.7890,   408.63,   408.23,     408.54,   408.13,     408.63,   408.23
2019, 11,   43784, 2019.8740,   407.74,   407.90,     408.16,   408.32,     407.74,   407.90
2019, 12,   43814, 2019.9562,      NaN,      NaN,     408.42,   408.50,     408.42,   408.50
2020, 01,   43845, 2020.0410,   408.42,   408.61,     408.50,   408.70,     408.42,   408.61
2020, 02,   43876, 2020.1257,      NaN,      NaN,     407.90,   408.90,     407.90,   408.90
2020, 03,   43905, 2020.2049,   408.48,   409.32,     408.25,   409.08,     408.48,   409.32
2020, 04,   43936, 2020.2896,      NaN,      NaN,     409.23,   409.28,     409.23,   409.28
2020, 05,   43966, 2020.3716,      NaN,      NaN,     409.47,   409.47,     409.47,   409.47
2020, 06,   43997, 2020.4563,   409.80,   409.68,     409.80,   409.68,     409.80,   409.68
2020, 07,   44027, 2020.5383,   410.27,   409.73,     410.42,   409.88,     410.27,   409.73
2020, 08,   44058, 2020.6230,      NaN,      NaN,     410.68,   410.09,     410.68,   410.09
2020, 09,   44089, 2020.7077,   411.09,   410.44,     410.95,   410.30,     411.09,   410.44
2020, 10,   44119, 2020.7896,   410.98,   410.57,     410.91,   410.50,     410.98,   410.57
2020, 11,   44150, 2020.8743,   410.68,   410.85,     410.53,   410.70,     410.68,   410.85
2020, 12,   44180, 2020.9563,      NaN,      NaN,     410.79,   410.87,     410.79,   410.87
2021, 01,   44211, 2021.0411,      NaN,      NaN,     410.84,   411.04,     410.84,   411.04
2021, 02,   44242, 2021.1260,   410.02,   411.05,     410.18,   411.20,     410.02,   411.05
2021, 03,   44270, 2021.2027,      NaN,      NaN,     410.47,   411.34,     410.47,   411.34
2021, 04,   44301, 2021.2877,   411.54,   411.60,     411.43,   411.49,     411.54,   411.60
2021, 05,   44331, 2021.3699,      NaN,      NaN,     411.62,   411.63,     411.62,   411.63
2021, 06,   44362, 2021.4548,      NaN,      NaN,     411.89,   411.77,     411.89,   411.77
2021, 07,   44392, 2021.5370,      NaN,      NaN,     412.46,   411.91,     412.46,   411.91
2021, 08,   44423, 2021.6219,   412.72,   412.11,     412.66,   412.05,     412.72,   412.11
2021, 09,   44454, 2021.7068,   412.49,   411.82,     412.87,   412.20,     412.49,   411.82
2021, 10,   44484, 2021.7890,   413.06,   412.64,     412.79,   412.36,     413.06,   412.64
2021, 11,   44515, 2021.8740,   412.28,   412.45,     412.36,   412.53,     412.28,   412.45
2021, 12,   44545, 2021.9562,      NaN,      NaN,     412.62,   412.70,     412.62,   412.70
2022, 01,   44576, 2022.0411,   412.74,   412.95,     412.68,   412.89,     412.74,   412.95
2022, 02,   44607, 2022.1260,      NaN,      NaN,     412.03,   413.08,     412.03,   413.08
2022, 03,   44635, 2022.2027,   411.90,   412.80,     412.36,   413.26,     411.90,   412.80
2022, 04,   44666, 2022.2877,   413.34,   413.40,     413.41,   413.47,     413.34,   413.40
2022, 05,   44696, 2022.3699,   413.92,   413.92,     413.67,   413.67,     413.92,   413.92
2022, 06,   44727, 2022.4548,   414.34,   414.21,     414.00,   413.88,     414.34,   414.21
2022, 07,   44757, 2022.5370,      NaN,      NaN,     414.64,   414.07,     414.64,   414.07
2022, 08,   44788, 2022.6219,   414.55,   413.93,     414.88,   414.26,     414.55,   413.93
2022, 09,   44819, 2022.7068,   415.43,   414.75,     415.13,   414.45,     415.43,   414.75
2022, 10,   44849, 2022.7890,      NaN,      NaN,     415.06,   414.62,     415.06,   414.62
2022, 11,   44880, 2022.8740,   414.46,   414.63,     414.62,   414.79,     414.46,   414.63
2022, 12,   44910, 2022.9562,      NaN,      NaN,     414.87,   414.96,     414.87,   414.96
2023, 01,   44941, 2023.0411,   414.56,   414.78,     414.91,   415.12,     414.56,   414.78
2023, 02,   44972, 2023.1260,   414.81,   415.89,     414.21,   415.28,     414.81,   415.89
2023, 03,   45000, 2023.2027,   414.48,   415.39,     414.50,   415.42,     414.48,   415.39
2023, 04,   45031, 2023.2877,      NaN,      NaN,     415.49,   415.55,     415.49,   415.55
2023, 05,   45061, 2023.3699,   415.64,   415.64,     415.67,   415.68,     415.64,   415.64
2023, 06,   45092, 2023.4548,      NaN,      NaN,     415.93,   415.80,     415.93,   415.80
2023, 07,   45122, 2023.5370,   416.53,   415.95,     416.50,   415.92,     416.53,   415.95
2023, 08,   45153, 2023.6219,   416.35,   415.72,     416.69,   416.06,     416.35,   415.72
2023, 09,   45184, 2023.7068,      NaN,      NaN,     416.89,   416.20,     416.89,   416.20
2023, 10,   45214, 2023.7890,      NaN,      NaN,     416.78,   416.34,     416.78,   416.34
2023, 11,   45245, 2023.8740,   416.44,   416.62,     416.31,   416.49,     416.44,   416.62
2023, 12,   45275, 2023.9562,      NaN,      NaN,     416.55,   416.64,     416.55,   416.64
