"-------------------------------------------------------------------------------------------"
" Monthly average CO2 concentrations (ppm) derived from flask air samples                   "
" Cape Kumukahi, Hawaii.                                                                    "
"                                                                                           "
" Source: R. F. Keeling and S. J. Walker                                                    "
" Scripps CO2 Program ( http://scrippsco2.ucsd.edu )                                        "
" Scripps Institution of Oceanography (SIO)                                                 "
" University of California                                                                  "
" La Jolla, California USA 92093-0244                                                       "
"                                                                                           "
" Status of data and correspondence:                                                        "
"                                                                                           "
" These data are subject to revision based on recalibration of standard gases. Questions    "
" about the data should be directed to Dr. Ralph Keeling (rkeeling AT ucsd.edu) and         "
" Dr. Stephen Walker (sjwalker AT ucsd.edu), Scripps CO2 Program.                           "
"                                                                                           "
" Flask data from archive dated 19-Apr-2024 10:43:25                                        "
"                                                                                           "
"-------------------------------------------------------------------------------------------"
"                                                                                           "
" Please cite as:                                                                           "
"                                                                                           "
" C. D. Keeling, S. C. Piper, R. B. Bacastow, M. Wahlen, T. P. Whorf, M. Heimann, and       "
" H. A. Meijer, Exchanges of atmospheric CO2 and 13CO2 with the terrestrial biosphere and   "
" oceans from 1978 to 2000.  I. Global aspects, SIO Reference Series, No. 01-06, Scripps    "
" Institution of Oceanography, San Diego, 88 pages, 2001.                                   "
"                                                                                           "
" If it is necessary to cite a peer-reviewed article, please cite as:                       "
"                                                                                           "
" C. D. Keeling, S. C. Piper, R. B. Bacastow, M. Wahlen, T. P. Whorf, M. Heimann, and       "
" H. A. Meijer, Atmospheric CO2 and 13CO2 exchange with the terrestrial biosphere and       "
" oceans from 1978 to 2000: observations and carbon cycle implications, pages 83-113,       "
" in "A History of Atmospheric CO2 and its effects on Plants, Animals, and Ecosystems",     "
" editors, Ehleringer, J.R., T. E. Cerling, M. D. Dearing, Springer Verlag,                 "
" New York, 2005.                                                                           "
"                                                                                           "
"-------------------------------------------------------------------------------------------"
"                                                                                           "
" The data file below contains 10 columns.  Columns 1-4 give the dates in several redundant "
" formats. Column 5 below gives monthly CO2 concentrations in micro-mol CO2 per mole (ppm)  "
" reported on the 2012 SIO manometric mole fraction scale.  This is the standard           "
" version of the data most often sought.  The monthly values have been adjusted             "
" to 24:00 hours on the 15th of each month.  Column 6 gives the same data after a seasonal  "
" adjustment to remove the quasi-regular seasonal cycle.  The adjustment involves           "
" subtracting from the data a 4-harmonic fit with a linear gain factor.  Column 7 is a      "
" smoothed version of the data generated from a stiff cubic spline function plus 4-harmonic "
" functions with linear gain.  Column 8 is the same smoothed version with the seasonal      "
" cycle removed.  Column 9 is identical to Column 5 except that the missing values from     "
" Column 5 have been filled with values from Column 7.  Column 10 is identical to Column 6  "
" except missing values have been filled with values from Column 8.  Missing values are     "
" denoted by -99.99                                                                         "
"                                                                                           "
" CO2 concentrations are reported on the Scripps '12' Calibration scale                     "
"                                                                                           "
  Yr, Mn,    Date,      Date,     CO2,seasonally,        fit,  seasonally,      CO2, seasonally
    ,   ,        ,          ,        ,  adjusted,           ,adjusted fit,   filled,adjusted filled
    ,   ,   Excel,          ,     ppm,      ppm,        ppm,      ppm,       ppm,      ppm
1979, 01,   28870, 1979.0411,      NaN,      NaN,     338.01,   337.26,     338.01,   337.26
1979, 02,   28901, 1979.1260,      NaN,      NaN,     339.07,   337.40,     339.07,   337.40
1979, 03,   28929, 1979.2027,   338.97,   336.75,     339.73,   337.51,     338.97,   336.75
1979, 04,   28960, 1979.2877,   339.75,   336.76,     340.63,   337.64,     339.75,   336.76
1979, 05,   28990, 1979.3699,   343.52,   339.99,     341.30,   337.77,     343.52,   339.99
1979, 06,   29021, 1979.4548,   340.01,   337.79,     340.12,   337.90,     340.01,   337.79
1979, 07,   29051, 1979.5370,      NaN,      NaN,     337.37,   338.01,     337.37,   338.01
1979, 08,   29082, 1979.6219,   336.71,   340.09,     334.75,   338.13,     336.71,   340.09
1979, 09,   29113, 1979.7068,   333.67,   338.05,     333.87,   338.25,     333.67,   338.05
1979, 10,   29143, 1979.7890,   334.70,   337.97,     335.08,   338.35,     334.70,   337.97
1979, 11,   29174, 1979.8740,      NaN,      NaN,     337.09,   338.46,     337.09,   338.46
1979, 12,   29204, 1979.9562,   337.94,   338.13,     338.37,   338.56,     337.94,   338.13
1980, 01,   29235, 1980.0410,      NaN,      NaN,     339.41,   338.66,     339.41,   338.66
1980, 02,   29266, 1980.1257,   340.67,   338.99,     340.45,   338.76,     340.67,   338.99
1980, 03,   29295, 1980.2049,   340.68,   338.44,     341.10,   338.86,     340.68,   338.44
1980, 04,   29326, 1980.2896,   342.64,   339.62,     341.98,   338.96,     342.64,   339.62
1980, 05,   29356, 1980.3716,   343.31,   339.77,     342.60,   339.06,     343.31,   339.77
1980, 06,   29387, 1980.4563,   341.56,   339.37,     341.35,   339.16,     341.56,   339.37
1980, 07,   29417, 1980.5383,   337.72,   338.42,     338.56,   339.26,     337.72,   338.42
1980, 08,   29448, 1980.6230,   336.64,   340.06,     335.94,   339.37,     336.64,   340.06
1980, 09,   29479, 1980.7077,   335.12,   339.51,     335.08,   339.47,     335.12,   339.51
1980, 10,   29509, 1980.7896,   336.31,   339.58,     336.30,   339.57,     336.31,   339.58
1980, 11,   29540, 1980.8743,   339.00,   340.37,     338.30,   339.67,     339.00,   340.37
1980, 12,   29570, 1980.9563,   339.08,   339.27,     339.57,   339.76,     339.08,   339.27
1981, 01,   29601, 1981.0411,   341.07,   340.32,     340.61,   339.86,     341.07,   340.32
1981, 02,   29632, 1981.1260,   341.03,   339.34,     341.65,   339.95,     341.03,   339.34
1981, 03,   29660, 1981.2027,   342.83,   340.60,     342.27,   340.04,     342.83,   340.60
1981, 04,   29691, 1981.2877,   342.65,   339.64,     343.14,   340.13,     342.65,   339.64
1981, 05,   29721, 1981.3699,      NaN,      NaN,     343.78,   340.22,     343.78,   340.22
1981, 06,   29752, 1981.4548,      NaN,      NaN,     342.55,   340.31,     342.55,   340.31
1981, 07,   29782, 1981.5370,   338.10,   338.75,     339.75,   340.40,     338.10,   338.75
1981, 08,   29813, 1981.6219,   336.88,   340.29,     337.08,   340.49,     336.88,   340.29
1981, 09,   29844, 1981.7068,   336.47,   340.87,     336.18,   340.59,     336.47,   340.87
1981, 10,   29874, 1981.7890,   337.80,   341.10,     337.38,   340.67,     337.80,   341.10
1981, 11,   29905, 1981.8740,   339.05,   340.43,     339.38,   340.76,     339.05,   340.43
1981, 12,   29935, 1981.9562,   341.52,   341.71,     340.65,   340.84,     341.52,   341.71
1982, 01,   29966, 1982.0411,   342.15,   341.39,     341.68,   340.92,     342.15,   341.39
1982, 02,   29997, 1982.1260,   341.88,   340.18,     342.70,   341.00,     341.88,   340.18
1982, 03,   30025, 1982.2027,   343.39,   341.14,     343.32,   341.07,     343.39,   341.14
1982, 04,   30056, 1982.2877,   344.34,   341.32,     344.17,   341.15,     344.34,   341.32
1982, 05,   30086, 1982.3699,   345.03,   341.46,     344.79,   341.22,     345.03,   341.46
1982, 06,   30117, 1982.4548,   343.78,   341.53,     343.55,   341.30,     343.78,   341.53
1982, 07,   30147, 1982.5370,   340.73,   341.39,     340.71,   341.37,     340.73,   341.39
1982, 08,   30178, 1982.6219,   338.30,   341.73,     338.03,   341.45,     338.30,   341.73
1982, 09,   30209, 1982.7068,      NaN,      NaN,     337.11,   341.53,     337.11,   341.53
1982, 10,   30239, 1982.7890,   337.57,   340.88,     338.32,   341.62,     337.57,   340.88
1982, 11,   30270, 1982.8740,   340.06,   341.44,     340.34,   341.73,     340.06,   341.44
1982, 12,   30300, 1982.9562,   341.34,   341.54,     341.65,   341.84,     341.34,   341.54
1983, 01,   30331, 1983.0411,   342.00,   341.24,     342.74,   341.98,     342.00,   341.24
1983, 02,   30362, 1983.1260,   343.70,   342.00,     343.83,   342.12,     343.70,   342.00
1983, 03,   30390, 1983.2027,   345.00,   342.75,     344.52,   342.27,     345.00,   342.75
1983, 04,   30421, 1983.2877,   345.43,   342.40,     345.46,   342.43,     345.43,   342.40
1983, 05,   30451, 1983.3699,   346.25,   342.67,     346.17,   342.59,     346.25,   342.67
1983, 06,   30482, 1983.4548,   344.98,   342.72,     345.02,   342.76,     344.98,   342.72
1983, 07,   30512, 1983.5370,   342.42,   343.08,     342.26,   342.92,     342.42,   343.08
1983, 08,   30543, 1983.6219,   339.63,   343.06,     339.66,   343.09,     339.63,   343.06
1983, 09,   30574, 1983.7068,   338.54,   342.97,     338.82,   343.26,     338.54,   342.97
1983, 10,   30604, 1983.7890,   340.42,   343.74,     340.10,   343.42,     340.42,   343.74
1983, 11,   30635, 1983.8740,   342.49,   343.88,     342.18,   343.57,     342.49,   343.88
1983, 12,   30665, 1983.9562,   343.79,   343.98,     343.52,   343.72,     343.79,   343.98
1984, 01,   30696, 1984.0410,   344.64,   343.88,     344.62,   343.86,     344.64,   343.88
1984, 02,   30727, 1984.1257,   345.68,   343.98,     345.70,   343.99,     345.68,   343.98
1984, 03,   30756, 1984.2049,   345.95,   343.68,     346.38,   344.11,     345.95,   343.68
1984, 04,   30787, 1984.2896,   348.14,   345.08,     347.29,   344.22,     348.14,   345.08
1984, 05,   30817, 1984.3716,   348.02,   344.43,     347.92,   344.33,     348.02,   344.43
1984, 06,   30848, 1984.4563,   346.75,   344.53,     346.65,   344.42,     346.75,   344.53
1984, 07,   30878, 1984.5383,   343.96,   344.67,     343.81,   344.52,     343.96,   344.67
1984, 08,   30909, 1984.6230,   340.50,   343.97,     341.14,   344.61,     340.50,   343.97
1984, 09,   30940, 1984.7077,   340.21,   344.66,     340.26,   344.70,     340.21,   344.66
1984, 10,   30970, 1984.7896,   341.67,   344.99,     341.48,   344.80,     341.67,   344.99
1984, 11,   31001, 1984.8743,   342.94,   344.33,     343.52,   344.90,     342.94,   344.33
1984, 12,   31031, 1984.9563,   344.52,   344.71,     344.82,   345.01,     344.52,   344.71
1985, 01,   31062, 1985.0411,   346.16,   345.40,     345.88,   345.12,     346.16,   345.40
1985, 02,   31093, 1985.1260,   346.27,   344.55,     346.95,   345.24,     346.27,   344.55
1985, 03,   31121, 1985.2027,   347.70,   345.43,     347.61,   345.35,     347.70,   345.43
1985, 04,   31152, 1985.2877,   348.31,   345.25,     348.52,   345.47,     348.31,   345.25
1985, 05,   31182, 1985.3699,   349.95,   346.34,     349.19,   345.59,     349.95,   346.34
1985, 06,   31213, 1985.4548,   348.68,   346.41,     347.97,   345.70,     348.68,   346.41
1985, 07,   31243, 1985.5370,   345.68,   346.35,     345.14,   345.81,     345.68,   346.35
1985, 08,   31274, 1985.6219,   342.65,   346.11,     342.45,   345.91,     342.65,   346.11
1985, 09,   31305, 1985.7068,   340.94,   345.41,     341.55,   346.01,     340.94,   345.41
1985, 10,   31335, 1985.7890,   342.95,   346.29,     342.77,   346.11,     342.95,   346.29
1985, 11,   31366, 1985.8740,   344.27,   345.67,     344.82,   346.22,     344.27,   345.67
1985, 12,   31396, 1985.9562,   346.25,   346.45,     346.14,   346.33,     346.25,   346.45
1986, 01,   31427, 1986.0411,   346.90,   346.13,     347.23,   346.46,     346.90,   346.13
1986, 02,   31458, 1986.1260,   348.01,   346.29,     348.32,   346.59,     348.01,   346.29
1986, 03,   31486, 1986.2027,   348.43,   346.15,     349.00,   346.73,     348.43,   346.15
1986, 04,   31517, 1986.2877,   349.86,   346.79,     349.94,   346.88,     349.86,   346.79
1986, 05,   31547, 1986.3699,   350.29,   346.67,     350.66,   347.03,     350.29,   346.67
1986, 06,   31578, 1986.4548,   349.97,   347.68,     349.48,   347.20,     349.97,   347.68
1986, 07,   31608, 1986.5370,   347.07,   347.74,     346.69,   347.35,     347.07,   347.74
1986, 08,   31639, 1986.6219,   344.49,   347.96,     344.04,   347.51,     344.49,   347.96
1986, 09,   31670, 1986.7068,   343.69,   348.17,     343.18,   347.66,     343.69,   348.17
1986, 10,   31700, 1986.7890,   344.72,   348.08,     344.45,   347.81,     344.72,   348.08
1986, 11,   31731, 1986.8740,   346.57,   347.97,     346.55,   347.95,     346.57,   347.97
1986, 12,   31761, 1986.9562,   347.74,   347.93,     347.90,   348.09,     347.74,   347.93
1987, 01,   31792, 1987.0411,   349.09,   348.32,     349.01,   348.24,     349.09,   348.32
1987, 02,   31823, 1987.1260,   349.22,   347.49,     350.13,   348.40,     349.22,   347.49
1987, 03,   31851, 1987.2027,   350.69,   348.41,     350.84,   348.56,     350.69,   348.41
1987, 04,   31882, 1987.2877,   351.59,   348.52,     351.81,   348.73,     351.59,   348.52
1987, 05,   31912, 1987.3699,   352.19,   348.56,     352.55,   348.92,     352.19,   348.56
1987, 06,   31943, 1987.4548,   352.04,   349.75,     351.40,   349.11,     352.04,   349.75
1987, 07,   31973, 1987.5370,   348.73,   349.40,     348.63,   349.30,     348.73,   349.40
1987, 08,   32004, 1987.6219,   346.36,   349.84,     346.02,   349.50,     346.36,   349.84
1987, 09,   32035, 1987.7068,   344.98,   349.48,     345.21,   349.71,     344.98,   349.48
1987, 10,   32065, 1987.7890,   346.65,   350.01,     346.54,   349.91,     346.65,   350.01
1987, 11,   32096, 1987.8740,   348.25,   349.66,     348.71,   350.12,     348.25,   349.66
1987, 12,   32126, 1987.9562,   349.96,   350.16,     350.13,   350.33,     349.96,   350.16
1988, 01,   32157, 1988.0410,   350.90,   350.13,     351.31,   350.54,     350.90,   350.13
1988, 02,   32188, 1988.1257,   352.74,   351.01,     352.48,   350.75,     352.74,   351.01
1988, 03,   32217, 1988.2049,   352.87,   350.57,     353.25,   350.95,     352.87,   350.57
1988, 04,   32248, 1988.2896,   354.45,   351.35,     354.26,   351.15,     354.45,   351.35
1988, 05,   32278, 1988.3716,   354.96,   351.32,     354.98,   351.34,     354.96,   351.32
1988, 06,   32309, 1988.4563,   354.00,   351.75,     353.78,   351.52,     354.00,   351.75
1988, 07,   32339, 1988.5383,   351.51,   352.23,     350.97,   351.69,     351.51,   352.23
1988, 08,   32370, 1988.6230,   349.28,   352.80,     348.32,   351.84,     349.28,   352.80
1988, 09,   32401, 1988.7077,   347.33,   351.85,     347.47,   351.98,     347.33,   351.85
1988, 10,   32431, 1988.7896,   349.17,   352.53,     348.74,   352.10,     349.17,   352.53
1988, 11,   32462, 1988.8743,   350.79,   352.20,     350.82,   352.22,     350.79,   352.20
1988, 12,   32492, 1988.9563,   351.63,   351.83,     352.14,   352.33,     351.63,   351.83
1989, 01,   32523, 1989.0411,   353.37,   352.60,     353.22,   352.45,     353.37,   352.60
1989, 02,   32554, 1989.1260,   353.12,   351.37,     354.30,   352.56,     353.12,   351.37
1989, 03,   32582, 1989.2027,   354.13,   351.83,     354.98,   352.68,     354.13,   351.83
1989, 04,   32613, 1989.2877,   356.11,   353.01,     355.90,   352.81,     356.11,   353.01
1989, 05,   32643, 1989.3699,   356.78,   353.12,     356.60,   352.94,     356.78,   353.12
1989, 06,   32674, 1989.4548,   355.76,   353.45,     355.38,   353.08,     355.76,   353.45
1989, 07,   32704, 1989.5370,   352.62,   353.29,     352.54,   353.21,     352.62,   353.29
1989, 08,   32735, 1989.6219,   350.29,   353.80,     349.84,   353.35,     350.29,   353.80
1989, 09,   32766, 1989.7068,   349.02,   353.55,     348.95,   353.48,     349.02,   353.55
1989, 10,   32796, 1989.7890,   349.97,   353.36,     350.23,   353.62,     349.97,   353.36
1989, 11,   32827, 1989.8740,   351.81,   353.23,     352.34,   353.76,     351.81,   353.23
1989, 12,   32857, 1989.9562,   354.00,   354.20,     353.69,   353.89,     354.00,   354.20
1990, 01,   32888, 1990.0411,   354.44,   353.66,     354.81,   354.03,     354.44,   353.66
1990, 02,   32919, 1990.1260,   356.54,   354.80,     355.92,   354.17,     356.54,   354.80
1990, 03,   32947, 1990.2027,   356.74,   354.43,     356.61,   354.30,     356.74,   354.43
1990, 04,   32978, 1990.2877,   357.30,   354.19,     357.55,   354.44,     357.30,   354.19
1990, 05,   33008, 1990.3699,   357.68,   354.01,     358.24,   354.57,     357.68,   354.01
1990, 06,   33039, 1990.4548,   356.83,   354.51,     357.02,   354.71,     356.83,   354.51
1990, 07,   33069, 1990.5370,   354.56,   355.24,     354.16,   354.84,     354.56,   355.24
1990, 08,   33100, 1990.6219,   352.63,   356.15,     351.45,   354.97,     352.63,   356.15
1990, 09,   33131, 1990.7068,   350.12,   354.66,     350.55,   355.09,     350.12,   354.66
1990, 10,   33161, 1990.7890,   351.80,   355.20,     351.80,   355.20,     351.80,   355.20
1990, 11,   33192, 1990.8740,   354.40,   355.82,     353.89,   355.31,     354.40,   355.82
1990, 12,   33222, 1990.9562,   355.02,   355.22,     355.22,   355.42,     355.02,   355.22
1991, 01,   33253, 1991.0411,   355.95,   355.17,     356.30,   355.52,     355.95,   355.17
1991, 02,   33284, 1991.1260,   356.93,   355.18,     357.37,   355.62,     356.93,   355.18
1991, 03,   33312, 1991.2027,   358.08,   355.76,     358.02,   355.71,     358.08,   355.76
1991, 04,   33343, 1991.2877,   358.92,   355.80,     358.92,   355.80,     358.92,   355.80
1991, 05,   33373, 1991.3699,   360.19,   356.50,     359.57,   355.88,     360.19,   356.50
1991, 06,   33404, 1991.4548,   358.04,   355.72,     358.28,   355.96,     358.04,   355.72
1991, 07,   33434, 1991.5370,   355.52,   356.20,     355.35,   356.03,     355.52,   356.20
1991, 08,   33465, 1991.6219,   353.14,   356.67,     352.56,   356.10,     353.14,   356.67
1991, 09,   33496, 1991.7068,   351.26,   355.82,     351.59,   356.15,     351.26,   355.82
1991, 10,   33526, 1991.7890,   353.00,   356.41,     352.80,   356.21,     353.00,   356.41
1991, 11,   33557, 1991.8740,   354.55,   355.98,     354.83,   356.26,     354.55,   355.98
1991, 12,   33587, 1991.9562,   355.48,   355.67,     356.11,   356.31,     355.48,   355.67
1992, 01,   33618, 1992.0410,   357.10,   356.32,     357.14,   356.36,     357.10,   356.32
1992, 02,   33649, 1992.1257,   358.44,   356.69,     358.16,   356.41,     358.44,   356.69
1992, 03,   33678, 1992.2049,   359.02,   356.68,     358.79,   356.45,     359.02,   356.68
1992, 04,   33709, 1992.2896,   360.01,   356.85,     359.64,   356.49,     360.01,   356.85
1992, 05,   33739, 1992.3716,   360.28,   356.58,     360.22,   356.52,     360.28,   356.58
1992, 06,   33770, 1992.4563,   358.77,   356.49,     358.84,   356.56,     358.77,   356.49
1992, 07,   33800, 1992.5383,   354.01,   354.74,     355.86,   356.59,     354.01,   354.74
1992, 08,   33831, 1992.6230,   353.07,   356.64,     353.06,   356.63,     353.07,   356.64
1992, 09,   33862, 1992.7077,   352.21,   356.78,     352.09,   356.67,     352.21,   356.78
1992, 10,   33892, 1992.7896,   353.36,   356.77,     353.30,   356.71,     353.36,   356.77
1992, 11,   33923, 1992.8743,   355.08,   356.51,     355.33,   356.76,     355.08,   356.51
1992, 12,   33953, 1992.9563,   356.92,   357.12,     356.61,   356.81,     356.92,   357.12
1993, 01,   33984, 1993.0411,   357.63,   356.85,     357.65,   356.87,     357.63,   356.85
1993, 02,   34015, 1993.1260,   359.13,   357.37,     358.70,   356.93,     359.13,   357.37
1993, 03,   34043, 1993.2027,   358.91,   356.58,     359.33,   357.00,     358.91,   356.58
1993, 04,   34074, 1993.2877,   360.18,   357.04,     360.21,   357.07,     360.18,   357.04
1993, 05,   34104, 1993.3699,   361.45,   357.74,     360.87,   357.16,     361.45,   357.74
1993, 06,   34135, 1993.4548,   359.72,   357.39,     359.59,   357.25,     359.72,   357.39
1993, 07,   34165, 1993.5370,   355.46,   356.14,     356.68,   357.36,     355.46,   356.14
1993, 08,   34196, 1993.6219,   353.58,   357.13,     353.93,   357.48,     353.58,   357.13
1993, 09,   34227, 1993.7068,   352.64,   357.23,     353.02,   357.62,     352.64,   357.23
1993, 10,   34257, 1993.7890,   354.40,   357.84,     354.33,   357.76,     354.40,   357.84
1993, 11,   34288, 1993.8740,   356.06,   357.49,     356.48,   357.92,     356.06,   357.49
1993, 12,   34318, 1993.9562,   358.40,   358.60,     357.89,   358.09,     358.40,   358.60
1994, 01,   34349, 1994.0411,   359.39,   358.60,     359.05,   358.26,     359.39,   358.60
1994, 02,   34380, 1994.1260,   360.51,   358.74,     360.21,   358.44,     360.51,   358.74
1994, 03,   34408, 1994.2027,   361.48,   359.14,     360.94,   358.60,     361.48,   359.14
1994, 04,   34439, 1994.2877,   361.81,   358.65,     361.93,   358.78,     361.81,   358.65
1994, 05,   34469, 1994.3699,   362.47,   358.75,     362.68,   358.96,     362.47,   358.75
1994, 06,   34500, 1994.4548,   361.25,   358.91,     361.49,   359.14,     361.25,   358.91
1994, 07,   34530, 1994.5370,   358.28,   358.96,     358.64,   359.32,     358.28,   358.96
1994, 08,   34561, 1994.6219,   356.38,   359.95,     355.94,   359.50,     356.38,   359.95
1994, 09,   34592, 1994.7068,   354.74,   359.35,     355.08,   359.69,     354.74,   359.35
1994, 10,   34622, 1994.7890,   356.22,   359.67,     356.42,   359.87,     356.22,   359.67
1994, 11,   34653, 1994.8740,   358.66,   360.10,     358.60,   360.04,     358.66,   360.10
1994, 12,   34683, 1994.9562,   360.94,   361.15,     360.01,   360.21,     360.94,   361.15
1995, 01,   34714, 1995.0411,   360.81,   360.01,     361.17,   360.38,     360.81,   360.01
1995, 02,   34745, 1995.1260,   362.81,   361.03,     362.32,   360.55,     362.81,   361.03
1995, 03,   34773, 1995.2027,   362.77,   360.42,     363.04,   360.69,     362.77,   360.42
1995, 04,   34804, 1995.2877,   365.00,   361.84,     364.01,   360.85,     365.00,   361.84
1995, 05,   34834, 1995.3699,   364.23,   360.50,     364.73,   361.00,     364.23,   360.50
1995, 06,   34865, 1995.4548,   362.83,   360.48,     363.50,   361.15,     362.83,   360.48
1995, 07,   34895, 1995.5370,   360.40,   361.09,     360.61,   361.30,     360.40,   361.09
1995, 08,   34926, 1995.6219,   357.68,   361.26,     357.87,   361.45,     357.68,   361.26
1995, 09,   34957, 1995.7068,   357.50,   362.12,     356.98,   361.61,     357.50,   362.12
1995, 10,   34987, 1995.7890,   359.27,   362.73,     358.29,   361.75,     359.27,   362.73
1995, 11,   35018, 1995.8740,   359.80,   361.25,     360.45,   361.90,     359.80,   361.25
1995, 12,   35048, 1995.9562,   361.20,   361.40,     361.84,   362.04,     361.20,   361.40
1996, 01,   35079, 1996.0410,   362.60,   361.81,     362.97,   362.18,     362.60,   361.81
1996, 02,   35110, 1996.1257,   364.14,   362.36,     364.10,   362.32,     364.14,   362.36
1996, 03,   35139, 1996.2049,   364.49,   362.12,     364.83,   362.46,     364.49,   362.12
1996, 04,   35170, 1996.2896,   365.84,   362.65,     365.79,   362.60,     365.84,   362.65
1996, 05,   35200, 1996.3716,   365.60,   361.86,     366.48,   362.74,     365.60,   361.86
1996, 06,   35231, 1996.4563,   366.62,   364.30,     365.19,   362.87,     366.62,   364.30
1996, 07,   35261, 1996.5383,   362.60,   363.34,     362.26,   363.00,     362.60,   363.34
1996, 08,   35292, 1996.6230,   360.11,   363.72,     359.51,   363.13,     360.11,   363.72
1996, 09,   35323, 1996.7077,   358.63,   363.27,     358.60,   363.24,     358.63,   363.27
1996, 10,   35353, 1996.7896,   360.08,   363.54,     359.89,   363.35,     360.08,   363.54
1996, 11,   35384, 1996.8743,   361.99,   363.44,     362.01,   363.45,     361.99,   363.44
1996, 12,   35414, 1996.9563,   363.67,   363.87,     363.35,   363.55,     363.67,   363.87
1997, 01,   35445, 1997.0411,   364.35,   363.56,     364.45,   363.66,     364.35,   363.56
1997, 02,   35476, 1997.1260,   365.57,   363.78,     365.56,   363.77,     365.57,   363.78
1997, 03,   35504, 1997.2027,   365.53,   363.16,     366.24,   363.87,     365.53,   363.16
1997, 04,   35535, 1997.2877,   366.86,   363.68,     367.18,   364.00,     366.86,   363.68
1997, 05,   35565, 1997.3699,   368.46,   364.70,     367.90,   364.13,     368.46,   364.70
1997, 06,   35596, 1997.4548,   366.74,   364.37,     366.65,   364.28,     366.74,   364.37
1997, 07,   35626, 1997.5370,   362.89,   363.58,     363.75,   364.44,     362.89,   363.58
1997, 08,   35657, 1997.6219,   361.61,   365.21,     361.02,   364.62,     361.61,   365.21
1997, 09,   35688, 1997.7068,   359.63,   364.29,     360.16,   364.81,     359.63,   364.29
1997, 10,   35718, 1997.7890,   360.63,   364.11,     361.53,   365.02,     360.63,   364.11
1997, 11,   35749, 1997.8740,   363.02,   364.47,     363.78,   365.24,     363.02,   364.47
1997, 12,   35779, 1997.9562,   366.23,   366.44,     365.26,   365.46,     366.23,   366.44
1998, 01,   35810, 1998.0411,   366.34,   365.54,     366.50,   365.71,     366.34,   365.54
1998, 02,   35841, 1998.1260,   368.31,   366.51,     367.74,   365.95,     368.31,   366.51
1998, 03,   35869, 1998.2027,   369.26,   366.89,     368.54,   366.17,     369.26,   366.89
1998, 04,   35900, 1998.2877,   369.63,   366.44,     369.60,   366.40,     369.63,   366.44
1998, 05,   35930, 1998.3699,   369.86,   366.08,     370.41,   366.63,     369.86,   366.08
1998, 06,   35961, 1998.4548,   368.32,   365.94,     369.24,   366.86,     368.32,   365.94
1998, 07,   35991, 1998.5370,   366.17,   366.87,     366.39,   367.08,     366.17,   366.87
1998, 08,   36022, 1998.6219,   364.28,   367.90,     363.68,   367.30,     364.28,   367.90
1998, 09,   36053, 1998.7068,   361.34,   366.01,     362.83,   367.51,     361.34,   366.01
1998, 10,   36083, 1998.7890,   364.74,   368.24,     364.20,   367.69,     364.74,   368.24
1998, 11,   36114, 1998.8740,   366.79,   368.25,     366.40,   367.86,     366.79,   368.25
1998, 12,   36144, 1998.9562,   367.80,   368.00,     367.81,   368.01,     367.80,   368.00
1999, 01,   36175, 1999.0411,   369.77,   368.97,     368.94,   368.14,     369.77,   368.97
1999, 02,   36206, 1999.1260,   369.95,   368.15,     370.06,   368.26,     369.95,   368.15
1999, 03,   36234, 1999.2027,   371.29,   368.91,     370.72,   368.35,     371.29,   368.91
1999, 04,   36265, 1999.2877,   372.06,   368.85,     371.64,   368.43,     372.06,   368.85
1999, 05,   36295, 1999.3699,   372.05,   368.26,     372.29,   368.51,     372.05,   368.26
1999, 06,   36326, 1999.4548,   370.57,   368.18,     370.97,   368.58,     370.57,   368.18
1999, 07,   36356, 1999.5370,   368.44,   369.14,     367.96,   368.66,     368.44,   369.14
1999, 08,   36387, 1999.6219,   364.44,   368.07,     365.12,   368.75,     364.44,   368.07
1999, 09,   36418, 1999.7068,   362.99,   367.67,     364.16,   368.85,     362.99,   367.67
1999, 10,   36448, 1999.7890,   365.04,   368.55,     365.45,   368.96,     365.04,   368.55
1999, 11,   36479, 1999.8740,   367.46,   368.92,     367.61,   369.08,     367.46,   368.92
1999, 12,   36509, 1999.9562,   369.25,   369.46,     369.01,   369.21,     369.25,   369.46
2000, 01,   36540, 2000.0410,   370.03,   369.23,     370.16,   369.35,     370.03,   369.23
2000, 02,   36571, 2000.1257,   371.19,   369.39,     371.31,   369.50,     371.19,   369.39
2000, 03,   36600, 2000.2049,   372.62,   370.21,     372.04,   369.64,     372.62,   370.21
2000, 04,   36631, 2000.2896,   373.24,   370.00,     373.03,   369.79,     373.24,   370.00
2000, 05,   36661, 2000.3716,   373.47,   369.67,     373.73,   369.93,     373.47,   369.67
2000, 06,   36692, 2000.4563,   373.22,   370.87,     372.43,   370.08,     373.22,   370.87
2000, 07,   36722, 2000.5383,   368.71,   369.46,     369.47,   370.22,     368.71,   369.46
2000, 08,   36753, 2000.6230,   366.63,   370.30,     366.70,   370.37,     366.63,   370.30
2000, 09,   36784, 2000.7077,   366.49,   371.20,     365.81,   370.51,     366.49,   371.20
2000, 10,   36814, 2000.7896,   366.99,   370.49,     367.14,   370.64,     366.99,   370.49
2000, 11,   36845, 2000.8743,   369.15,   370.61,     369.31,   370.78,     369.15,   370.61
2000, 12,   36875, 2000.9563,   370.46,   370.67,     370.70,   370.91,     370.46,   370.67
2001, 01,   36906, 2001.0411,   371.97,   371.16,     371.84,   371.04,     371.97,   371.16
2001, 02,   36937, 2001.1260,   372.93,   371.11,     372.97,   371.16,     372.93,   371.11
2001, 03,   36965, 2001.2027,   375.10,   372.71,     373.67,   371.27,     375.10,   372.71
2001, 04,   36996, 2001.2877,   374.29,   371.07,     374.61,   371.39,     374.29,   371.07
2001, 05,   37026, 2001.3699,   375.42,   371.60,     375.31,   371.50,     375.42,   371.60
2001, 06,   37057, 2001.4548,   373.62,   371.22,     374.01,   371.61,     373.62,   371.22
2001, 07,   37087, 2001.5370,   371.10,   371.80,     371.02,   371.72,     371.10,   371.80
2001, 08,   37118, 2001.6219,   367.95,   371.61,     368.19,   371.84,     367.95,   371.61
2001, 09,   37149, 2001.7068,   367.35,   372.07,     367.24,   371.96,     367.35,   372.07
2001, 10,   37179, 2001.7890,   368.54,   372.07,     368.55,   372.08,     368.54,   372.07
2001, 11,   37210, 2001.8740,   370.78,   372.25,     370.74,   372.22,     370.78,   372.25
2001, 12,   37240, 2001.9562,   372.09,   372.29,     372.15,   372.35,     372.09,   372.29
2002, 01,   37271, 2002.0411,   372.76,   371.95,     373.31,   372.50,     372.76,   371.95
2002, 02,   37302, 2002.1260,   374.78,   372.96,     374.47,   372.65,     374.78,   372.96
2002, 03,   37330, 2002.2027,   375.47,   373.07,     375.21,   372.80,     375.47,   373.07
2002, 04,   37361, 2002.2877,   376.47,   373.23,     376.21,   372.97,     376.47,   373.23
2002, 05,   37391, 2002.3699,   376.85,   373.02,     376.97,   373.15,     376.85,   373.02
2002, 06,   37422, 2002.4548,   374.66,   372.25,     375.75,   373.34,     374.66,   372.25
2002, 07,   37452, 2002.5370,   372.84,   373.55,     372.83,   373.54,     372.84,   373.55
2002, 08,   37483, 2002.6219,   370.26,   373.92,     370.09,   373.75,     370.26,   373.92
2002, 09,   37514, 2002.7068,   367.96,   372.69,     369.24,   373.98,     367.96,   372.69
2002, 10,   37544, 2002.7890,   370.84,   374.39,     370.66,   374.20,     370.84,   374.39
2002, 11,   37575, 2002.8740,   372.44,   373.92,     372.96,   374.44,     372.44,   373.92
2002, 12,   37605, 2002.9562,   375.19,   375.40,     374.46,   374.67,     375.19,   375.40
2003, 01,   37636, 2003.0411,   375.76,   374.95,     375.71,   374.90,     375.76,   374.95
2003, 02,   37667, 2003.1260,   377.81,   375.98,     376.94,   375.12,     377.81,   375.98
2003, 03,   37695, 2003.2027,   377.83,   375.41,     377.72,   375.31,     377.83,   375.41
2003, 04,   37726, 2003.2877,   378.46,   375.21,     378.76,   375.51,     378.46,   375.21
2003, 05,   37756, 2003.3699,   379.26,   375.42,     379.53,   375.69,     379.26,   375.42
2003, 06,   37787, 2003.4548,   379.20,   376.78,     378.30,   375.88,     379.20,   376.78
2003, 07,   37817, 2003.5370,   375.84,   376.55,     375.34,   376.05,     375.84,   376.55
2003, 08,   37848, 2003.6219,   371.47,   375.15,     372.54,   376.22,     371.47,   375.15
2003, 09,   37879, 2003.7068,   370.39,   375.14,     371.64,   376.39,     370.39,   375.14
2003, 10,   37909, 2003.7890,   373.38,   376.93,     373.00,   376.55,     373.38,   376.93
2003, 11,   37940, 2003.8740,   375.85,   377.34,     375.23,   376.72,     375.85,   377.34
2003, 12,   37970, 2003.9562,   376.51,   376.72,     376.67,   376.88,     376.51,   376.72
2004, 01,   38001, 2004.0410,   377.95,   377.14,     377.86,   377.05,     377.95,   377.14
2004, 02,   38032, 2004.1257,   378.87,   377.04,     379.04,   377.22,     378.87,   377.04
2004, 03,   38061, 2004.2049,   379.27,   376.84,     379.81,   377.38,     379.27,   376.84
2004, 04,   38092, 2004.2896,   381.35,   378.07,     380.84,   377.55,     381.35,   378.07
2004, 05,   38122, 2004.3716,   381.06,   377.21,     381.57,   377.73,     381.06,   377.21
2004, 06,   38153, 2004.4563,   380.61,   378.23,     380.28,   377.90,     380.61,   378.23
2004, 07,   38183, 2004.5383,   377.49,   378.25,     377.32,   378.08,     377.49,   378.25
2004, 08,   38214, 2004.6230,   374.07,   377.79,     374.54,   378.26,     374.07,   377.79
2004, 09,   38245, 2004.7077,   374.76,   379.53,     373.67,   378.44,     374.76,   379.53
2004, 10,   38275, 2004.7896,   375.67,   379.22,     375.06,   378.61,     375.67,   379.22
2004, 11,   38306, 2004.8743,   377.04,   378.52,     377.30,   378.78,     377.04,   378.52
2004, 12,   38336, 2004.9563,   378.57,   378.77,     378.75,   378.95,     378.57,   378.77
2005, 01,   38367, 2005.0411,   378.56,   377.74,     379.95,   379.13,     378.56,   377.74
2005, 02,   38398, 2005.1260,   381.70,   379.86,     381.15,   379.31,     381.70,   379.86
2005, 03,   38426, 2005.2027,   382.28,   379.85,     381.90,   379.48,     382.28,   379.85
2005, 04,   38457, 2005.2877,   383.36,   380.09,     382.93,   379.66,     383.36,   380.09
2005, 05,   38487, 2005.3699,   383.53,   379.67,     383.70,   379.83,     383.53,   379.67
2005, 06,   38518, 2005.4548,   382.21,   379.77,     382.45,   380.02,     382.21,   379.77
2005, 07,   38548, 2005.5370,   379.21,   379.92,     379.49,   380.20,     379.21,   379.92
2005, 08,   38579, 2005.6219,   376.63,   380.33,     376.69,   380.39,     376.63,   380.33
2005, 09,   38610, 2005.7068,   376.03,   380.81,     375.80,   380.59,     376.03,   380.81
2005, 10,   38640, 2005.7890,   376.61,   380.19,     377.20,   380.78,     376.61,   380.19
2005, 11,   38671, 2005.8740,   379.85,   381.35,     379.48,   380.98,     379.85,   381.35
2005, 12,   38701, 2005.9562,   380.01,   380.22,     380.96,   381.17,     380.01,   380.22
2006, 01,   38732, 2006.0411,   382.24,   381.42,     382.19,   381.37,     382.24,   381.42
2006, 02,   38763, 2006.1260,   383.58,   381.74,     383.40,   381.56,     383.58,   381.74
2006, 03,   38791, 2006.2027,   384.21,   381.78,     384.16,   381.72,     384.21,   381.78
2006, 04,   38822, 2006.2877,   385.82,   382.54,     385.18,   381.90,     385.82,   382.54
2006, 05,   38852, 2006.3699,   386.46,   382.59,     385.93,   382.05,     386.46,   382.59
2006, 06,   38883, 2006.4548,   385.21,   382.77,     384.64,   382.20,     385.21,   382.77
2006, 07,   38913, 2006.5370,   382.37,   383.09,     381.62,   382.33,     382.37,   383.09
2006, 08,   38944, 2006.6219,   377.86,   381.57,     378.75,   382.46,     377.86,   381.57
2006, 09,   38975, 2006.7068,   378.14,   382.94,     377.79,   382.58,     378.14,   382.94
2006, 10,   39005, 2006.7890,   378.84,   382.43,     379.12,   382.71,     378.84,   382.43
2006, 11,   39036, 2006.8740,   380.38,   381.88,     381.33,   382.83,     380.38,   381.88
2006, 12,   39066, 2006.9562,   382.94,   383.14,     382.75,   382.96,     382.94,   383.14
2007, 01,   39097, 2007.0411,   383.35,   382.53,     383.93,   383.10,     383.35,   382.53
2007, 02,   39128, 2007.1260,   385.71,   383.86,     385.10,   383.25,     385.71,   383.86
2007, 03,   39156, 2007.2027,   384.37,   381.92,     385.83,   383.39,     384.37,   381.92
2007, 04,   39187, 2007.2877,   386.86,   383.57,     386.85,   383.55,     386.86,   383.57
2007, 05,   39217, 2007.3699,   387.37,   383.48,     387.61,   383.72,     387.37,   383.48
2007, 06,   39248, 2007.4548,   386.75,   384.30,     386.34,   383.89,     386.75,   384.30
2007, 07,   39278, 2007.5370,   382.84,   383.55,     383.35,   384.07,     382.84,   383.55
2007, 08,   39309, 2007.6219,   381.71,   385.44,     380.52,   384.24,     381.71,   385.44
2007, 09,   39340, 2007.7068,   380.71,   385.52,     379.61,   384.42,     380.71,   385.52
2007, 10,   39370, 2007.7890,   381.07,   384.67,     380.99,   384.59,     381.07,   384.67
2007, 11,   39401, 2007.8740,   382.96,   384.47,     383.25,   384.76,     382.96,   384.47
2007, 12,   39431, 2007.9562,   384.40,   384.61,     384.71,   384.92,     384.40,   384.61
2008, 01,   39462, 2008.0410,   386.46,   385.63,     385.91,   385.09,     386.46,   385.63
2008, 02,   39493, 2008.1257,   387.38,   385.53,     387.11,   385.25,     387.38,   385.53
2008, 03,   39522, 2008.2049,   387.26,   384.79,     387.88,   385.41,     387.26,   384.79
2008, 04,   39553, 2008.2896,   388.67,   385.34,     388.90,   385.57,     388.67,   385.34
2008, 05,   39583, 2008.3716,   389.40,   385.50,     389.63,   385.74,     389.40,   385.50
2008, 06,   39614, 2008.4563,   388.92,   386.51,     388.31,   385.90,     388.92,   386.51
2008, 07,   39644, 2008.5383,   385.52,   386.29,     385.29,   386.06,     385.52,   386.29
2008, 08,   39675, 2008.6230,   382.99,   386.75,     382.46,   386.22,     382.99,   386.75
2008, 09,   39706, 2008.7077,   381.37,   386.20,     381.55,   386.38,     381.37,   386.20
2008, 10,   39736, 2008.7896,   382.69,   386.29,     382.93,   386.53,     382.69,   386.29
2008, 11,   39767, 2008.8743,   384.34,   385.85,     385.18,   386.69,     384.34,   385.85
2008, 12,   39797, 2008.9563,   386.61,   386.82,     386.63,   386.84,     386.61,   386.82
2009, 01,   39828, 2009.0411,   387.94,   387.11,     387.83,   387.00,     387.94,   387.11
2009, 02,   39859, 2009.1260,   389.40,   387.54,     389.03,   387.17,     389.40,   387.54
2009, 03,   39887, 2009.2027,   389.35,   386.89,     389.78,   387.32,     389.35,   386.89
2009, 04,   39918, 2009.2877,   390.05,   386.74,     390.81,   387.49,     390.05,   386.74
2009, 05,   39948, 2009.3699,   390.97,   387.06,     391.58,   387.67,     390.97,   387.06
2009, 06,   39979, 2009.4548,   390.91,   388.44,     390.31,   387.85,     390.91,   388.44
2009, 07,   40009, 2009.5370,   387.31,   388.02,     387.31,   388.03,     387.31,   388.02
2009, 08,   40040, 2009.6219,   384.66,   388.41,     384.46,   388.21,     384.66,   388.41
2009, 09,   40071, 2009.7068,   383.73,   388.58,     383.55,   388.39,     383.73,   388.58
2009, 10,   40101, 2009.7890,   384.61,   388.24,     384.94,   388.57,     384.61,   388.24
2009, 11,   40132, 2009.8740,   386.96,   388.48,     387.23,   388.75,     386.96,   388.48
2009, 12,   40162, 2009.9562,   388.90,   389.11,     388.72,   388.93,     388.90,   389.11
2010, 01,   40193, 2010.0411,   390.08,   389.25,     389.94,   389.11,     390.08,   389.25
2010, 02,   40224, 2010.1260,   391.69,   389.82,     391.16,   389.29,     391.69,   389.82
2010, 03,   40252, 2010.2027,   391.93,   389.47,     391.92,   389.45,     391.93,   389.47
2010, 04,   40283, 2010.2877,   392.84,   389.51,     392.95,   389.62,     392.84,   389.51
2010, 05,   40313, 2010.3699,   393.46,   389.54,     393.72,   389.79,     393.46,   389.54
2010, 06,   40344, 2010.4548,   392.22,   389.74,     392.44,   389.97,     392.22,   389.74
2010, 07,   40374, 2010.5370,   389.33,   390.05,     389.41,   390.14,     389.33,   390.05
2010, 08,   40405, 2010.6219,   386.07,   389.83,     386.55,   390.31,     386.07,   389.83
2010, 09,   40436, 2010.7068,   386.45,   391.31,     385.63,   390.49,     386.45,   391.31
2010, 10,   40466, 2010.7890,   387.31,   390.95,     387.02,   390.66,     387.31,   390.95
2010, 11,   40497, 2010.8740,   390.25,   391.77,     389.31,   390.83,     390.25,   391.77
2010, 12,   40527, 2010.9562,   389.43,   389.64,     390.78,   391.00,     389.43,   389.64
2011, 01,   40558, 2011.0411,   392.82,   391.98,     392.00,   391.17,     392.82,   391.98
2011, 02,   40589, 2011.1260,   393.71,   391.84,     393.22,   391.35,     393.71,   391.84
2011, 03,   40617, 2011.2027,   394.01,   391.53,     393.98,   391.51,     394.01,   391.53
2011, 04,   40648, 2011.2877,   396.28,   392.94,     395.02,   391.69,     396.28,   392.94
2011, 05,   40678, 2011.3699,   395.67,   391.73,     395.81,   391.87,     395.67,   391.73
2011, 06,   40709, 2011.4548,   394.38,   391.90,     394.55,   392.06,     394.38,   391.90
2011, 07,   40739, 2011.5370,   390.84,   391.56,     391.53,   392.26,     390.84,   391.56
2011, 08,   40770, 2011.6219,   388.19,   391.96,     388.69,   392.46,     388.19,   391.96
2011, 09,   40801, 2011.7068,   387.13,   392.01,     387.80,   392.68,     387.13,   392.01
2011, 10,   40831, 2011.7890,   389.98,   393.63,     389.24,   392.89,     389.98,   393.63
2011, 11,   40862, 2011.8740,   392.41,   393.94,     391.58,   393.10,     392.41,   393.94
2011, 12,   40892, 2011.9562,   393.71,   393.93,     393.10,   393.31,     393.71,   393.93
2012, 01,   40923, 2012.0410,   393.73,   392.89,     394.35,   393.52,     393.73,   392.89
2012, 02,   40954, 2012.1257,   395.38,   393.50,     395.60,   393.72,     395.38,   393.50
2012, 03,   40983, 2012.2049,   397.77,   395.27,     396.41,   393.91,     397.77,   395.27
2012, 04,   41014, 2012.2896,   397.73,   394.36,     397.48,   394.11,     397.73,   394.36
2012, 05,   41044, 2012.3716,   398.15,   394.20,     398.26,   394.31,     398.15,   394.20
2012, 06,   41075, 2012.4563,   396.27,   393.83,     396.95,   394.51,     396.27,   393.83
2012, 07,   41105, 2012.5383,   392.75,   393.53,     393.94,   394.72,     392.75,   393.53
2012, 08,   41136, 2012.6230,   392.45,   396.26,     391.12,   394.93,     392.45,   396.26
2012, 09,   41167, 2012.7077,   390.27,   395.16,     390.27,   395.16,     390.27,   395.16
2012, 10,   41197, 2012.7896,   391.60,   395.24,     391.73,   395.37,     391.60,   395.24
2012, 11,   41228, 2012.8743,   394.52,   396.05,     394.08,   395.60,     394.52,   396.05
2012, 12,   41258, 2012.9563,   394.97,   395.18,     395.61,   395.82,     394.97,   395.18
2013, 01,   41289, 2013.0411,   396.89,   396.05,     396.89,   396.05,     396.89,   396.05
2013, 02,   41320, 2013.1260,   397.79,   395.91,     398.17,   396.29,     397.79,   395.91
2013, 03,   41348, 2013.2027,   398.46,   395.97,     398.99,   396.50,     398.46,   395.97
2013, 04,   41379, 2013.2877,   399.76,   396.41,     400.09,   396.73,     399.76,   396.41
2013, 05,   41409, 2013.3699,   401.83,   397.86,     400.92,   396.95,     401.83,   397.86
2013, 06,   41440, 2013.4548,   400.20,   397.70,     399.67,   397.17,     400.20,   397.70
2013, 07,   41470, 2013.5370,   396.37,   397.10,     396.65,   397.38,     396.37,   397.10
2013, 08,   41501, 2013.6219,   394.61,   398.61,     393.72,   397.72,     394.61,   398.61
2013, 09,   41532, 2013.7068,   392.41,   397.29,     393.00,   397.87,     392.41,   397.29
2013, 10,   41562, 2013.7890,   394.48,   397.98,     394.51,   398.01,     394.48,   397.98
2013, 11,   41593, 2013.8740,   397.00,   398.29,     396.79,   398.07,     397.00,   398.29
2013, 12,   41623, 2013.9562,   398.12,   398.21,     398.08,   398.17,     398.12,   398.21
2014, 01,   41654, 2014.0411,   399.17,   398.34,     399.10,   398.26,     399.17,   398.34
2014, 02,   41685, 2014.1260,   399.21,   397.27,     400.32,   398.37,     399.21,   397.27
2014, 03,   41713, 2014.2027,   400.26,   397.76,     400.99,   398.50,     400.26,   397.76
2014, 04,   41744, 2014.2877,   402.33,   399.00,     401.97,   398.64,     402.33,   399.00
2014, 05,   41774, 2014.3699,   402.91,   398.97,     402.74,   398.80,     402.91,   398.97
2014, 06,   41805, 2014.4548,   401.78,   399.43,     401.32,   398.97,     401.78,   399.43
2014, 07,   41835, 2014.5370,   397.55,   398.56,     398.12,   399.13,     397.55,   398.56
2014, 08,   41866, 2014.6219,   395.07,   399.07,     395.31,   399.31,     395.07,   399.07
2014, 09,   41897, 2014.7068,   394.89,   399.70,     394.69,   399.50,     394.89,   399.70
2014, 10,   41927, 2014.7890,   395.96,   399.50,     396.15,   399.69,     395.96,   399.50
2014, 11,   41958, 2014.8740,   398.94,   400.22,     398.61,   399.89,     398.94,   400.22
2014, 12,   41988, 2014.9562,   400.16,   400.22,     400.02,   400.08,     400.16,   400.22
2015, 01,   42019, 2015.0411,   401.42,   400.62,     401.07,   400.27,     401.42,   400.62
2015, 02,   42050, 2015.1260,   402.54,   400.68,     402.31,   400.45,     402.54,   400.68
2015, 03,   42078, 2015.2027,   403.43,   400.93,     403.12,   400.62,     403.43,   400.93
2015, 04,   42109, 2015.2877,   403.63,   400.22,     404.21,   400.80,     403.63,   400.22
2015, 05,   42139, 2015.3699,   405.12,   401.14,     404.98,   401.00,     405.12,   401.14
2015, 06,   42170, 2015.4548,   403.09,   400.72,     403.59,   401.22,     403.09,   400.72
2015, 07,   42200, 2015.5370,   400.29,   401.33,     400.42,   401.46,     400.29,   401.33
2015, 08,   42231, 2015.6219,   397.69,   401.72,     397.69,   401.72,     397.69,   401.72
2015, 09,   42262, 2015.7068,   397.55,   402.42,     397.13,   402.00,     397.55,   402.42
2015, 10,   42292, 2015.7890,   398.89,   402.41,     398.75,   402.27,     398.89,   402.41
2015, 11,   42323, 2015.8740,   400.75,   401.98,     401.33,   402.57,     400.75,   401.98
2015, 12,   42353, 2015.9562,   402.53,   402.50,     402.91,   402.88,     402.53,   402.50
2016, 01,   42384, 2016.0410,   405.05,   404.20,     404.04,   403.19,     405.05,   404.20
2016, 02,   42415, 2016.1257,   404.86,   403.08,     405.28,   403.50,     404.86,   403.08
2016, 03,   42444, 2016.2049,   406.94,   404.40,     406.31,   403.77,     406.94,   404.40
2016, 04,   42475, 2016.2896,   407.98,   404.55,     407.47,   404.04,     407.98,   404.55
2016, 05,   42505, 2016.3716,   408.44,   404.46,     408.25,   404.27,     408.44,   404.46
2016, 06,   42536, 2016.4563,   406.42,   404.18,     406.73,   404.49,     406.42,   404.18
2016, 07,   42566, 2016.5383,   403.00,   404.09,     403.62,   404.71,     403.00,   404.09
2016, 08,   42597, 2016.6230,   401.20,   405.24,     400.89,   404.93,     401.20,   405.24
2016, 09,   42628, 2016.7077,   399.71,   404.65,     400.22,   405.16,     399.71,   404.65
2016, 10,   42658, 2016.7896,   401.71,   405.21,     401.87,   405.38,     401.71,   405.21
2016, 11,   42689, 2016.8743,   404.23,   405.55,     404.30,   405.61,     404.23,   405.55
2016, 12,   42719, 2016.9563,   406.05,   405.99,     405.90,   405.84,     406.05,   405.99
2017, 01,   42750, 2017.0411,   408.03,   407.08,     407.01,   406.06,     408.03,   407.08
2017, 02,   42781, 2017.1260,   407.94,   406.18,     408.02,   406.26,     407.94,   406.18
2017, 03,   42809, 2017.2027,   409.11,   406.61,     408.92,   406.42,     409.11,   406.61
2017, 04,   42840, 2017.2877,   409.29,   405.87,     410.02,   406.61,     409.29,   405.87
2017, 05,   42870, 2017.3699,   410.65,   406.72,     410.70,   406.77,     410.65,   406.72
2017, 06,   42901, 2017.4548,   409.54,   407.13,     409.34,   406.93,     409.54,   407.13
2017, 07,   42931, 2017.5370,   406.78,   407.70,     406.16,   407.08,     406.78,   407.70
2017, 08,   42962, 2017.6219,   402.28,   406.34,     403.19,   407.25,     402.28,   406.34
2017, 09,   42993, 2017.7068,   402.59,   407.49,     402.51,   407.41,     402.59,   407.49
2017, 10,   43023, 2017.7890,   404.51,   407.98,     404.10,   407.58,     404.51,   407.98
2017, 11,   43054, 2017.8740,   406.32,   407.74,     406.33,   407.75,     406.32,   407.74
2017, 12,   43084, 2017.9562,   408.65,   408.57,     408.00,   407.92,     408.65,   408.57
2018, 01,   43115, 2018.0411,   409.22,   408.19,     409.12,   408.09,     409.22,   408.19
2018, 02,   43146, 2018.1260,   409.56,   407.80,     410.03,   408.27,     409.56,   407.80
2018, 03,   43174, 2018.2027,   411.09,   408.72,     410.81,   408.44,     411.09,   408.72
2018, 04,   43205, 2018.2877,   411.98,   408.66,     411.96,   408.63,     411.98,   408.66
2018, 05,   43235, 2018.3699,   412.87,   408.99,     412.70,   408.83,     412.87,   408.99
2018, 06,   43266, 2018.4548,   411.26,   408.86,     411.43,   409.03,     411.26,   408.86
2018, 07,   43296, 2018.5370,   407.66,   408.60,     408.28,   409.23,     407.66,   408.60
2018, 08,   43327, 2018.6219,   406.19,   410.31,     405.31,   409.43,     406.19,   410.31
2018, 09,   43358, 2018.7068,   404.81,   409.73,     404.71,   409.63,     404.81,   409.73
2018, 10,   43388, 2018.7890,   406.14,   409.63,     406.32,   409.81,     406.14,   409.63
2018, 11,   43419, 2018.8740,   408.46,   409.90,     408.57,   410.02,     408.46,   409.90
2018, 12,   43449, 2018.9562,   410.21,   410.06,     410.37,   410.22,     410.21,   410.06
2019, 01,   43480, 2019.0411,   411.55,   410.41,     411.58,   410.44,     411.55,   410.41
2019, 02,   43511, 2019.1260,   412.25,   410.45,     412.50,   410.70,     412.25,   410.45
2019, 03,   43539, 2019.2027,      NaN,      NaN,     413.42,   410.91,     413.42,   410.91
2019, 04,   43570, 2019.2877,   414.18,   410.78,     414.56,   411.16,     414.18,   410.78
2019, 05,   43600, 2019.3699,   415.04,   411.22,     415.22,   411.40,     415.04,   411.22
2019, 06,   43631, 2019.4548,   415.11,   412.68,     414.07,   411.64,     415.11,   412.68
2019, 07,   43661, 2019.5370,   410.81,   411.81,     410.87,   411.87,     410.81,   411.81
2019, 08,   43692, 2019.6219,   408.74,   412.93,     407.89,   412.08,     408.74,   412.93
2019, 09,   43723, 2019.7068,   406.77,   411.62,     407.44,   412.28,     406.77,   411.62
2019, 10,   43753, 2019.7890,   409.16,   412.69,     408.94,   412.47,     409.16,   412.69
2019, 11,   43784, 2019.8740,   410.62,   412.13,     411.14,   412.66,     410.62,   412.13
2019, 12,   43814, 2019.9562,   413.03,   412.93,     412.94,   412.84,     413.03,   412.93
2020, 01,   43845, 2020.0410,   414.17,   413.07,     414.14,   413.03,     414.17,   413.07
2020, 02,   43876, 2020.1257,   414.87,   413.02,     415.09,   413.24,     414.87,   413.02
2020, 03,   43905, 2020.2049,   416.18,   413.60,     416.02,   413.44,     416.18,   413.60
2020, 04,   43936, 2020.2896,   416.98,   413.58,     417.07,   413.67,     416.98,   413.58
2020, 05,   43966, 2020.3716,   417.61,   413.81,     417.71,   413.91,     417.61,   413.81
2020, 06,   43997, 2020.4563,   416.37,   414.01,     416.54,   414.17,     416.37,   414.01
2020, 07,   44027, 2020.5383,   412.33,   413.38,     413.39,   414.44,     412.33,   413.38
2020, 08,   44058, 2020.6230,   410.92,   415.11,     410.55,   414.74,     410.92,   415.11
2020, 09,   44089, 2020.7077,   410.56,   415.37,     410.21,   415.03,     410.56,   415.37
2020, 10,   44119, 2020.7896,   411.46,   414.95,     411.80,   415.29,     411.46,   414.95
2020, 11,   44150, 2020.8743,   414.44,   415.94,     414.04,   415.54,     414.44,   415.94
2020, 12,   44180, 2020.9563,   415.90,   415.79,     415.86,   415.76,     415.90,   415.79
2021, 01,   44211, 2021.0411,      NaN,      NaN,     417.07,   415.96,     417.07,   415.96
2021, 02,   44242, 2021.1260,   418.26,   416.42,     417.98,   416.14,     418.26,   416.42
2021, 03,   44270, 2021.2027,   418.46,   415.91,     418.82,   416.27,     418.46,   415.91
2021, 04,   44301, 2021.2877,   420.00,   416.63,     419.77,   416.41,     420.00,   416.63
2021, 05,   44331, 2021.3699,   419.88,   416.09,     420.31,   416.52,     419.88,   416.09
2021, 06,   44362, 2021.4548,   419.47,   417.06,     419.04,   416.64,     419.47,   417.06
2021, 07,   44392, 2021.5370,   416.22,   417.21,     415.76,   416.74,     416.22,   417.21
2021, 08,   44423, 2021.6219,   411.94,   416.08,     412.71,   416.85,     411.94,   416.08
2021, 09,   44454, 2021.7068,   412.32,   417.12,     412.18,   416.97,     412.32,   417.12
2021, 10,   44484, 2021.7890,   413.90,   417.39,     413.61,   417.10,     413.90,   417.39
2021, 11,   44515, 2021.8740,   415.42,   416.92,     415.75,   417.25,     415.42,   416.92
2021, 12,   44545, 2021.9562,   417.46,   417.36,     417.51,   417.41,     417.46,   417.36
2022, 01,   44576, 2022.0411,   418.18,   417.08,     418.69,   417.59,     418.18,   417.08
2022, 02,   44607, 2022.1260,   419.87,   418.03,     419.63,   417.79,     419.87,   418.03
2022, 03,   44635, 2022.2027,   420.61,   418.07,     420.51,   417.98,     420.61,   418.07
2022, 04,   44666, 2022.2877,   421.79,   418.43,     421.54,   418.19,     421.79,   418.43
2022, 05,   44696, 2022.3699,   422.62,   418.86,     422.16,   418.39,     422.62,   418.86
2022, 06,   44727, 2022.4548,   420.87,   418.48,     420.99,   418.60,     420.87,   418.48
2022, 07,   44757, 2022.5370,   417.98,   418.97,     417.81,   418.79,     417.98,   418.97
2022, 08,   44788, 2022.6219,   414.93,   419.06,     414.86,   418.98,     414.93,   419.06
2022, 09,   44819, 2022.7068,   414.54,   419.31,     414.40,   419.17,     414.54,   419.31
2022, 10,   44849, 2022.7890,   415.82,   419.29,     415.88,   419.35,     415.82,   419.29
2022, 11,   44880, 2022.8740,   418.27,   419.76,     418.05,   419.54,     418.27,   419.76
2022, 12,   44910, 2022.9562,   419.58,   419.49,     419.82,   419.73,     419.58,   419.49
2023, 01,   44941, 2023.0411,   421.04,   419.95,     421.02,   419.93,     421.04,   419.95
2023, 02,   44972, 2023.1260,   421.56,   419.73,     421.98,   420.15,     421.56,   419.73
2023, 03,   45000, 2023.2027,      NaN,      NaN,     422.88,   420.36,     422.88,   420.36
2023, 04,   45031, 2023.2877,   422.96,   419.63,     423.95,   420.61,     422.96,   419.63
2023, 05,   45061, 2023.3699,   425.10,   421.35,     424.62,   420.87,     425.10,   421.35
2023, 06,   45092, 2023.4548,   423.76,   421.38,     423.53,   421.15,     423.76,   421.38
2023, 07,   45122, 2023.5370,   420.37,   421.35,     420.45,   421.43,     420.37,   421.35
2023, 08,   45153, 2023.6219,   417.65,   421.75,     417.62,   421.73,     417.65,   421.75
2023, 09,   45184, 2023.7068,   417.24,   421.98,     417.29,   422.04,     417.24,   421.98
2023, 10,   45214, 2023.7890,   418.29,   421.75,     418.90,   422.36,     418.29,   421.75
2023, 11,   45245, 2023.8740,   421.24,   422.73,     421.22,   422.71,     421.24,   422.73
2023, 12,   45275, 2023.9562,   422.72,   422.62,     423.16,   423.07,     422.72,   422.62
2024, 01,   45306, 2024.0410,   424.53,   423.44,     424.54,   423.45,     424.53,   423.44
2024, 02,   45337, 2024.1257,   425.86,   424.04,     425.67,   423.85,     425.86,   424.04
2024, 03,   45366, 2024.2049,   427.48,   424.95,     426.76,   424.23,     427.48,   424.95
2024, 04,   45397, 2024.2896,      NaN,      NaN,     427.97,   424.63,     427.97,   424.63
2024, 05,   45427, 2024.3716,      NaN,      NaN,     428.75,   425.02,     428.75,   425.02
2024, 06,   45458, 2024.4563,      NaN,      NaN,     427.74,   425.42,     427.74,   425.42
2024, 07,   45488, 2024.5383,      NaN,      NaN,     424.78,   425.81,     424.78,   425.81
2024, 08,   45519, 2024.6230,      NaN,      NaN,     422.11,   426.22,     422.11,   426.22
2024, 09,   45550, 2024.7077,      NaN,      NaN,     421.90,   426.62,     421.90,   426.62
2024, 10,   45580, 2024.7896,      NaN,      NaN,     423.59,   427.01,     423.59,   427.01
2024, 11,   45611, 2024.8743,      NaN,      NaN,     425.94,   427.41,     425.94,   427.41
2024, 12,   45641, 2024.9563,      NaN,      NaN,     427.90,   427.80,     427.90,   427.80
