"-------------------------------------------------------------------------------------------"
" Monthly average 18O concentrations (per mil) derived from flask air samples               "
" Cape Kumukahi, Hawaii.                                                                    "
"                                                                                           "
" Source: R. F. Keeling and S. J. Walker                   "
" Scripps CO2 Program ( http://scrippsco2.ucsd.edu )                                        "
" Scripps Institution of Oceanography (SIO)                                                 "
" University of California                                                                  "
" La Jolla, California USA 92093-0244                                                       "
"                                                                                           "
" Status of isotopic data and correspondence:                                               "
"                                                                                           "
" Isotopic data are reported on the Scripps Isotope scale                                   "
" See:                                                                                      "
" T. Lueker, R. Keeling, A. Bollenbacher, S. Walker, E. Morgan,                             "
" M. Brooks, Calibration Methodology for the Scripps 13C/12C and 18O/16O                    "
" stable Isotope program 1992-2018, 2020                                                    "
" Flask data from archive dated 19-Apr-2024 10:43:25                                        "
"                                                                                           "
" They are subject to revision based on recalibration of standard gases. Questions          "
" about the data should be directed to Dr. Ralph Keeling (rkeeling AT ucsd.edu) and         "
" and Dr. Stephen Walker (sjwalker AT ucsd.edu), Scripps CO2 Program.                       "
"                                                                                           "
"-------------------------------------------------------------------------------------------"
"                                                                                           "
" Please cite as:                                                                           "
"                                                                                           "
" C. D. Keeling, S. C. Piper, R. B. Bacastow, M. Wahlen, T. P. Whorf, M. Heimann, and       "
" H. A. Meijer, Exchanges of atmospheric CO2 and 13CO2 with the terrestrial biosphere and   "
" oceans from 1978 to 2000.  I. Global aspects, SIO Reference Series, No. 01-06, Scripps    "
" Institution of Oceanography, San Diego, 88 pages, 2001.                                   "
"                                                                                           "
" If it is necessary to cite a peer-reviewed article, please cite as:                       "
"                                                                                           "
" C. D. Keeling, S. C. Piper, R. B. Bacastow, M. Wahlen, T. P. Whorf, M. Heimann, and       "
" H. A. Meijer, Atmospheric CO2 and 13CO2 exchange with the terrestrial biosphere and       "
" oceans from 1978 to 2000: observations and carbon cycle implications, pages 83-113,       "
" in "A History of Atmospheric CO2 and its effects on Plants, Animals, and Ecosystems",     "
" editors, Ehleringer, J.R., T. E. Cerling, M. D. Dearing, Springer Verlag,                 "
" New York, 2005.                                                                           "
"                                                                                           "
"-------------------------------------------------------------------------------------------"
"                                                                                           "
" The data file below contains 10 columns.  Columns 1-4 give the dates in several redundant "
" formats. Column 5 below gives monthly isotope concentrations in per-mil.  This is the     "
" standard version of the data most often sought.  The monthly values have been adjusted    "
" to 24:00 hours on the 15th of each month.  Column 6 gives the same data after a seasonal  "
" adjustment to remove the quasi-regular seasonal cycle.  The adjustment involves           "
" subtracting from the data a 4-harmonic fit with a linear gain factor.  Column 7 is a      "
" smoothed version of the data generated from a stiff cubic spline function plus 4-harmonic "
" functions with linear gain.  Column 8 is the same smoothed version with the seasonal      "
" cycle removed.  Column 9 is identical to Column 5 except that the missing values from     "
" Column 5 have been filled with values from Column 7.  Column 10 is identical to Column 6  "
" except missing values have been filled with values from Column 8.  Missing values are     "
" denoted by -99.99                                                                         "
"                                                                                           "
" CO2 concentrations are reported on the Scripps '12' Calibration scale                     "
"                                                                                           "
  Yr, Mn,    Date,      Date,     18O,seasonally,        fit,  seasonally,      18O, seasonally
    ,   ,        ,          ,        ,  adjusted,           ,adjusted fit,   filled,adjusted filled
    ,   ,   Excel,          , per-mil,  per-mil,    per-mil,  per-mil,   per-mil,  per-mil
1980, 01,   29235, 1980.0410,      NaN,      NaN,      -0.04,     0.01,      -0.04,     0.01
1980, 02,   29266, 1980.1257,     0.02,    -0.01,       0.05,     0.03,       0.02,    -0.01
1980, 03,   29295, 1980.2049,     0.08,    -0.00,       0.12,     0.04,       0.08,    -0.00
1980, 04,   29326, 1980.2896,      NaN,      NaN,       0.20,     0.05,       0.20,     0.05
1980, 05,   29356, 1980.3716,     0.51,     0.32,       0.26,     0.07,       0.51,     0.32
1980, 06,   29387, 1980.4563,     0.36,     0.09,       0.34,     0.08,       0.36,     0.09
1980, 07,   29417, 1980.5383,     0.40,     0.13,       0.36,     0.09,       0.40,     0.13
1980, 08,   29448, 1980.6230,     0.16,     0.06,       0.20,     0.10,       0.16,     0.06
1980, 09,   29479, 1980.7077,     0.01,     0.17,      -0.05,     0.11,       0.01,     0.17
1980, 10,   29509, 1980.7896,      NaN,      NaN,      -0.21,     0.12,      -0.21,     0.12
1980, 11,   29540, 1980.8743,      NaN,      NaN,      -0.19,     0.13,      -0.19,     0.13
1980, 12,   29570, 1980.9563,    -0.12,     0.07,      -0.05,     0.14,      -0.12,     0.07
1981, 01,   29601, 1981.0411,     0.12,     0.17,       0.10,     0.15,       0.12,     0.17
1981, 02,   29632, 1981.1260,     0.25,     0.23,       0.17,     0.15,       0.25,     0.23
1981, 03,   29660, 1981.2027,     0.20,     0.12,       0.24,     0.16,       0.20,     0.12
1981, 04,   29691, 1981.2877,     0.26,     0.12,       0.31,     0.17,       0.26,     0.12
1981, 05,   29721, 1981.3699,      NaN,      NaN,       0.37,     0.17,       0.37,     0.17
1981, 06,   29752, 1981.4548,      NaN,      NaN,       0.44,     0.18,       0.44,     0.18
1981, 07,   29782, 1981.5370,     0.19,    -0.08,       0.46,     0.19,       0.19,    -0.08
1981, 08,   29813, 1981.6219,     0.38,     0.28,       0.30,     0.20,       0.38,     0.28
1981, 09,   29844, 1981.7068,     0.11,     0.27,       0.05,     0.21,       0.11,     0.27
1981, 10,   29874, 1981.7890,    -0.13,     0.19,      -0.10,     0.22,      -0.13,     0.19
1981, 11,   29905, 1981.8740,    -0.15,     0.18,      -0.09,     0.24,      -0.15,     0.18
1981, 12,   29935, 1981.9562,      NaN,      NaN,       0.06,     0.25,       0.06,     0.25
1982, 01,   29966, 1982.0411,      NaN,      NaN,       0.21,     0.26,       0.21,     0.26
1982, 02,   29997, 1982.1260,     0.49,     0.47,       0.30,     0.28,       0.49,     0.47
1982, 03,   30025, 1982.2027,     0.22,     0.15,       0.37,     0.29,       0.22,     0.15
1982, 04,   30056, 1982.2877,      NaN,      NaN,       0.45,     0.31,       0.45,     0.31
1982, 05,   30086, 1982.3699,     0.29,     0.09,       0.52,     0.33,       0.29,     0.09
1982, 06,   30117, 1982.4548,     0.33,     0.07,       0.61,     0.35,       0.33,     0.07
1982, 07,   30147, 1982.5370,     0.65,     0.39,       0.63,     0.37,       0.65,     0.39
1982, 08,   30178, 1982.6219,     0.74,     0.64,       0.49,     0.39,       0.74,     0.64
1982, 09,   30209, 1982.7068,      NaN,      NaN,       0.24,     0.40,       0.24,     0.40
1982, 10,   30239, 1982.7890,     0.04,     0.37,       0.09,     0.41,       0.04,     0.37
1982, 11,   30270, 1982.8740,     0.19,     0.52,       0.10,     0.43,       0.19,     0.52
1982, 12,   30300, 1982.9562,     0.22,     0.41,       0.24,     0.43,       0.22,     0.41
1983, 01,   30331, 1983.0411,     0.37,     0.42,       0.39,     0.44,       0.37,     0.42
1983, 02,   30362, 1983.1260,     0.53,     0.51,       0.47,     0.45,       0.53,     0.51
1983, 03,   30390, 1983.2027,     0.46,     0.39,       0.53,     0.45,       0.46,     0.39
1983, 04,   30421, 1983.2877,     0.69,     0.55,       0.60,     0.45,       0.69,     0.55
1983, 05,   30451, 1983.3699,     0.62,     0.43,       0.65,     0.45,       0.62,     0.43
1983, 06,   30482, 1983.4548,     0.65,     0.39,       0.71,     0.45,       0.65,     0.39
1983, 07,   30512, 1983.5370,     0.68,     0.42,       0.72,     0.45,       0.68,     0.42
1983, 08,   30543, 1983.6219,     0.60,     0.50,       0.55,     0.45,       0.60,     0.50
1983, 09,   30574, 1983.7068,     0.34,     0.50,       0.29,     0.45,       0.34,     0.50
1983, 10,   30604, 1983.7890,     0.10,     0.43,       0.12,     0.44,       0.10,     0.43
1983, 11,   30635, 1983.8740,    -0.05,     0.28,       0.11,     0.44,      -0.05,     0.28
1983, 12,   30665, 1983.9562,     0.34,     0.54,       0.24,     0.43,       0.34,     0.54
1984, 01,   30696, 1984.0410,     0.35,     0.40,       0.37,     0.42,       0.35,     0.40
1984, 02,   30727, 1984.1257,     0.25,     0.23,       0.43,     0.41,       0.25,     0.23
1984, 03,   30756, 1984.2049,     0.54,     0.46,       0.48,     0.40,       0.54,     0.46
1984, 04,   30787, 1984.2896,      NaN,      NaN,       0.54,     0.39,       0.54,     0.39
1984, 05,   30817, 1984.3716,     0.58,     0.39,       0.58,     0.38,       0.58,     0.39
1984, 06,   30848, 1984.4563,     0.49,     0.23,       0.63,     0.38,       0.49,     0.23
1984, 07,   30878, 1984.5383,     0.52,     0.25,       0.63,     0.37,       0.52,     0.25
1984, 08,   30909, 1984.6230,     0.36,     0.27,       0.46,     0.36,       0.36,     0.27
1984, 09,   30940, 1984.7077,     0.23,     0.39,       0.19,     0.35,       0.23,     0.39
1984, 10,   30970, 1984.7896,     0.04,     0.36,       0.01,     0.34,       0.04,     0.36
1984, 11,   31001, 1984.8743,     0.19,     0.51,       0.00,     0.33,       0.19,     0.51
1984, 12,   31031, 1984.9563,     0.34,     0.53,       0.12,     0.31,       0.34,     0.53
1985, 01,   31062, 1985.0411,     0.29,     0.34,       0.24,     0.29,       0.29,     0.34
1985, 02,   31093, 1985.1260,     0.17,     0.15,       0.29,     0.27,       0.17,     0.15
1985, 03,   31121, 1985.2027,     0.29,     0.21,       0.32,     0.24,       0.29,     0.21
1985, 04,   31152, 1985.2877,     0.42,     0.28,       0.35,     0.21,       0.42,     0.28
1985, 05,   31182, 1985.3699,     0.30,     0.11,       0.38,     0.18,       0.30,     0.11
1985, 06,   31213, 1985.4548,     0.52,     0.26,       0.41,     0.16,       0.52,     0.26
1985, 07,   31243, 1985.5370,     0.34,     0.07,       0.40,     0.13,       0.34,     0.07
1985, 08,   31274, 1985.6219,     0.34,     0.24,       0.21,     0.11,       0.34,     0.24
1985, 09,   31305, 1985.7068,    -0.28,    -0.12,      -0.07,     0.09,      -0.28,    -0.12
1985, 10,   31335, 1985.7890,    -0.39,    -0.07,      -0.25,     0.07,      -0.39,    -0.07
1985, 11,   31366, 1985.8740,    -0.39,    -0.07,      -0.26,     0.07,      -0.39,    -0.07
1985, 12,   31396, 1985.9562,    -0.22,    -0.03,      -0.13,     0.06,      -0.22,    -0.03
1986, 01,   31427, 1986.0411,     0.09,     0.14,       0.01,     0.06,       0.09,     0.14
1986, 02,   31458, 1986.1260,     0.17,     0.14,       0.09,     0.07,       0.17,     0.14
1986, 03,   31486, 1986.2027,     0.17,     0.09,       0.15,     0.07,       0.17,     0.09
1986, 04,   31517, 1986.2877,     0.23,     0.09,       0.22,     0.08,       0.23,     0.09
1986, 05,   31547, 1986.3699,     0.32,     0.12,       0.28,     0.08,       0.32,     0.12
1986, 06,   31578, 1986.4548,     0.25,    -0.00,       0.35,     0.09,       0.25,    -0.00
1986, 07,   31608, 1986.5370,     0.39,     0.12,       0.36,     0.10,       0.39,     0.12
1986, 08,   31639, 1986.6219,     0.35,     0.25,       0.21,     0.11,       0.35,     0.25
1986, 09,   31670, 1986.7068,    -0.07,     0.09,      -0.05,     0.11,      -0.07,     0.09
1986, 10,   31700, 1986.7890,    -0.23,     0.09,      -0.21,     0.12,      -0.23,     0.09
1986, 11,   31731, 1986.8740,    -0.21,     0.11,      -0.20,     0.13,      -0.21,     0.11
1986, 12,   31761, 1986.9562,    -0.09,     0.10,      -0.06,     0.13,      -0.09,     0.10
1987, 01,   31792, 1987.0411,     0.05,     0.10,       0.09,     0.14,       0.05,     0.10
1987, 02,   31823, 1987.1260,     0.29,     0.27,       0.16,     0.14,       0.29,     0.27
1987, 03,   31851, 1987.2027,     0.29,     0.22,       0.22,     0.14,       0.29,     0.22
1987, 04,   31882, 1987.2877,     0.35,     0.21,       0.28,     0.14,       0.35,     0.21
1987, 05,   31912, 1987.3699,     0.29,     0.09,       0.33,     0.14,       0.29,     0.09
1987, 06,   31943, 1987.4548,     0.30,     0.05,       0.39,     0.14,       0.30,     0.05
1987, 07,   31973, 1987.5370,     0.23,    -0.03,       0.40,     0.14,       0.23,    -0.03
1987, 08,   32004, 1987.6219,     0.29,     0.19,       0.24,     0.14,       0.29,     0.19
1987, 09,   32035, 1987.7068,    -0.03,     0.13,      -0.02,     0.14,      -0.03,     0.13
1987, 10,   32065, 1987.7890,    -0.04,     0.29,      -0.19,     0.14,      -0.04,     0.29
1987, 11,   32096, 1987.8740,    -0.32,     0.00,      -0.18,     0.14,      -0.32,     0.00
1987, 12,   32126, 1987.9562,    -0.21,    -0.02,      -0.05,     0.14,      -0.21,    -0.02
1988, 01,   32157, 1988.0410,     0.19,     0.23,       0.10,     0.14,       0.19,     0.23
1988, 02,   32188, 1988.1257,     0.32,     0.29,       0.17,     0.15,       0.32,     0.29
1988, 03,   32217, 1988.2049,     0.31,     0.24,       0.22,     0.15,       0.31,     0.24
1988, 04,   32248, 1988.2896,     0.40,     0.26,       0.29,     0.14,       0.40,     0.26
1988, 05,   32278, 1988.3716,     0.43,     0.24,       0.33,     0.14,       0.43,     0.24
1988, 06,   32309, 1988.4563,     0.26,     0.01,       0.39,     0.13,       0.26,     0.01
1988, 07,   32339, 1988.5383,     0.42,     0.16,       0.39,     0.12,       0.42,     0.16
1988, 08,   32370, 1988.6230,     0.08,    -0.01,       0.21,     0.12,       0.08,    -0.01
1988, 09,   32401, 1988.7077,    -0.15,     0.01,      -0.05,     0.11,      -0.15,     0.01
1988, 10,   32431, 1988.7896,    -0.38,    -0.06,      -0.22,     0.11,      -0.38,    -0.06
1988, 11,   32462, 1988.8743,    -0.52,    -0.20,      -0.22,     0.11,      -0.52,    -0.20
1988, 12,   32492, 1988.9563,    -0.14,     0.05,      -0.08,     0.11,      -0.14,     0.05
1989, 01,   32523, 1989.0411,    -0.03,     0.02,       0.06,     0.11,      -0.03,     0.02
1989, 02,   32554, 1989.1260,     0.16,     0.14,       0.14,     0.12,       0.16,     0.14
1989, 03,   32582, 1989.2027,     0.32,     0.25,       0.20,     0.12,       0.32,     0.25
1989, 04,   32613, 1989.2877,     0.23,     0.09,       0.27,     0.12,       0.23,     0.09
1989, 05,   32643, 1989.3699,     0.33,     0.14,       0.32,     0.13,       0.33,     0.14
1989, 06,   32674, 1989.4548,     0.35,     0.10,       0.39,     0.13,       0.35,     0.10
1989, 07,   32704, 1989.5370,     0.43,     0.17,       0.39,     0.13,       0.43,     0.17
1989, 08,   32735, 1989.6219,     0.19,     0.09,       0.23,     0.13,       0.19,     0.09
1989, 09,   32766, 1989.7068,    -0.01,     0.15,      -0.03,     0.12,      -0.01,     0.15
1989, 10,   32796, 1989.7890,    -0.03,     0.29,      -0.21,     0.12,      -0.03,     0.29
1989, 11,   32827, 1989.8740,    -0.12,     0.20,      -0.21,     0.11,      -0.12,     0.20
1989, 12,   32857, 1989.9562,    -0.16,     0.03,      -0.09,     0.10,      -0.16,     0.03
1990, 01,   32888, 1990.0411,    -0.16,    -0.11,       0.03,     0.08,      -0.16,    -0.11
1990, 02,   32919, 1990.1260,    -0.12,    -0.15,       0.09,     0.07,      -0.12,    -0.15
1990, 03,   32947, 1990.2027,     0.10,     0.03,       0.14,     0.06,       0.10,     0.03
1990, 04,   32978, 1990.2877,     0.34,     0.20,       0.19,     0.05,       0.34,     0.20
1990, 05,   33008, 1990.3699,     0.25,     0.06,       0.23,     0.04,       0.25,     0.06
1990, 06,   33039, 1990.4548,     0.28,     0.02,       0.29,     0.03,       0.28,     0.02
1990, 07,   33069, 1990.5370,     0.14,    -0.12,       0.29,     0.03,       0.14,    -0.12
1990, 08,   33100, 1990.6219,     0.33,     0.23,       0.12,     0.02,       0.33,     0.23
1990, 09,   33131, 1990.7068,    -0.29,    -0.13,      -0.14,     0.02,      -0.29,    -0.13
1990, 10,   33161, 1990.7890,    -0.45,    -0.13,      -0.30,     0.02,      -0.45,    -0.13
1990, 11,   33192, 1990.8740,    -0.73,    -0.41,      -0.29,     0.03,      -0.73,    -0.41
1990, 12,   33222, 1990.9562,    -0.03,     0.16,      -0.15,     0.04,      -0.03,     0.16
1991, 01,   33253, 1991.0411,     0.15,     0.20,      -0.00,     0.05,       0.15,     0.20
1991, 02,   33284, 1991.1260,     0.06,     0.04,       0.08,     0.06,       0.06,     0.04
1991, 03,   33312, 1991.2027,    -0.03,    -0.10,       0.15,     0.08,      -0.03,    -0.10
1991, 04,   33343, 1991.2877,     0.19,     0.05,       0.24,     0.10,       0.19,     0.05
1991, 05,   33373, 1991.3699,     0.24,     0.05,       0.31,     0.12,       0.24,     0.05
1991, 06,   33404, 1991.4548,     0.43,     0.18,       0.40,     0.14,       0.43,     0.18
1991, 07,   33434, 1991.5370,     0.42,     0.16,       0.43,     0.17,       0.42,     0.16
1991, 08,   33465, 1991.6219,     0.22,     0.12,       0.29,     0.19,       0.22,     0.12
1991, 09,   33496, 1991.7068,     0.13,     0.29,       0.06,     0.22,       0.13,     0.29
1991, 10,   33526, 1991.7890,     0.24,     0.56,      -0.08,     0.24,       0.24,     0.56
1991, 11,   33557, 1991.8740,     0.06,     0.38,      -0.06,     0.26,       0.06,     0.38
1991, 12,   33587, 1991.9562,    -0.03,     0.16,       0.09,     0.28,      -0.03,     0.16
1992, 01,   33618, 1992.0410,     0.21,     0.26,       0.24,     0.29,       0.21,     0.26
1992, 02,   33649, 1992.1257,     0.31,     0.29,       0.32,     0.30,       0.31,     0.29
1992, 03,   33678, 1992.2049,     0.37,     0.29,       0.39,     0.31,       0.37,     0.29
1992, 04,   33709, 1992.2896,     0.42,     0.27,       0.47,     0.32,       0.42,     0.27
1992, 05,   33739, 1992.3716,     0.45,     0.26,       0.53,     0.34,       0.45,     0.26
1992, 06,   33770, 1992.4563,     0.60,     0.34,       0.60,     0.35,       0.60,     0.34
1992, 07,   33800, 1992.5383,     0.64,     0.38,       0.61,     0.35,       0.64,     0.38
1992, 08,   33831, 1992.6230,     0.61,     0.52,       0.46,     0.36,       0.61,     0.52
1992, 09,   33862, 1992.7077,     0.17,     0.33,       0.21,     0.37,       0.17,     0.33
1992, 10,   33892, 1992.7896,    -0.16,     0.16,       0.05,     0.38,      -0.16,     0.16
1992, 11,   33923, 1992.8743,     0.07,     0.39,       0.06,     0.38,       0.07,     0.39
1992, 12,   33953, 1992.9563,     0.25,     0.43,       0.20,     0.38,       0.25,     0.43
1993, 01,   33984, 1993.0411,     0.31,     0.36,       0.33,     0.38,       0.31,     0.36
1993, 02,   34015, 1993.1260,     0.43,     0.41,       0.40,     0.38,       0.43,     0.41
1993, 03,   34043, 1993.2027,     0.59,     0.52,       0.45,     0.37,       0.59,     0.52
1993, 04,   34074, 1993.2877,     0.61,     0.47,       0.50,     0.36,       0.61,     0.47
1993, 05,   34104, 1993.3699,     0.56,     0.37,       0.54,     0.35,       0.56,     0.37
1993, 06,   34135, 1993.4548,     0.66,     0.40,       0.58,     0.33,       0.66,     0.40
1993, 07,   34165, 1993.5370,     0.50,     0.24,       0.57,     0.31,       0.50,     0.24
1993, 08,   34196, 1993.6219,     0.37,     0.27,       0.39,     0.29,       0.37,     0.27
1993, 09,   34227, 1993.7068,    -0.02,     0.14,       0.12,     0.27,      -0.02,     0.14
1993, 10,   34257, 1993.7890,    -0.19,     0.13,      -0.06,     0.26,      -0.19,     0.13
1993, 11,   34288, 1993.8740,    -0.13,     0.19,      -0.07,     0.25,      -0.13,     0.19
1993, 12,   34318, 1993.9562,     0.03,     0.22,       0.05,     0.24,       0.03,     0.22
1994, 01,   34349, 1994.0411,     0.14,     0.19,       0.19,     0.24,       0.14,     0.19
1994, 02,   34380, 1994.1260,     0.36,     0.34,       0.26,     0.24,       0.36,     0.34
1994, 03,   34408, 1994.2027,     0.31,     0.24,       0.31,     0.24,       0.31,     0.24
1994, 04,   34439, 1994.2877,     0.40,     0.26,       0.38,     0.24,       0.40,     0.26
1994, 05,   34469, 1994.3699,     0.46,     0.27,       0.44,     0.25,       0.46,     0.27
1994, 06,   34500, 1994.4548,     0.47,     0.22,       0.50,     0.25,       0.47,     0.22
1994, 07,   34530, 1994.5370,     0.67,     0.41,       0.51,     0.25,       0.67,     0.41
1994, 08,   34561, 1994.6219,     0.38,     0.28,       0.36,     0.26,       0.38,     0.28
1994, 09,   34592, 1994.7068,    -0.18,    -0.02,       0.10,     0.26,      -0.18,    -0.02
1994, 10,   34622, 1994.7890,    -0.15,     0.17,      -0.05,     0.27,      -0.15,     0.17
1994, 11,   34653, 1994.8740,    -0.17,     0.15,      -0.05,     0.27,      -0.17,     0.15
1994, 12,   34683, 1994.9562,    -0.09,     0.10,       0.09,     0.28,      -0.09,     0.10
1995, 01,   34714, 1995.0411,     0.25,     0.29,       0.24,     0.28,       0.25,     0.29
1995, 02,   34745, 1995.1260,     0.42,     0.40,       0.31,     0.29,       0.42,     0.40
1995, 03,   34773, 1995.2027,     0.56,     0.49,       0.36,     0.29,       0.56,     0.49
1995, 04,   34804, 1995.2877,     0.44,     0.30,       0.42,     0.28,       0.44,     0.30
1995, 05,   34834, 1995.3699,     0.50,     0.31,       0.47,     0.28,       0.50,     0.31
1995, 06,   34865, 1995.4548,     0.54,     0.29,       0.52,     0.27,       0.54,     0.29
1995, 07,   34895, 1995.5370,     0.50,     0.24,       0.51,     0.25,       0.50,     0.24
1995, 08,   34926, 1995.6219,     0.22,     0.12,       0.34,     0.24,       0.22,     0.12
1995, 09,   34957, 1995.7068,     0.26,     0.42,       0.07,     0.22,       0.26,     0.42
1995, 10,   34987, 1995.7890,    -0.33,    -0.01,      -0.11,     0.21,      -0.33,    -0.01
1995, 11,   35018, 1995.8740,     0.03,     0.35,      -0.12,     0.19,       0.03,     0.35
1995, 12,   35048, 1995.9562,     0.18,     0.37,      -0.01,     0.18,       0.18,     0.37
1996, 01,   35079, 1996.0410,     0.14,     0.19,       0.12,     0.17,       0.14,     0.19
1996, 02,   35110, 1996.1257,     0.15,     0.13,       0.17,     0.15,       0.15,     0.13
1996, 03,   35139, 1996.2049,     0.13,     0.05,       0.22,     0.14,       0.13,     0.05
1996, 04,   35170, 1996.2896,     0.34,     0.20,       0.27,     0.13,       0.34,     0.20
1996, 05,   35200, 1996.3716,     0.32,     0.13,       0.31,     0.12,       0.32,     0.13
1996, 06,   35231, 1996.4563,     0.30,     0.05,       0.37,     0.11,       0.30,     0.05
1996, 07,   35261, 1996.5383,     0.34,     0.08,       0.36,     0.11,       0.34,     0.08
1996, 08,   35292, 1996.6230,     0.15,     0.05,       0.20,     0.10,       0.15,     0.05
1996, 09,   35323, 1996.7077,    -0.02,     0.14,      -0.06,     0.10,      -0.02,     0.14
1996, 10,   35353, 1996.7896,    -0.06,     0.26,      -0.22,     0.10,      -0.06,     0.26
1996, 11,   35384, 1996.8743,    -0.35,    -0.03,      -0.22,     0.10,      -0.35,    -0.03
1996, 12,   35414, 1996.9563,    -0.13,     0.05,      -0.08,     0.10,      -0.13,     0.05
1997, 01,   35445, 1997.0411,     0.17,     0.22,       0.06,     0.11,       0.17,     0.22
1997, 02,   35476, 1997.1260,     0.08,     0.06,       0.14,     0.12,       0.08,     0.06
1997, 03,   35504, 1997.2027,     0.09,     0.01,       0.20,     0.13,       0.09,     0.01
1997, 04,   35535, 1997.2877,     0.32,     0.18,       0.28,     0.14,       0.32,     0.18
1997, 05,   35565, 1997.3699,     0.29,     0.10,       0.35,     0.16,       0.29,     0.10
1997, 06,   35596, 1997.4548,     0.37,     0.12,       0.43,     0.18,       0.37,     0.12
1997, 07,   35626, 1997.5370,     0.52,     0.26,       0.45,     0.19,       0.52,     0.26
1997, 08,   35657, 1997.6219,     0.29,     0.19,       0.31,     0.21,       0.29,     0.19
1997, 09,   35688, 1997.7068,     0.10,     0.26,       0.07,     0.22,       0.10,     0.26
1997, 10,   35718, 1997.7890,     0.03,     0.35,      -0.08,     0.24,       0.03,     0.35
1997, 11,   35749, 1997.8740,      NaN,      NaN,      -0.07,     0.25,      -0.07,     0.25
1997, 12,   35779, 1997.9562,     0.13,     0.31,       0.07,     0.25,       0.13,     0.31
1998, 01,   35810, 1998.0411,     0.29,     0.34,       0.21,     0.25,       0.29,     0.34
1998, 02,   35841, 1998.1260,     0.22,     0.20,       0.27,     0.25,       0.22,     0.20
1998, 03,   35869, 1998.2027,     0.23,     0.16,       0.33,     0.25,       0.23,     0.16
1998, 04,   35900, 1998.2877,     0.33,     0.19,       0.39,     0.25,       0.33,     0.19
1998, 05,   35930, 1998.3699,     0.47,     0.29,       0.43,     0.24,       0.47,     0.29
1998, 06,   35961, 1998.4548,     0.58,     0.33,       0.48,     0.23,       0.58,     0.33
1998, 07,   35991, 1998.5370,     0.58,     0.32,       0.48,     0.22,       0.58,     0.32
1998, 08,   36022, 1998.6219,     0.36,     0.27,       0.30,     0.21,       0.36,     0.27
1998, 09,   36053, 1998.7068,      NaN,      NaN,       0.03,     0.19,       0.03,     0.19
1998, 10,   36083, 1998.7890,    -0.33,    -0.01,      -0.14,     0.18,      -0.33,    -0.01
1998, 11,   36114, 1998.8740,    -0.10,     0.22,      -0.16,     0.16,      -0.10,     0.22
1998, 12,   36144, 1998.9562,    -0.14,     0.04,      -0.04,     0.15,      -0.14,     0.04
1999, 01,   36175, 1999.0411,    -0.04,     0.01,       0.09,     0.14,      -0.04,     0.01
1999, 02,   36206, 1999.1260,     0.08,     0.06,       0.15,     0.13,       0.08,     0.06
1999, 03,   36234, 1999.2027,     0.18,     0.11,       0.20,     0.13,       0.18,     0.11
1999, 04,   36265, 1999.2877,     0.28,     0.14,       0.26,     0.12,       0.28,     0.14
1999, 05,   36295, 1999.3699,     0.37,     0.18,       0.31,     0.12,       0.37,     0.18
1999, 06,   36326, 1999.4548,     0.44,     0.19,       0.37,     0.12,       0.44,     0.19
1999, 07,   36356, 1999.5370,     0.37,     0.11,       0.37,     0.12,       0.37,     0.11
1999, 08,   36387, 1999.6219,     0.30,     0.20,       0.21,     0.11,       0.30,     0.20
1999, 09,   36418, 1999.7068,    -0.10,     0.06,      -0.05,     0.11,      -0.10,     0.06
1999, 10,   36448, 1999.7890,    -0.07,     0.25,      -0.22,     0.10,      -0.07,     0.25
1999, 11,   36479, 1999.8740,    -0.20,     0.11,      -0.22,     0.10,      -0.20,     0.11
1999, 12,   36509, 1999.9562,    -0.21,    -0.03,      -0.09,     0.09,      -0.21,    -0.03
2000, 01,   36540, 2000.0410,    -0.03,     0.02,       0.04,     0.09,      -0.03,     0.02
2000, 02,   36571, 2000.1257,     0.18,     0.16,       0.11,     0.09,       0.18,     0.16
2000, 03,   36600, 2000.2049,     0.07,    -0.01,       0.17,     0.09,       0.07,    -0.01
2000, 04,   36631, 2000.2896,     0.18,     0.04,       0.24,     0.10,       0.18,     0.04
2000, 05,   36661, 2000.3716,     0.32,     0.13,       0.29,     0.10,       0.32,     0.13
2000, 06,   36692, 2000.4563,     0.40,     0.15,       0.36,     0.10,       0.40,     0.15
2000, 07,   36722, 2000.5383,     0.35,     0.10,       0.37,     0.11,       0.35,     0.10
2000, 08,   36753, 2000.6230,     0.22,     0.13,       0.21,     0.11,       0.22,     0.13
2000, 09,   36784, 2000.7077,      NaN,      NaN,      -0.04,     0.12,      -0.04,     0.12
2000, 10,   36814, 2000.7896,    -0.25,     0.07,      -0.20,     0.12,      -0.25,     0.07
2000, 11,   36845, 2000.8743,    -0.19,     0.12,      -0.19,     0.13,      -0.19,     0.12
2000, 12,   36875, 2000.9563,     0.04,     0.23,      -0.06,     0.13,       0.04,     0.23
2001, 01,   36906, 2001.0411,     0.19,     0.24,       0.08,     0.13,       0.19,     0.24
2001, 02,   36937, 2001.1260,     0.18,     0.16,       0.15,     0.13,       0.18,     0.16
2001, 03,   36965, 2001.2027,     0.13,     0.06,       0.20,     0.13,       0.13,     0.06
2001, 04,   36996, 2001.2877,     0.25,     0.11,       0.26,     0.13,       0.25,     0.11
2001, 05,   37026, 2001.3699,     0.30,     0.12,       0.31,     0.12,       0.30,     0.12
2001, 06,   37057, 2001.4548,     0.36,     0.11,       0.37,     0.12,       0.36,     0.11
2001, 07,   37087, 2001.5370,     0.38,     0.12,       0.38,     0.12,       0.38,     0.12
2001, 08,   37118, 2001.6219,     0.15,     0.05,       0.22,     0.13,       0.15,     0.05
2001, 09,   37149, 2001.7068,     0.08,     0.23,      -0.03,     0.13,       0.08,     0.23
2001, 10,   37179, 2001.7890,    -0.21,     0.10,      -0.19,     0.13,      -0.21,     0.10
2001, 11,   37210, 2001.8740,    -0.22,     0.09,      -0.18,     0.14,      -0.22,     0.09
2001, 12,   37240, 2001.9562,    -0.11,     0.08,      -0.04,     0.15,      -0.11,     0.08
2002, 01,   37271, 2002.0411,     0.08,     0.13,       0.11,     0.16,       0.08,     0.13
2002, 02,   37302, 2002.1260,     0.16,     0.14,       0.19,     0.17,       0.16,     0.14
2002, 03,   37330, 2002.2027,     0.14,     0.07,       0.26,     0.19,       0.14,     0.07
2002, 04,   37361, 2002.2877,     0.30,     0.16,       0.35,     0.21,       0.30,     0.16
2002, 05,   37391, 2002.3699,     0.34,     0.15,       0.42,     0.23,       0.34,     0.15
2002, 06,   37422, 2002.4548,     0.59,     0.34,       0.50,     0.25,       0.59,     0.34
2002, 07,   37452, 2002.5370,     0.55,     0.30,       0.53,     0.28,       0.55,     0.30
2002, 08,   37483, 2002.6219,     0.50,     0.40,       0.39,     0.30,       0.50,     0.40
2002, 09,   37514, 2002.7068,     0.20,     0.36,       0.16,     0.31,       0.20,     0.36
2002, 10,   37544, 2002.7890,     0.10,     0.42,       0.01,     0.32,       0.10,     0.42
2002, 11,   37575, 2002.8740,     0.13,     0.45,       0.02,     0.33,       0.13,     0.45
2002, 12,   37605, 2002.9562,     0.06,     0.25,       0.15,     0.34,       0.06,     0.25
2003, 01,   37636, 2003.0411,     0.25,     0.30,       0.29,     0.34,       0.25,     0.30
2003, 02,   37667, 2003.1260,     0.30,     0.27,       0.36,     0.34,       0.30,     0.27
2003, 03,   37695, 2003.2027,     0.57,     0.50,       0.41,     0.33,       0.57,     0.50
2003, 04,   37726, 2003.2877,     0.56,     0.42,       0.46,     0.33,       0.56,     0.42
2003, 05,   37756, 2003.3699,     0.48,     0.30,       0.50,     0.32,       0.48,     0.30
2003, 06,   37787, 2003.4548,     0.55,     0.30,       0.55,     0.30,       0.55,     0.30
2003, 07,   37817, 2003.5370,     0.62,     0.36,       0.54,     0.29,       0.62,     0.36
2003, 08,   37848, 2003.6219,     0.21,     0.11,       0.37,     0.27,       0.21,     0.11
2003, 09,   37879, 2003.7068,    -0.02,     0.13,       0.10,     0.26,      -0.02,     0.13
2003, 10,   37909, 2003.7890,     0.05,     0.37,      -0.07,     0.24,       0.05,     0.37
2003, 11,   37940, 2003.8740,    -0.19,     0.13,      -0.08,     0.23,      -0.19,     0.13
2003, 12,   37970, 2003.9562,    -0.09,     0.09,       0.04,     0.23,      -0.09,     0.09
2004, 01,   38001, 2004.0410,     0.29,     0.34,       0.17,     0.22,       0.29,     0.34
2004, 02,   38032, 2004.1257,     0.19,     0.17,       0.24,     0.22,       0.19,     0.17
2004, 03,   38061, 2004.2049,     0.27,     0.20,       0.29,     0.22,       0.27,     0.20
2004, 04,   38092, 2004.2896,     0.29,     0.15,       0.36,     0.22,       0.29,     0.15
2004, 05,   38122, 2004.3716,     0.38,     0.19,       0.41,     0.22,       0.38,     0.19
2004, 06,   38153, 2004.4563,     0.55,     0.30,       0.47,     0.22,       0.55,     0.30
2004, 07,   38183, 2004.5383,     0.61,     0.36,       0.48,     0.23,       0.61,     0.36
2004, 08,   38214, 2004.6230,     0.28,     0.19,       0.33,     0.23,       0.28,     0.19
2004, 09,   38245, 2004.7077,     0.07,     0.23,       0.08,     0.24,       0.07,     0.23
2004, 10,   38275, 2004.7896,    -0.13,     0.19,      -0.08,     0.24,      -0.13,     0.19
2004, 11,   38306, 2004.8743,    -0.11,     0.20,      -0.07,     0.24,      -0.11,     0.20
2004, 12,   38336, 2004.9563,     0.13,     0.31,       0.06,     0.25,       0.13,     0.31
2005, 01,   38367, 2005.0411,     0.38,     0.43,       0.20,     0.25,       0.38,     0.43
2005, 02,   38398, 2005.1260,     0.14,     0.12,       0.27,     0.25,       0.14,     0.12
2005, 03,   38426, 2005.2027,     0.31,     0.24,       0.33,     0.25,       0.31,     0.24
2005, 04,   38457, 2005.2877,     0.32,     0.18,       0.39,     0.25,       0.32,     0.18
2005, 05,   38487, 2005.3699,     0.63,     0.44,       0.44,     0.25,       0.63,     0.44
2005, 06,   38518, 2005.4548,     0.47,     0.23,       0.50,     0.25,       0.47,     0.23
2005, 07,   38548, 2005.5370,     0.37,     0.12,       0.50,     0.24,       0.37,     0.12
2005, 08,   38579, 2005.6219,     0.29,     0.19,       0.34,     0.24,       0.29,     0.19
2005, 09,   38610, 2005.7068,    -0.07,     0.09,       0.08,     0.23,      -0.07,     0.09
2005, 10,   38640, 2005.7890,     0.09,     0.40,      -0.09,     0.22,       0.09,     0.40
2005, 11,   38671, 2005.8740,     0.03,     0.35,      -0.10,     0.21,       0.03,     0.35
2005, 12,   38701, 2005.9562,     0.16,     0.35,       0.02,     0.20,       0.16,     0.35
2006, 01,   38732, 2006.0411,     0.20,     0.25,       0.14,     0.19,       0.20,     0.25
2006, 02,   38763, 2006.1260,     0.11,     0.09,       0.19,     0.17,       0.11,     0.09
2006, 03,   38791, 2006.2027,     0.20,     0.13,       0.23,     0.16,       0.20,     0.13
2006, 04,   38822, 2006.2877,     0.25,     0.11,       0.28,     0.14,       0.25,     0.11
2006, 05,   38852, 2006.3699,     0.22,     0.03,       0.32,     0.13,       0.22,     0.03
2006, 06,   38883, 2006.4548,     0.43,     0.18,       0.37,     0.12,       0.43,     0.18
2006, 07,   38913, 2006.5370,     0.40,     0.14,       0.37,     0.12,       0.40,     0.14
2006, 08,   38944, 2006.6219,     0.10,     0.00,       0.21,     0.12,       0.10,     0.00
2006, 09,   38975, 2006.7068,    -0.02,     0.13,      -0.04,     0.12,      -0.02,     0.13
2006, 10,   39005, 2006.7890,    -0.26,     0.06,      -0.20,     0.12,      -0.26,     0.06
2006, 11,   39036, 2006.8740,    -0.16,     0.15,      -0.19,     0.12,      -0.16,     0.15
2006, 12,   39066, 2006.9562,    -0.04,     0.14,      -0.05,     0.13,      -0.04,     0.14
2007, 01,   39097, 2007.0411,     0.10,     0.14,       0.09,     0.14,       0.10,     0.14
2007, 02,   39128, 2007.1260,     0.06,     0.04,       0.17,     0.15,       0.06,     0.04
2007, 03,   39156, 2007.2027,     0.35,     0.28,       0.23,     0.16,       0.35,     0.28
2007, 04,   39187, 2007.2877,     0.27,     0.14,       0.31,     0.17,       0.27,     0.14
2007, 05,   39217, 2007.3699,     0.38,     0.19,       0.37,     0.18,       0.38,     0.19
2007, 06,   39248, 2007.4548,     0.51,     0.26,       0.44,     0.19,       0.51,     0.26
2007, 07,   39278, 2007.5370,     0.44,     0.19,       0.45,     0.20,       0.44,     0.19
2007, 08,   39309, 2007.6219,     0.33,     0.24,       0.30,     0.20,       0.33,     0.24
2007, 09,   39340, 2007.7068,    -0.02,     0.13,       0.05,     0.21,      -0.02,     0.13
2007, 10,   39370, 2007.7890,    -0.05,     0.26,      -0.10,     0.21,      -0.05,     0.26
2007, 11,   39401, 2007.8740,     0.05,     0.36,      -0.10,     0.21,       0.05,     0.36
2007, 12,   39431, 2007.9562,     0.13,     0.32,       0.02,     0.21,       0.13,     0.32
2008, 01,   39462, 2008.0410,     0.04,     0.09,       0.15,     0.20,       0.04,     0.09
2008, 02,   39493, 2008.1257,     0.09,     0.07,       0.21,     0.19,       0.09,     0.07
2008, 03,   39522, 2008.2049,     0.28,     0.20,       0.26,     0.18,       0.28,     0.20
2008, 04,   39553, 2008.2896,     0.33,     0.19,       0.31,     0.17,       0.33,     0.19
2008, 05,   39583, 2008.3716,     0.34,     0.16,       0.35,     0.16,       0.34,     0.16
2008, 06,   39614, 2008.4563,     0.44,     0.19,       0.40,     0.15,       0.44,     0.19
2008, 07,   39644, 2008.5383,     0.36,     0.11,       0.39,     0.14,       0.36,     0.11
2008, 08,   39675, 2008.6230,     0.22,     0.13,       0.22,     0.13,       0.22,     0.13
2008, 09,   39706, 2008.7077,     0.02,     0.18,      -0.04,     0.11,       0.02,     0.18
2008, 10,   39736, 2008.7896,    -0.12,     0.19,      -0.21,     0.10,      -0.12,     0.19
2008, 11,   39767, 2008.8743,    -0.20,     0.12,      -0.22,     0.09,      -0.20,     0.12
2008, 12,   39797, 2008.9563,    -0.20,    -0.02,      -0.11,     0.07,      -0.20,    -0.02
2009, 01,   39828, 2009.0411,    -0.01,     0.04,       0.02,     0.06,      -0.01,     0.04
2009, 02,   39859, 2009.1260,    -0.04,    -0.06,       0.08,     0.06,      -0.04,    -0.06
2009, 03,   39887, 2009.2027,     0.06,    -0.01,       0.12,     0.05,       0.06,    -0.01
2009, 04,   39918, 2009.2877,     0.19,     0.05,       0.19,     0.05,       0.19,     0.05
2009, 05,   39948, 2009.3699,     0.10,    -0.09,       0.23,     0.05,       0.10,    -0.09
2009, 06,   39979, 2009.4548,     0.27,     0.03,       0.30,     0.05,       0.27,     0.03
2009, 07,   40009, 2009.5370,     0.22,    -0.03,       0.31,     0.06,       0.22,    -0.03
2009, 08,   40040, 2009.6219,     0.22,     0.13,       0.16,     0.06,       0.22,     0.13
2009, 09,   40071, 2009.7068,      NaN,      NaN,      -0.08,     0.07,      -0.08,     0.07
2009, 10,   40101, 2009.7890,    -0.24,     0.07,      -0.24,     0.07,      -0.24,     0.07
2009, 11,   40132, 2009.8740,    -0.14,     0.17,      -0.23,     0.08,      -0.14,     0.17
2009, 12,   40162, 2009.9562,     0.03,     0.21,      -0.11,     0.08,       0.03,     0.21
2010, 01,   40193, 2010.0411,     0.15,     0.20,       0.03,     0.07,       0.15,     0.20
2010, 02,   40224, 2010.1260,     0.05,     0.03,       0.09,     0.07,       0.05,     0.03
2010, 03,   40252, 2010.2027,     0.14,     0.07,       0.13,     0.06,       0.14,     0.07
2010, 04,   40283, 2010.2877,     0.26,     0.13,       0.18,     0.05,       0.26,     0.13
2010, 05,   40313, 2010.3699,     0.28,     0.10,       0.22,     0.04,       0.28,     0.10
2010, 06,   40344, 2010.4548,     0.30,     0.05,       0.27,     0.02,       0.30,     0.05
2010, 07,   40374, 2010.5370,     0.23,    -0.02,       0.26,     0.01,       0.23,    -0.02
2010, 08,   40405, 2010.6219,    -0.10,    -0.20,       0.10,    -0.00,      -0.10,    -0.20
2010, 09,   40436, 2010.7068,    -0.35,    -0.20,      -0.16,    -0.01,      -0.35,    -0.20
2010, 10,   40466, 2010.7890,    -0.26,     0.05,      -0.33,    -0.02,      -0.26,     0.05
2010, 11,   40497, 2010.8740,    -0.51,    -0.20,      -0.33,    -0.02,      -0.51,    -0.20
2010, 12,   40527, 2010.9562,    -0.01,     0.18,      -0.21,    -0.03,      -0.01,     0.18
2011, 01,   40558, 2011.0411,    -0.07,    -0.02,      -0.07,    -0.03,      -0.07,    -0.02
2011, 02,   40589, 2011.1260,     0.08,     0.06,      -0.01,    -0.03,       0.08,     0.06
2011, 03,   40617, 2011.2027,     0.04,    -0.03,       0.05,    -0.03,       0.04,    -0.03
2011, 04,   40648, 2011.2877,     0.22,     0.08,       0.11,    -0.02,       0.22,     0.08
2011, 05,   40678, 2011.3699,     0.15,    -0.04,       0.16,    -0.02,       0.15,    -0.04
2011, 06,   40709, 2011.4548,     0.26,     0.01,       0.23,    -0.02,       0.26,     0.01
2011, 07,   40739, 2011.5370,     0.16,    -0.09,       0.24,    -0.01,       0.16,    -0.09
2011, 08,   40770, 2011.6219,     0.04,    -0.06,       0.09,    -0.00,       0.04,    -0.06
2011, 09,   40801, 2011.7068,    -0.21,    -0.06,      -0.15,     0.01,      -0.21,    -0.06
2011, 10,   40831, 2011.7890,    -0.15,     0.17,      -0.30,     0.02,      -0.15,     0.17
2011, 11,   40862, 2011.8740,    -0.55,    -0.24,      -0.28,     0.03,      -0.55,    -0.24
2011, 12,   40892, 2011.9562,    -0.12,     0.06,      -0.14,     0.04,      -0.12,     0.06
2012, 01,   40923, 2012.0410,     0.10,     0.15,       0.01,     0.05,       0.10,     0.15
2012, 02,   40954, 2012.1257,     0.14,     0.12,       0.09,     0.07,       0.14,     0.12
2012, 03,   40983, 2012.2049,     0.03,    -0.04,       0.15,     0.08,       0.03,    -0.04
2012, 04,   41014, 2012.2896,     0.12,    -0.01,       0.23,     0.09,       0.12,    -0.01
2012, 05,   41044, 2012.3716,     0.34,     0.15,       0.29,     0.11,       0.34,     0.15
2012, 06,   41075, 2012.4563,     0.35,     0.11,       0.37,     0.12,       0.35,     0.11
2012, 07,   41105, 2012.5383,     0.30,     0.05,       0.38,     0.13,       0.30,     0.05
2012, 08,   41136, 2012.6230,     0.30,     0.21,       0.23,     0.14,       0.30,     0.21
2012, 09,   41167, 2012.7077,    -0.06,     0.10,      -0.01,     0.15,      -0.06,     0.10
2012, 10,   41197, 2012.7896,     0.01,     0.32,      -0.16,     0.15,       0.01,     0.32
2012, 11,   41228, 2012.8743,     0.13,     0.44,      -0.16,     0.15,       0.13,     0.44
2012, 12,   41258, 2012.9563,     0.08,     0.26,      -0.04,     0.15,       0.08,     0.26
2013, 01,   41289, 2013.0411,     0.20,     0.25,       0.09,     0.14,       0.20,     0.25
2013, 02,   41320, 2013.1260,     0.11,     0.09,       0.14,     0.12,       0.11,     0.09
2013, 03,   41348, 2013.2027,     0.18,     0.11,       0.18,     0.10,       0.18,     0.11
2013, 04,   41379, 2013.2877,     0.28,     0.14,       0.22,     0.09,       0.28,     0.14
2013, 05,   41409, 2013.3699,     0.31,     0.13,       0.25,     0.07,       0.31,     0.13
2013, 06,   41440, 2013.4548,     0.20,    -0.05,       0.29,     0.05,       0.20,    -0.05
2013, 07,   41470, 2013.5370,     0.22,    -0.03,       0.28,     0.03,       0.22,    -0.03
2013, 08,   41501, 2013.6219,    -0.09,    -0.17,       0.06,    -0.02,      -0.09,    -0.17
2013, 09,   41532, 2013.7068,    -0.29,    -0.15,      -0.18,    -0.04,      -0.29,    -0.15
2013, 10,   41562, 2013.7890,    -0.42,    -0.12,      -0.34,    -0.04,      -0.42,    -0.12
2013, 11,   41593, 2013.8740,    -0.17,     0.11,      -0.32,    -0.04,      -0.17,     0.11
2013, 12,   41623, 2013.9562,    -0.24,    -0.09,      -0.19,    -0.04,      -0.24,    -0.09
2014, 01,   41654, 2014.0411,    -0.13,    -0.08,      -0.08,    -0.03,      -0.13,    -0.08
2014, 02,   41685, 2014.1260,     0.09,     0.07,       0.01,    -0.01,       0.09,     0.07
2014, 03,   41713, 2014.2027,     0.07,     0.00,       0.08,     0.01,       0.07,     0.00
2014, 04,   41744, 2014.2877,     0.08,    -0.05,       0.15,     0.03,       0.08,    -0.05
2014, 05,   41774, 2014.3699,     0.21,     0.03,       0.23,     0.06,       0.21,     0.03
2014, 06,   41805, 2014.4548,     0.35,     0.10,       0.33,     0.08,       0.35,     0.10
2014, 07,   41835, 2014.5370,     0.33,     0.09,       0.35,     0.11,       0.33,     0.09
2014, 08,   41866, 2014.6219,     0.33,     0.25,       0.21,     0.13,       0.33,     0.25
2014, 09,   41897, 2014.7068,     0.11,     0.28,      -0.03,     0.14,       0.11,     0.28
2014, 10,   41927, 2014.7890,    -0.19,     0.13,      -0.17,     0.15,      -0.19,     0.13
2014, 11,   41958, 2014.8740,    -0.28,     0.01,      -0.14,     0.15,      -0.28,     0.01
2014, 12,   41988, 2014.9562,     0.05,     0.21,      -0.02,     0.15,       0.05,     0.21
2015, 01,   42019, 2015.0411,     0.02,     0.07,       0.09,     0.14,       0.02,     0.07
2015, 02,   42050, 2015.1260,     0.16,     0.14,       0.17,     0.14,       0.16,     0.14
2015, 03,   42078, 2015.2027,     0.19,     0.12,       0.21,     0.14,       0.19,     0.12
2015, 04,   42109, 2015.2877,     0.26,     0.14,       0.26,     0.14,       0.26,     0.14
2015, 05,   42139, 2015.3699,     0.29,     0.10,       0.34,     0.14,       0.29,     0.10
2015, 06,   42170, 2015.4548,     0.41,     0.15,       0.41,     0.15,       0.41,     0.15
2015, 07,   42200, 2015.5370,     0.33,     0.07,       0.42,     0.16,       0.33,     0.07
2015, 08,   42231, 2015.6219,     0.27,     0.18,       0.26,     0.17,       0.27,     0.18
2015, 09,   42262, 2015.7068,    -0.07,     0.10,       0.02,     0.19,      -0.07,     0.10
2015, 10,   42292, 2015.7890,    -0.06,     0.24,      -0.10,     0.20,      -0.06,     0.24
2015, 11,   42323, 2015.8740,      NaN,      NaN,      -0.07,     0.22,      -0.07,     0.22
2015, 12,   42353, 2015.9562,      NaN,      NaN,       0.03,     0.22,       0.03,     0.22
2016, 01,   42384, 2016.0410,     0.15,     0.22,       0.15,     0.23,       0.15,     0.22
2016, 02,   42415, 2016.1257,     0.32,     0.29,       0.26,     0.23,       0.32,     0.29
2016, 03,   42444, 2016.2049,     0.34,     0.27,       0.30,     0.23,       0.34,     0.27
2016, 04,   42475, 2016.2896,     0.37,     0.25,       0.35,     0.22,       0.37,     0.25
2016, 05,   42505, 2016.3716,     0.32,     0.12,       0.41,     0.21,       0.32,     0.12
2016, 06,   42536, 2016.4563,     0.50,     0.23,       0.46,     0.20,       0.50,     0.23
2016, 07,   42566, 2016.5383,     0.42,     0.17,       0.44,     0.18,       0.42,     0.17
2016, 08,   42597, 2016.6230,     0.32,     0.23,       0.26,     0.17,       0.32,     0.23
2016, 09,   42628, 2016.7077,    -0.02,     0.15,      -0.01,     0.16,      -0.02,     0.15
2016, 10,   42658, 2016.7896,    -0.36,    -0.07,      -0.13,     0.16,      -0.36,    -0.07
2016, 11,   42689, 2016.8743,    -0.05,     0.21,      -0.11,     0.16,      -0.05,     0.21
2016, 12,   42719, 2016.9563,    -0.03,     0.17,      -0.03,     0.17,      -0.03,     0.17
2017, 01,   42750, 2017.0411,    -0.05,     0.08,       0.06,     0.18,      -0.05,     0.08
2017, 02,   42781, 2017.1260,     0.22,     0.21,       0.20,     0.19,       0.22,     0.21
2017, 03,   42809, 2017.2027,     0.36,     0.29,       0.28,     0.21,       0.36,     0.29
2017, 04,   42840, 2017.2877,     0.43,     0.31,       0.34,     0.22,       0.43,     0.31
2017, 05,   42870, 2017.3699,     0.43,     0.23,       0.43,     0.22,       0.43,     0.23
2017, 06,   42901, 2017.4548,     0.52,     0.25,       0.49,     0.22,       0.52,     0.25
2017, 07,   42931, 2017.5370,     0.48,     0.23,       0.47,     0.22,       0.48,     0.23
2017, 08,   42962, 2017.6219,     0.25,     0.14,       0.31,     0.21,       0.25,     0.14
2017, 09,   42993, 2017.7068,     0.12,     0.29,       0.03,     0.20,       0.12,     0.29
2017, 10,   43023, 2017.7890,    -0.08,     0.22,      -0.12,     0.18,      -0.08,     0.22
2017, 11,   43054, 2017.8740,    -0.17,     0.10,      -0.10,     0.17,      -0.17,     0.10
2017, 12,   43084, 2017.9562,    -0.04,     0.17,      -0.04,     0.16,      -0.04,     0.17
2018, 01,   43115, 2018.0411,     0.05,     0.18,       0.03,     0.16,       0.05,     0.18
2018, 02,   43146, 2018.1260,     0.23,     0.23,       0.16,     0.15,       0.23,     0.23
2018, 03,   43174, 2018.2027,     0.10,     0.01,       0.24,     0.15,       0.10,     0.01
2018, 04,   43205, 2018.2877,     0.30,     0.18,       0.28,     0.16,       0.30,     0.18
2018, 05,   43235, 2018.3699,     0.27,     0.07,       0.37,     0.17,       0.27,     0.07
2018, 06,   43266, 2018.4548,     0.50,     0.21,       0.47,     0.18,       0.50,     0.21
2018, 07,   43296, 2018.5370,     0.47,     0.19,       0.47,     0.20,       0.47,     0.19
2018, 08,   43327, 2018.6219,     0.39,     0.27,       0.33,     0.21,       0.39,     0.27
2018, 09,   43358, 2018.7068,     0.07,     0.21,       0.07,     0.22,       0.07,     0.21
2018, 10,   43388, 2018.7890,    -0.10,     0.20,      -0.08,     0.22,      -0.10,     0.20
2018, 11,   43419, 2018.8740,     0.12,     0.40,      -0.06,     0.22,       0.12,     0.40
2018, 12,   43449, 2018.9562,    -0.12,     0.09,       0.02,     0.23,      -0.12,     0.09
2019, 01,   43480, 2019.0411,      NaN,      NaN,       0.10,     0.23,       0.10,     0.23
2019, 02,   43511, 2019.1260,     0.12,     0.11,       0.25,     0.23,       0.12,     0.11
2019, 03,   43539, 2019.2027,     0.21,     0.12,       0.33,     0.24,       0.21,     0.12
2019, 04,   43570, 2019.2877,     0.32,     0.20,       0.36,     0.24,       0.32,     0.20
2019, 05,   43600, 2019.3699,     0.51,     0.32,       0.43,     0.24,       0.51,     0.32
2019, 06,   43631, 2019.4548,     0.59,     0.30,       0.53,     0.24,       0.59,     0.30
2019, 07,   43661, 2019.5370,     0.51,     0.25,       0.50,     0.24,       0.51,     0.25
2019, 08,   43692, 2019.6219,     0.42,     0.30,       0.35,     0.24,       0.42,     0.30
2019, 09,   43723, 2019.7068,     0.04,     0.16,       0.12,     0.24,       0.04,     0.16
2019, 10,   43753, 2019.7890,    -0.02,     0.28,      -0.05,     0.24,      -0.02,     0.28
2019, 11,   43784, 2019.8740,     0.05,     0.34,      -0.05,     0.24,       0.05,     0.34
2019, 12,   43814, 2019.9562,    -0.06,     0.15,       0.04,     0.25,      -0.06,     0.15
2020, 01,   43845, 2020.0410,     0.09,     0.22,       0.12,     0.25,       0.09,     0.22
2020, 02,   43876, 2020.1257,     0.26,     0.26,       0.26,     0.26,       0.26,     0.26
2020, 03,   43905, 2020.2049,     0.33,     0.24,       0.35,     0.26,       0.33,     0.24
2020, 04,   43936, 2020.2896,     0.51,     0.39,       0.38,     0.26,       0.51,     0.39
2020, 05,   43966, 2020.3716,     0.53,     0.33,       0.45,     0.26,       0.53,     0.33
2020, 06,   43997, 2020.4563,     0.59,     0.31,       0.53,     0.24,       0.59,     0.31
2020, 07,   44027, 2020.5383,     0.41,     0.15,       0.48,     0.23,       0.41,     0.15
2020, 08,   44058, 2020.6230,     0.27,     0.16,       0.31,     0.21,       0.27,     0.16
2020, 09,   44089, 2020.7077,     0.09,     0.21,       0.06,     0.18,       0.09,     0.21
2020, 10,   44119, 2020.7896,    -0.12,     0.18,      -0.14,     0.16,      -0.12,     0.18
2020, 11,   44150, 2020.8743,    -0.04,     0.25,      -0.16,     0.13,      -0.04,     0.25
2020, 12,   44180, 2020.9563,    -0.09,     0.12,      -0.10,     0.11,      -0.09,     0.12
2021, 01,   44211, 2021.0411,    -0.21,    -0.08,      -0.05,     0.08,      -0.21,    -0.08
2021, 02,   44242, 2021.1260,    -0.08,    -0.08,       0.07,     0.07,      -0.08,    -0.08
2021, 03,   44270, 2021.2027,     0.11,     0.02,       0.15,     0.06,       0.11,     0.02
2021, 04,   44301, 2021.2877,     0.14,     0.02,       0.18,     0.06,       0.14,     0.02
2021, 05,   44331, 2021.3699,     0.35,     0.16,       0.26,     0.07,       0.35,     0.16
2021, 06,   44362, 2021.4548,     0.37,     0.08,       0.37,     0.09,       0.37,     0.08
2021, 07,   44392, 2021.5370,     0.36,     0.11,       0.36,     0.10,       0.36,     0.11
2021, 08,   44423, 2021.6219,     0.17,     0.06,       0.23,     0.12,       0.17,     0.06
2021, 09,   44454, 2021.7068,     0.15,     0.27,       0.02,     0.14,       0.15,     0.27
2021, 10,   44484, 2021.7890,    -0.23,     0.06,      -0.13,     0.16,      -0.23,     0.06
2021, 11,   44515, 2021.8740,    -0.04,     0.24,      -0.11,     0.17,      -0.04,     0.24
2021, 12,   44545, 2021.9562,    -0.13,     0.08,      -0.02,     0.18,      -0.13,     0.08
2022, 01,   44576, 2022.0411,     0.23,     0.36,       0.06,     0.19,       0.23,     0.36
2022, 02,   44607, 2022.1260,     0.17,     0.17,       0.19,     0.19,       0.17,     0.17
2022, 03,   44635, 2022.2027,     0.35,     0.26,       0.27,     0.19,       0.35,     0.26
2022, 04,   44666, 2022.2877,     0.23,     0.11,       0.29,     0.18,       0.23,     0.11
2022, 05,   44696, 2022.3699,     0.44,     0.25,       0.36,     0.17,       0.44,     0.25
2022, 06,   44727, 2022.4548,     0.48,     0.20,       0.43,     0.16,       0.48,     0.20
2022, 07,   44757, 2022.5370,     0.27,     0.02,       0.40,     0.14,       0.27,     0.02
2022, 08,   44788, 2022.6219,     0.31,     0.20,       0.23,     0.13,       0.31,     0.20
2022, 09,   44819, 2022.7068,      NaN,      NaN,      -0.01,     0.11,      -0.01,     0.11
2022, 10,   44849, 2022.7890,      NaN,      NaN,      -0.19,     0.10,      -0.19,     0.10
2022, 11,   44880, 2022.8740,      NaN,      NaN,      -0.20,     0.09,      -0.20,     0.09
2022, 12,   44910, 2022.9562,      NaN,      NaN,      -0.13,     0.07,      -0.13,     0.07
