"-------------------------------------------------------------------------------------------"
" Monthly average CO2 concentrations (ppm) derived from daily flask and in situ (continuous) data. "
" South Pole                                                                                "
"  In situ data is sporadically used only during a limited time period from 1960 to 1963"
"  Outside this period, the record is entirely flask-based"
"                                                                                           "
" Source: R. F. Keeling and S. J. Walker                                                    "
" Scripps CO2 Program ( http://scrippsco2.ucsd.edu )                                        "
" Scripps Institution of Oceanography (SIO)                                                 "
" University of California                                                                  "
" La Jolla, California USA 92093-0244                                                       "
"                                                                                           "
" Status of data and correspondence:                                                        "
"                                                                                           "
" These data are subject to revision based on recalibration of standard gases. Questions    "
" about the data should be directed to Dr. Ralph Keeling (rkeeling AT ucsd.edu) and         "
" Dr. Stephen Walker (sjwalker AT ucsd.edu), Scripps CO2 Program.                           "
"                                                                                           "
" Flask data from archive dated 19-Apr-2024 10:43:25                                        "
"                                                                                           "
"-------------------------------------------------------------------------------------------"
"                                                                                           "
" Please cite as:                                                                           "
"                                                                                           "
" C. D. Keeling, S. C. Piper, R. B. Bacastow, M. Wahlen, T. P. Whorf, M. Heimann, and       "
" H. A. Meijer, Exchanges of atmospheric CO2 and 13CO2 with the terrestrial biosphere and   "
" oceans from 1978 to 2000.  I. Global aspects, SIO Reference Series, No. 01-06, Scripps    "
" Institution of Oceanography, San Diego, 88 pages, 2001.                                   "
"                                                                                           "
" If it is necessary to cite a peer-reviewed article, please cite as:                       "
"                                                                                           "
" C. D. Keeling, S. C. Piper, R. B. Bacastow, M. Wahlen, T. P. Whorf, M. Heimann, and       "
" H. A. Meijer, Atmospheric CO2 and 13CO2 exchange with the terrestrial biosphere and       "
" oceans from 1978 to 2000: observations and carbon cycle implications, pages 83-113,       "
" in "A History of Atmospheric CO2 and its effects on Plants, Animals, and Ecosystems",     "
" editors, Ehleringer, J.R., T. E. Cerling, M. D. Dearing, Springer Verlag,                 "
" New York, 2005.                                                                           "
"                                                                                           "
"-------------------------------------------------------------------------------------------"
"                                                                                           "
" The data file below contains 10 columns.  Columns 1-4 give the dates in several redundant "
" formats. Column 5 below gives monthly CO2 concentrations in micro-mol CO2 per mole (ppm)  "
" reported on the 2012 SIO manometric mole fraction scale.  This is the standard           "
" version of the data most often sought.  The monthly values have been adjusted             "
" to 24:00 hours on the 15th of each month.  Column 6 gives the same data after a seasonal  "
" adjustment to remove the quasi-regular seasonal cycle.  The adjustment involves           "
" subtracting from the data a 4-harmonic fit with a linear gain factor.  Column 7 is a      "
" smoothed version of the data generated from a stiff cubic spline function plus 4-harmonic "
" functions with linear gain.  Column 8 is the same smoothed version with the seasonal      "
" cycle removed.  Column 9 is identical to Column 5 except that the missing values from     "
" Column 5 have been filled with values from Column 7.  Column 10 is identical to Column 6  "
" except missing values have been filled with values from Column 8.  Missing values are     "
" denoted by -99.99                                                                         "
"                                                                                           "
" CO2 concentrations are reported on the Scripps '12' Calibration scale                     "
"                                                                                           "
  Yr, Mn,    Date,      Date,     CO2,seasonally,        fit,  seasonally,      CO2, seasonally
    ,   ,        ,          ,        ,  adjusted,           ,adjusted fit,   filled,adjusted filled
    ,   ,   Excel,          ,     ppm,      ppm,        ppm,      ppm,       ppm,      ppm
1957, 01,   20835, 1957.0411,      NaN,      NaN,     312.74,   312.83,     312.74,   312.83
1957, 02,   20866, 1957.1260,      NaN,      NaN,     312.61,   312.95,     312.61,   312.95
1957, 03,   20894, 1957.2027,      NaN,      NaN,     312.59,   313.07,     312.59,   313.07
1957, 04,   20925, 1957.2877,      NaN,      NaN,     312.75,   313.20,     312.75,   313.20
1957, 05,   20955, 1957.3699,      NaN,      NaN,     312.97,   313.32,     312.97,   313.32
1957, 06,   20986, 1957.4548,   312.79,   313.00,     313.24,   313.45,     312.79,   313.00
1957, 07,   21016, 1957.5370,      NaN,      NaN,     313.63,   313.58,     313.63,   313.58
1957, 08,   21047, 1957.6219,      NaN,      NaN,     314.07,   313.70,     314.07,   313.70
1957, 09,   21078, 1957.7068,      NaN,      NaN,     314.34,   313.83,     314.34,   313.83
1957, 10,   21108, 1957.7890,      NaN,      NaN,     314.43,   313.95,     314.43,   313.95
1957, 11,   21139, 1957.8740,      NaN,      NaN,     314.40,   314.07,     314.40,   314.07
1957, 12,   21169, 1957.9562,   314.48,   314.33,     314.32,   314.18,     314.48,   314.33
1958, 01,   21200, 1958.0411,      NaN,      NaN,     314.21,   314.29,     314.21,   314.29
1958, 02,   21231, 1958.1260,      NaN,      NaN,     314.05,   314.40,     314.05,   314.40
1958, 03,   21259, 1958.2027,   314.30,   314.78,     314.01,   314.49,     314.30,   314.78
1958, 04,   21290, 1958.2877,      NaN,      NaN,     314.13,   314.58,     314.13,   314.58
1958, 05,   21320, 1958.3699,      NaN,      NaN,     314.31,   314.67,     314.31,   314.67
1958, 06,   21351, 1958.4548,   314.51,   314.73,     314.54,   314.75,     314.51,   314.73
1958, 07,   21381, 1958.5370,      NaN,      NaN,     314.89,   314.83,     314.89,   314.83
1958, 08,   21412, 1958.6219,      NaN,      NaN,     315.28,   314.91,     315.28,   314.91
1958, 09,   21443, 1958.7068,   315.33,   314.81,     315.50,   314.99,     315.33,   314.81
1958, 10,   21473, 1958.7890,      NaN,      NaN,     315.54,   315.06,     315.54,   315.06
1958, 11,   21504, 1958.8740,      NaN,      NaN,     315.47,   315.13,     315.47,   315.13
1958, 12,   21534, 1958.9562,      NaN,      NaN,     315.35,   315.21,     315.35,   315.21
1959, 01,   21565, 1959.0411,   315.09,   315.17,     315.20,   315.28,     315.09,   315.17
1959, 02,   21596, 1959.1260,   315.13,   315.47,     315.01,   315.35,     315.13,   315.47
1959, 03,   21624, 1959.2027,   315.08,   315.56,     314.94,   315.42,     315.08,   315.56
1959, 04,   21655, 1959.2877,      NaN,      NaN,     315.04,   315.49,     315.04,   315.49
1959, 05,   21685, 1959.3699,      NaN,      NaN,     315.20,   315.56,     315.20,   315.56
1959, 06,   21716, 1959.4548,      NaN,      NaN,     315.41,   315.63,     315.41,   315.63
1959, 07,   21746, 1959.5370,      NaN,      NaN,     315.75,   315.69,     315.75,   315.69
1959, 08,   21777, 1959.6219,   315.98,   315.61,     316.13,   315.76,     315.98,   315.61
1959, 09,   21808, 1959.7068,   316.24,   315.72,     316.35,   315.83,     316.24,   315.72
1959, 10,   21838, 1959.7890,      NaN,      NaN,     316.38,   315.90,     316.38,   315.90
1959, 11,   21869, 1959.8740,   316.31,   315.98,     316.30,   315.97,     316.31,   315.98
1959, 12,   21899, 1959.9562,      NaN,      NaN,     316.18,   316.03,     316.18,   316.03
1960, 01,   21930, 1960.0410,      NaN,      NaN,     316.02,   316.10,     316.02,   316.10
1960, 02,   21961, 1960.1257,      NaN,      NaN,     315.82,   316.17,     315.82,   316.17
1960, 03,   21990, 1960.2049,      NaN,      NaN,     315.74,   316.23,     315.74,   316.23
1960, 04,   22021, 1960.2896,      NaN,      NaN,     315.84,   316.29,     315.84,   316.29
1960, 05,   22051, 1960.3716,      NaN,      NaN,     315.99,   316.35,     315.99,   316.35
1960, 06,   22082, 1960.4563,   316.40,   316.62,     316.20,   316.41,     316.40,   316.62
1960, 07,   22112, 1960.5383,   316.73,   316.67,     316.53,   316.47,     316.73,   316.67
1960, 08,   22143, 1960.6230,   316.76,   316.39,     316.90,   316.53,     316.76,   316.39
1960, 09,   22174, 1960.7077,      NaN,      NaN,     317.10,   316.59,     317.10,   316.59
1960, 10,   22204, 1960.7896,      NaN,      NaN,     317.13,   316.64,     317.13,   316.64
1960, 11,   22235, 1960.8743,      NaN,      NaN,     317.03,   316.70,     317.03,   316.70
1960, 12,   22265, 1960.9563,      NaN,      NaN,     316.90,   316.75,     316.90,   316.75
1961, 01,   22296, 1961.0411,      NaN,      NaN,     316.73,   316.81,     316.73,   316.81
1961, 02,   22327, 1961.1260,      NaN,      NaN,     316.52,   316.86,     316.52,   316.86
1961, 03,   22355, 1961.2027,      NaN,      NaN,     316.43,   316.91,     316.43,   316.91
1961, 04,   22386, 1961.2877,      NaN,      NaN,     316.51,   316.97,     316.51,   316.97
1961, 05,   22416, 1961.3699,   316.79,   317.15,     316.66,   317.02,     316.79,   317.15
1961, 06,   22447, 1961.4548,   316.86,   317.08,     316.85,   317.07,     316.86,   317.08
1961, 07,   22477, 1961.5370,   316.95,   316.89,     317.18,   317.12,     316.95,   316.89
1961, 08,   22508, 1961.6219,   317.37,   317.00,     317.54,   317.17,     317.37,   317.00
1961, 09,   22539, 1961.7068,   317.87,   317.36,     317.74,   317.22,     317.87,   317.36
1961, 10,   22569, 1961.7890,   317.75,   317.26,     317.76,   317.27,     317.75,   317.26
1961, 11,   22600, 1961.8740,   317.86,   317.53,     317.65,   317.32,     317.86,   317.53
1961, 12,   22630, 1961.9562,   317.66,   317.52,     317.51,   317.36,     317.66,   317.52
1962, 01,   22661, 1962.0411,   317.45,   317.53,     317.32,   317.40,     317.45,   317.53
1962, 02,   22692, 1962.1260,   317.26,   317.60,     317.10,   317.44,     317.26,   317.60
1962, 03,   22720, 1962.2027,   317.05,   317.54,     316.99,   317.47,     317.05,   317.54
1962, 04,   22751, 1962.2877,   317.12,   317.57,     317.06,   317.51,     317.12,   317.57
1962, 05,   22781, 1962.3699,   317.18,   317.55,     317.19,   317.55,     317.18,   317.55
1962, 06,   22812, 1962.4548,   317.25,   317.47,     317.38,   317.59,     317.25,   317.47
1962, 07,   22842, 1962.5370,   317.28,   317.23,     317.70,   317.64,     317.28,   317.23
1962, 08,   22873, 1962.6219,   317.65,   317.28,     318.06,   317.69,     317.65,   317.28
1962, 09,   22904, 1962.7068,   318.07,   317.56,     318.28,   317.76,     318.07,   317.56
1962, 10,   22934, 1962.7890,      NaN,      NaN,     318.31,   317.82,     318.31,   317.82
1962, 11,   22965, 1962.8740,      NaN,      NaN,     318.22,   317.89,     318.22,   317.89
1962, 12,   22995, 1962.9562,   318.60,   318.46,     318.10,   317.96,     318.60,   318.46
1963, 01,   23026, 1963.0411,   318.13,   318.21,     317.94,   318.03,     318.13,   318.21
1963, 02,   23057, 1963.1260,   317.86,   318.21,     317.74,   318.09,     317.86,   318.21
1963, 03,   23085, 1963.2027,   317.47,   317.95,     317.66,   318.14,     317.47,   317.95
1963, 04,   23116, 1963.2877,   317.90,   318.35,     317.74,   318.20,     317.90,   318.35
1963, 05,   23146, 1963.3699,   318.27,   318.63,     317.89,   318.25,     318.27,   318.63
1963, 06,   23177, 1963.4548,   318.22,   318.44,     318.07,   318.29,     318.22,   318.44
1963, 07,   23207, 1963.5370,   318.27,   318.21,     318.39,   318.33,     318.27,   318.21
1963, 08,   23238, 1963.6219,   318.65,   318.28,     318.74,   318.37,     318.65,   318.28
1963, 09,   23269, 1963.7068,   318.58,   318.06,     318.92,   318.40,     318.58,   318.06
1963, 10,   23299, 1963.7890,   319.02,   318.53,     318.92,   318.43,     319.02,   318.53
1963, 11,   23330, 1963.8740,      NaN,      NaN,     318.80,   318.46,     318.80,   318.46
1963, 12,   23360, 1963.9562,      NaN,      NaN,     318.64,   318.49,     318.64,   318.49
1964, 01,   23391, 1964.0410,      NaN,      NaN,     318.43,   318.52,     318.43,   318.52
1964, 02,   23422, 1964.1257,      NaN,      NaN,     318.20,   318.55,     318.20,   318.55
1964, 03,   23451, 1964.2049,      NaN,      NaN,     318.08,   318.57,     318.08,   318.57
1964, 04,   23482, 1964.2896,      NaN,      NaN,     318.15,   318.60,     318.15,   318.60
1964, 05,   23512, 1964.3716,      NaN,      NaN,     318.27,   318.63,     318.27,   318.63
1964, 06,   23543, 1964.4563,      NaN,      NaN,     318.45,   318.66,     318.45,   318.66
1964, 07,   23573, 1964.5383,      NaN,      NaN,     318.76,   318.70,     318.76,   318.70
1964, 08,   23604, 1964.6230,      NaN,      NaN,     319.11,   318.74,     319.11,   318.74
1964, 09,   23635, 1964.7077,      NaN,      NaN,     319.30,   318.78,     319.30,   318.78
1964, 10,   23665, 1964.7896,      NaN,      NaN,     319.31,   318.82,     319.31,   318.82
1964, 11,   23696, 1964.8743,      NaN,      NaN,     319.21,   318.88,     319.21,   318.88
1964, 12,   23726, 1964.9563,      NaN,      NaN,     319.08,   318.93,     319.08,   318.93
1965, 01,   23757, 1965.0411,      NaN,      NaN,     318.91,   318.99,     318.91,   318.99
1965, 02,   23788, 1965.1260,   318.68,   319.03,     318.72,   319.06,     318.68,   319.03
1965, 03,   23816, 1965.2027,   318.56,   319.05,     318.65,   319.13,     318.56,   319.05
1965, 04,   23847, 1965.2877,   318.69,   319.15,     318.76,   319.22,     318.69,   319.15
1965, 05,   23877, 1965.3699,   318.89,   319.25,     318.94,   319.30,     318.89,   319.25
1965, 06,   23908, 1965.4548,      NaN,      NaN,     319.18,   319.40,     319.18,   319.40
1965, 07,   23938, 1965.5370,   319.39,   319.33,     319.56,   319.50,     319.39,   319.33
1965, 08,   23969, 1965.6219,   319.68,   319.31,     319.98,   319.61,     319.68,   319.31
1965, 09,   24000, 1965.7068,      NaN,      NaN,     320.25,   319.73,     320.25,   319.73
1965, 10,   24030, 1965.7890,      NaN,      NaN,     320.33,   319.84,     320.33,   319.84
1965, 11,   24061, 1965.8740,   320.17,   319.83,     320.30,   319.96,     320.17,   319.83
1965, 12,   24091, 1965.9562,   320.26,   320.11,     320.22,   320.07,     320.26,   320.11
1966, 01,   24122, 1966.0411,   320.35,   320.43,     320.11,   320.19,     320.35,   320.43
1966, 02,   24153, 1966.1260,   320.04,   320.39,     319.95,   320.30,     320.04,   320.39
1966, 03,   24181, 1966.2027,   320.05,   320.54,     319.91,   320.39,     320.05,   320.54
1966, 04,   24212, 1966.2877,   320.31,   320.77,     320.03,   320.49,     320.31,   320.77
1966, 05,   24242, 1966.3699,   320.45,   320.81,     320.21,   320.58,     320.45,   320.81
1966, 06,   24273, 1966.4548,   320.47,   320.69,     320.44,   320.66,     320.47,   320.69
1966, 07,   24303, 1966.5370,      NaN,      NaN,     320.80,   320.74,     320.80,   320.74
1966, 08,   24334, 1966.6219,   321.08,   320.71,     321.19,   320.81,     321.08,   320.71
1966, 09,   24365, 1966.7068,   321.34,   320.82,     321.40,   320.88,     321.34,   320.82
1966, 10,   24395, 1966.7890,   321.46,   320.97,     321.43,   320.94,     321.46,   320.97
1966, 11,   24426, 1966.8740,   321.55,   321.21,     321.34,   321.00,     321.55,   321.21
1966, 12,   24456, 1966.9562,   321.06,   320.92,     321.20,   321.05,     321.06,   320.92
1967, 01,   24487, 1967.0411,      NaN,      NaN,     321.01,   321.10,     321.01,   321.10
1967, 02,   24518, 1967.1260,   321.00,   321.35,     320.80,   321.14,     321.00,   321.35
1967, 03,   24546, 1967.2027,      NaN,      NaN,     320.69,   321.18,     320.69,   321.18
1967, 04,   24577, 1967.2877,   320.86,   321.32,     320.76,   321.22,     320.86,   321.32
1967, 05,   24607, 1967.3699,   321.00,   321.37,     320.90,   321.26,     321.00,   321.37
1967, 06,   24638, 1967.4548,   320.97,   321.19,     321.08,   321.30,     320.97,   321.19
1967, 07,   24668, 1967.5370,   321.07,   321.02,     321.40,   321.34,     321.07,   321.02
1967, 08,   24699, 1967.6219,   321.88,   321.50,     321.76,   321.38,     321.88,   321.50
1967, 09,   24730, 1967.7068,   322.09,   321.56,     321.95,   321.43,     322.09,   321.56
1967, 10,   24760, 1967.7890,   321.79,   321.30,     321.96,   321.47,     321.79,   321.30
1967, 11,   24791, 1967.8740,   321.81,   321.47,     321.86,   321.52,     321.81,   321.47
1967, 12,   24821, 1967.9562,   321.77,   321.62,     321.72,   321.58,     321.77,   321.62
1968, 01,   24852, 1968.0410,   321.53,   321.61,     321.55,   321.63,     321.53,   321.61
1968, 02,   24883, 1968.1257,      NaN,      NaN,     321.34,   321.69,     321.34,   321.69
1968, 03,   24912, 1968.2049,      NaN,      NaN,     321.26,   321.75,     321.26,   321.75
1968, 04,   24943, 1968.2896,   321.63,   322.08,     321.36,   321.82,     321.63,   322.08
1968, 05,   24973, 1968.3716,   321.46,   321.83,     321.52,   321.88,     321.46,   321.83
1968, 06,   25004, 1968.4563,   321.44,   321.66,     321.74,   321.96,     321.44,   321.66
1968, 07,   25034, 1968.5383,      NaN,      NaN,     322.09,   322.03,     322.09,   322.03
1968, 08,   25065, 1968.6230,      NaN,      NaN,     322.49,   322.11,     322.49,   322.11
1968, 09,   25096, 1968.7077,      NaN,      NaN,     322.72,   322.19,     322.72,   322.19
1968, 10,   25126, 1968.7896,      NaN,      NaN,     322.77,   322.28,     322.77,   322.28
1968, 11,   25157, 1968.8743,      NaN,      NaN,     322.71,   322.37,     322.71,   322.37
1968, 12,   25187, 1968.9563,   322.65,   322.50,     322.61,   322.46,     322.65,   322.50
1969, 01,   25218, 1969.0411,   322.36,   322.45,     322.47,   322.56,     322.36,   322.45
1969, 02,   25249, 1969.1260,      NaN,      NaN,     322.31,   322.66,     322.31,   322.66
1969, 03,   25277, 1969.2027,   322.26,   322.76,     322.26,   322.75,     322.26,   322.76
1969, 04,   25308, 1969.2877,   322.29,   322.75,     322.39,   322.86,     322.29,   322.75
1969, 05,   25338, 1969.3699,   322.59,   322.96,     322.59,   322.96,     322.59,   322.96
1969, 06,   25369, 1969.4548,   322.78,   323.00,     322.85,   323.07,     322.78,   323.00
1969, 07,   25399, 1969.5370,   323.26,   323.20,     323.23,   323.17,     323.26,   323.20
1969, 08,   25430, 1969.6219,   323.61,   323.23,     323.66,   323.28,     323.61,   323.23
1969, 09,   25461, 1969.7068,   324.16,   323.63,     323.92,   323.39,     324.16,   323.63
1969, 10,   25491, 1969.7890,   323.94,   323.44,     323.99,   323.50,     323.94,   323.44
1969, 11,   25522, 1969.8740,   323.96,   323.62,     323.94,   323.60,     323.96,   323.62
1969, 12,   25552, 1969.9562,      NaN,      NaN,     323.85,   323.70,     323.85,   323.70
1970, 01,   25583, 1970.0411,   323.69,   323.77,     323.72,   323.80,     323.69,   323.77
1970, 02,   25614, 1970.1260,   323.53,   323.88,     323.55,   323.91,     323.53,   323.88
1970, 03,   25642, 1970.2027,   323.43,   323.92,     323.50,   324.00,     323.43,   323.92
1970, 04,   25673, 1970.2877,   323.68,   324.14,     323.63,   324.09,     323.68,   324.14
1970, 05,   25703, 1970.3699,   323.76,   324.13,     323.82,   324.18,     323.76,   324.13
1970, 06,   25734, 1970.4548,   324.19,   324.41,     324.05,   324.28,     324.19,   324.41
1970, 07,   25764, 1970.5370,   324.48,   324.42,     324.42,   324.36,     324.48,   324.42
1970, 08,   25795, 1970.6219,   324.69,   324.31,     324.82,   324.45,     324.69,   324.31
1970, 09,   25826, 1970.7068,   325.18,   324.65,     325.06,   324.53,     325.18,   324.65
1970, 10,   25856, 1970.7890,   325.18,   324.69,     325.10,   324.60,     325.18,   324.69
1970, 11,   25887, 1970.8740,   325.24,   324.90,     325.02,   324.68,     325.24,   324.90
1970, 12,   25917, 1970.9562,      NaN,      NaN,     324.89,   324.74,     324.89,   324.74
1971, 01,   25948, 1971.0411,   324.80,   324.88,     324.72,   324.81,     324.80,   324.88
1971, 02,   25979, 1971.1260,   324.61,   324.96,     324.52,   324.87,     324.61,   324.96
1971, 03,   26007, 1971.2027,   324.32,   324.82,     324.43,   324.92,     324.32,   324.82
1971, 04,   26038, 1971.2877,   324.48,   324.94,     324.51,   324.98,     324.48,   324.94
1971, 05,   26068, 1971.3699,   324.67,   325.04,     324.66,   325.03,     324.67,   325.04
1971, 06,   26099, 1971.4548,   324.92,   325.14,     324.86,   325.09,     324.92,   325.14
1971, 07,   26129, 1971.5370,   325.17,   325.11,     325.20,   325.14,     325.17,   325.11
1971, 08,   26160, 1971.6219,      NaN,      NaN,     325.57,   325.20,     325.57,   325.20
1971, 09,   26191, 1971.7068,   325.77,   325.24,     325.78,   325.25,     325.77,   325.24
1971, 10,   26221, 1971.7890,      NaN,      NaN,     325.81,   325.31,     325.81,   325.31
1971, 11,   26252, 1971.8740,   325.73,   325.39,     325.72,   325.38,     325.73,   325.39
1971, 12,   26282, 1971.9562,      NaN,      NaN,     325.59,   325.44,     325.59,   325.44
1972, 01,   26313, 1972.0410,      NaN,      NaN,     325.43,   325.52,     325.43,   325.52
1972, 02,   26344, 1972.1257,      NaN,      NaN,     325.24,   325.59,     325.24,   325.59
1972, 03,   26373, 1972.2049,   325.05,   325.55,     325.18,   325.67,     325.05,   325.55
1972, 04,   26404, 1972.2896,   325.17,   325.64,     325.30,   325.76,     325.17,   325.64
1972, 05,   26434, 1972.3716,   325.31,   325.68,     325.49,   325.86,     325.31,   325.68
1972, 06,   26465, 1972.4563,   325.83,   326.05,     325.74,   325.96,     325.83,   326.05
1972, 07,   26495, 1972.5383,   326.15,   326.09,     326.13,   326.07,     326.15,   326.09
1972, 08,   26526, 1972.6230,   326.86,   326.48,     326.57,   326.19,     326.86,   326.48
1972, 09,   26557, 1972.7077,   326.54,   326.00,     326.84,   326.31,     326.54,   326.00
1972, 10,   26587, 1972.7896,   326.77,   326.28,     326.93,   326.44,     326.77,   326.28
1972, 11,   26618, 1972.8743,   327.03,   326.68,     326.91,   326.57,     327.03,   326.68
1972, 12,   26648, 1972.9563,   326.81,   326.66,     326.86,   326.71,     326.81,   326.66
1973, 01,   26679, 1973.0411,   326.75,   326.83,     326.76,   326.85,     326.75,   326.83
1973, 02,   26710, 1973.1260,   326.34,   326.69,     326.64,   326.99,     326.34,   326.69
1973, 03,   26738, 1973.2027,   326.36,   326.85,     326.63,   327.13,     326.36,   326.85
1973, 04,   26769, 1973.2877,   326.82,   327.29,     326.81,   327.27,     326.82,   327.29
1973, 05,   26799, 1973.3699,   327.11,   327.48,     327.04,   327.41,     327.11,   327.48
1973, 06,   26830, 1973.4548,   327.43,   327.65,     327.33,   327.55,     327.43,   327.65
1973, 07,   26860, 1973.5370,   327.74,   327.68,     327.74,   327.68,     327.74,   327.68
1973, 08,   26891, 1973.6219,   328.41,   328.03,     328.18,   327.80,     328.41,   328.03
1973, 09,   26922, 1973.7068,   328.69,   328.16,     328.44,   327.91,     328.69,   328.16
1973, 10,   26952, 1973.7890,   328.62,   328.13,     328.50,   328.01,     328.62,   328.13
1973, 11,   26983, 1973.8740,   328.59,   328.25,     328.44,   328.09,     328.59,   328.25
1973, 12,   27013, 1973.9562,   328.60,   328.45,     328.32,   328.17,     328.60,   328.45
1974, 01,   27044, 1974.0411,   328.31,   328.40,     328.15,   328.24,     328.31,   328.40
1974, 02,   27075, 1974.1260,   328.09,   328.44,     327.94,   328.30,     328.09,   328.44
1974, 03,   27103, 1974.2027,   328.09,   328.58,     327.85,   328.34,     328.09,   328.58
1974, 04,   27134, 1974.2877,   327.98,   328.45,     327.92,   328.39,     327.98,   328.45
1974, 05,   27164, 1974.3699,   328.01,   328.38,     328.06,   328.43,     328.01,   328.38
1974, 06,   27195, 1974.4548,   327.89,   328.12,     328.26,   328.48,     327.89,   328.12
1974, 07,   27225, 1974.5370,   328.48,   328.42,     328.59,   328.53,     328.48,   328.42
1974, 08,   27256, 1974.6219,   328.70,   328.32,     328.97,   328.59,     328.70,   328.32
1974, 09,   27287, 1974.7068,   328.95,   328.42,     329.19,   328.66,     328.95,   328.42
1974, 10,   27317, 1974.7890,   329.04,   328.54,     329.23,   328.73,     329.04,   328.54
1974, 11,   27348, 1974.8740,   329.14,   328.80,     329.15,   328.81,     329.14,   328.80
1974, 12,   27378, 1974.9562,   328.99,   328.84,     329.04,   328.89,     328.99,   328.84
1975, 01,   27409, 1975.0411,   328.90,   328.98,     328.89,   328.98,     328.90,   328.98
1975, 02,   27440, 1975.1260,   328.90,   329.26,     328.71,   329.07,     328.90,   329.26
1975, 03,   27468, 1975.2027,   328.86,   329.35,     328.66,   329.15,     328.86,   329.35
1975, 04,   27499, 1975.2877,   328.95,   329.42,     328.78,   329.25,     328.95,   329.42
1975, 05,   27529, 1975.3699,   328.94,   329.31,     328.97,   329.34,     328.94,   329.31
1975, 06,   27560, 1975.4548,   329.08,   329.31,     329.21,   329.44,     329.08,   329.31
1975, 07,   27590, 1975.5370,   329.36,   329.30,     329.59,   329.53,     329.36,   329.30
1975, 08,   27621, 1975.6219,   329.82,   329.44,     330.01,   329.63,     329.82,   329.44
1975, 09,   27652, 1975.7068,   330.22,   329.69,     330.26,   329.73,     330.22,   329.69
1975, 10,   27682, 1975.7890,   330.55,   330.05,     330.33,   329.83,     330.55,   330.05
1975, 11,   27713, 1975.8740,   330.46,   330.11,     330.27,   329.92,     330.46,   330.11
1975, 12,   27743, 1975.9562,   330.28,   330.13,     330.17,   330.02,     330.28,   330.13
1976, 01,   27774, 1976.0410,   330.32,   330.40,     330.02,   330.11,     330.32,   330.40
1976, 02,   27805, 1976.1257,   330.00,   330.35,     329.84,   330.19,     330.00,   330.35
1976, 03,   27834, 1976.2049,   329.93,   330.43,     329.77,   330.27,     329.93,   330.43
1976, 04,   27865, 1976.2896,   329.64,   330.10,     329.90,   330.36,     329.64,   330.10
1976, 05,   27895, 1976.3716,   329.94,   330.31,     330.08,   330.45,     329.94,   330.31
1976, 06,   27926, 1976.4563,   330.00,   330.22,     330.32,   330.55,     330.00,   330.22
1976, 07,   27956, 1976.5383,   330.48,   330.41,     330.71,   330.64,     330.48,   330.41
1976, 08,   27987, 1976.6230,   331.02,   330.64,     331.13,   330.75,     331.02,   330.64
1976, 09,   28018, 1976.7077,   331.39,   330.86,     331.40,   330.86,     331.39,   330.86
1976, 10,   28048, 1976.7896,   331.71,   331.21,     331.47,   330.97,     331.71,   331.21
1976, 11,   28079, 1976.8743,   331.76,   331.42,     331.43,   331.09,     331.76,   331.42
1976, 12,   28109, 1976.9563,   331.44,   331.29,     331.35,   331.20,     331.44,   331.29
1977, 01,   28140, 1977.0411,   331.24,   331.33,     331.24,   331.32,     331.24,   331.33
1977, 02,   28171, 1977.1260,   331.01,   331.36,     331.09,   331.45,     331.01,   331.36
1977, 03,   28199, 1977.2027,   330.86,   331.36,     331.06,   331.56,     330.86,   331.36
1977, 04,   28230, 1977.2877,   331.33,   331.80,     331.23,   331.70,     331.33,   331.80
1977, 05,   28260, 1977.3699,   331.42,   331.79,     331.45,   331.83,     331.42,   331.79
1977, 06,   28291, 1977.4548,   331.63,   331.86,     331.74,   331.97,     331.63,   331.86
1977, 07,   28321, 1977.5370,   332.07,   332.01,     332.17,   332.11,     332.07,   332.01
1977, 08,   28352, 1977.6219,   332.46,   332.08,     332.64,   332.26,     332.46,   332.08
1977, 09,   28383, 1977.7068,   332.87,   332.33,     332.95,   332.41,     332.87,   332.33
1977, 10,   28413, 1977.7890,   333.09,   332.59,     333.06,   332.56,     333.09,   332.59
1977, 11,   28444, 1977.8740,   333.31,   332.97,     333.05,   332.71,     333.31,   332.97
1977, 12,   28474, 1977.9562,   333.20,   333.05,     333.00,   332.85,     333.20,   333.05
1978, 01,   28505, 1978.0411,   332.85,   332.93,     332.91,   332.99,     332.85,   332.93
1978, 02,   28536, 1978.1260,   332.69,   333.04,     332.77,   333.13,     332.69,   333.04
1978, 03,   28564, 1978.2027,   332.86,   333.36,     332.75,   333.25,     332.86,   333.36
1978, 04,   28595, 1978.2877,   332.99,   333.46,     332.91,   333.38,     332.99,   333.46
1978, 05,   28625, 1978.3699,      NaN,      NaN,     333.13,   333.51,     333.13,   333.51
1978, 06,   28656, 1978.4548,   333.39,   333.61,     333.40,   333.63,     333.39,   333.61
1978, 07,   28686, 1978.5370,   333.85,   333.79,     333.80,   333.74,     333.85,   333.79
1978, 08,   28717, 1978.6219,   334.30,   333.92,     334.23,   333.85,     334.30,   333.92
1978, 09,   28748, 1978.7068,   334.75,   334.21,     334.50,   333.96,     334.75,   334.21
1978, 10,   28778, 1978.7890,   334.85,   334.34,     334.56,   334.06,     334.85,   334.34
1978, 11,   28809, 1978.8740,   334.60,   334.26,     334.51,   334.16,     334.60,   334.26
1978, 12,   28839, 1978.9562,   334.30,   334.15,     334.41,   334.26,     334.30,   334.15
1979, 01,   28870, 1979.0411,   334.03,   334.12,     334.28,   334.37,     334.03,   334.12
1979, 02,   28901, 1979.1260,   334.05,   334.41,     334.12,   334.48,     334.05,   334.41
1979, 03,   28929, 1979.2027,   333.83,   334.33,     334.08,   334.59,     333.83,   334.33
1979, 04,   28960, 1979.2877,   334.19,   334.66,     334.24,   334.71,     334.19,   334.66
1979, 05,   28990, 1979.3699,   334.34,   334.72,     334.47,   334.84,     334.34,   334.72
1979, 06,   29021, 1979.4548,   334.54,   334.77,     334.76,   334.99,     334.54,   334.77
1979, 07,   29051, 1979.5370,   335.17,   335.11,     335.19,   335.13,     335.17,   335.11
1979, 08,   29082, 1979.6219,   335.73,   335.35,     335.67,   335.29,     335.73,   335.35
1979, 09,   29113, 1979.7068,   335.88,   335.34,     335.99,   335.45,     335.88,   335.34
1979, 10,   29143, 1979.7890,   336.01,   335.51,     336.12,   335.61,     336.01,   335.51
1979, 11,   29174, 1979.8740,   336.39,   336.04,     336.13,   335.78,     336.39,   336.04
1979, 12,   29204, 1979.9562,   336.06,   335.90,     336.10,   335.95,     336.06,   335.90
1980, 01,   29235, 1980.0410,   336.08,   336.17,     336.03,   336.12,     336.08,   336.17
1980, 02,   29266, 1980.1257,   335.76,   336.12,     335.93,   336.29,     335.76,   336.12
1980, 03,   29295, 1980.2049,      NaN,      NaN,     335.94,   336.44,     335.94,   336.44
1980, 04,   29326, 1980.2896,   336.12,   336.59,     336.14,   336.61,     336.12,   336.59
1980, 05,   29356, 1980.3716,   336.23,   336.61,     336.39,   336.76,     336.23,   336.61
1980, 06,   29387, 1980.4563,   336.93,   337.15,     336.70,   336.92,     336.93,   337.15
1980, 07,   29417, 1980.5383,   337.47,   337.41,     337.13,   337.06,     337.47,   337.41
1980, 08,   29448, 1980.6230,   337.57,   337.18,     337.59,   337.20,     337.57,   337.18
1980, 09,   29479, 1980.7077,   337.88,   337.33,     337.88,   337.34,     337.88,   337.33
1980, 10,   29509, 1980.7896,   337.89,   337.39,     337.97,   337.46,     337.89,   337.39
1980, 11,   29540, 1980.8743,   337.98,   337.63,     337.93,   337.58,     337.98,   337.63
1980, 12,   29570, 1980.9563,   338.06,   337.91,     337.84,   337.69,     338.06,   337.91
1981, 01,   29601, 1981.0411,   337.79,   337.88,     337.71,   337.80,     337.79,   337.88
1981, 02,   29632, 1981.1260,   337.50,   337.86,     337.54,   337.90,     337.50,   337.86
1981, 03,   29660, 1981.2027,   337.47,   337.97,     337.48,   337.98,     337.47,   337.97
1981, 04,   29691, 1981.2877,   337.55,   338.02,     337.60,   338.08,     337.55,   338.02
1981, 05,   29721, 1981.3699,   337.68,   338.06,     337.78,   338.16,     337.68,   338.06
1981, 06,   29752, 1981.4548,   338.19,   338.42,     338.02,   338.25,     338.19,   338.42
1981, 07,   29782, 1981.5370,   338.41,   338.35,     338.39,   338.33,     338.41,   338.35
1981, 08,   29813, 1981.6219,   338.79,   338.40,     338.80,   338.41,     338.79,   338.40
1981, 09,   29844, 1981.7068,   338.82,   338.28,     339.04,   338.50,     338.82,   338.28
1981, 10,   29874, 1981.7890,   339.15,   338.64,     339.09,   338.58,     339.15,   338.64
1981, 11,   29905, 1981.8740,   338.89,   338.54,     339.02,   338.67,     338.89,   338.54
1981, 12,   29935, 1981.9562,   338.92,   338.77,     338.91,   338.76,     338.92,   338.77
1982, 01,   29966, 1982.0411,      NaN,      NaN,     338.76,   338.85,     338.76,   338.85
1982, 02,   29997, 1982.1260,   338.63,   338.99,     338.59,   338.95,     338.63,   338.99
1982, 03,   30025, 1982.2027,   338.40,   338.90,     338.53,   339.04,     338.40,   338.90
1982, 04,   30056, 1982.2877,   338.72,   339.19,     338.67,   339.14,     338.72,   339.19
1982, 05,   30086, 1982.3699,   339.00,   339.38,     338.87,   339.25,     339.00,   339.38
1982, 06,   30117, 1982.4548,   339.24,   339.46,     339.13,   339.35,     339.24,   339.46
1982, 07,   30147, 1982.5370,   339.37,   339.31,     339.52,   339.46,     339.37,   339.31
1982, 08,   30178, 1982.6219,   340.14,   339.76,     339.97,   339.58,     340.14,   339.76
1982, 09,   30209, 1982.7068,   340.32,   339.78,     340.25,   339.70,     340.32,   339.78
1982, 10,   30239, 1982.7890,   340.35,   339.85,     340.33,   339.83,     340.35,   339.85
1982, 11,   30270, 1982.8740,   340.08,   339.73,     340.31,   339.96,     340.08,   339.73
1982, 12,   30300, 1982.9562,   339.98,   339.82,     340.26,   340.10,     339.98,   339.82
1983, 01,   30331, 1983.0411,   339.88,   339.96,     340.17,   340.25,     339.88,   339.96
1983, 02,   30362, 1983.1260,   339.83,   340.19,     340.05,   340.42,     339.83,   340.19
1983, 03,   30390, 1983.2027,   339.81,   340.32,     340.06,   340.57,     339.81,   340.32
1983, 04,   30421, 1983.2877,   340.29,   340.77,     340.26,   340.74,     340.29,   340.77
1983, 05,   30451, 1983.3699,   340.59,   340.97,     340.52,   340.90,     340.59,   340.97
1983, 06,   30482, 1983.4548,   340.99,   341.22,     340.84,   341.07,     340.99,   341.22
1983, 07,   30512, 1983.5370,   341.39,   341.33,     341.29,   341.23,     341.39,   341.33
1983, 08,   30543, 1983.6219,   341.86,   341.47,     341.77,   341.38,     341.86,   341.47
1983, 09,   30574, 1983.7068,   342.30,   341.75,     342.07,   341.53,     342.30,   341.75
1983, 10,   30604, 1983.7890,   342.25,   341.74,     342.17,   341.66,     342.25,   341.74
1983, 11,   30635, 1983.8740,   342.51,   342.16,     342.14,   341.79,     342.51,   342.16
1983, 12,   30665, 1983.9562,   342.32,   342.17,     342.06,   341.90,     342.32,   342.17
1984, 01,   30696, 1984.0410,   342.03,   342.11,     341.92,   342.01,     342.03,   342.11
1984, 02,   30727, 1984.1257,      NaN,      NaN,     341.75,   342.11,     341.75,   342.11
1984, 03,   30756, 1984.2049,   341.62,   342.13,     341.69,   342.19,     341.62,   342.13
1984, 04,   30787, 1984.2896,   341.74,   342.22,     341.81,   342.28,     341.74,   342.22
1984, 05,   30817, 1984.3716,   341.77,   342.14,     341.99,   342.36,     341.77,   342.14
1984, 06,   30848, 1984.4563,   341.93,   342.15,     342.22,   342.45,     341.93,   342.15
1984, 07,   30878, 1984.5383,   342.70,   342.64,     342.59,   342.53,     342.70,   342.64
1984, 08,   30909, 1984.6230,   343.10,   342.71,     343.00,   342.61,     343.10,   342.71
1984, 09,   30940, 1984.7077,   343.35,   342.81,     343.24,   342.69,     343.35,   342.81
1984, 10,   30970, 1984.7896,   343.36,   342.85,     343.28,   342.77,     343.36,   342.85
1984, 11,   31001, 1984.8743,   343.20,   342.85,     343.21,   342.86,     343.20,   342.85
1984, 12,   31031, 1984.9563,   343.03,   342.87,     343.10,   342.94,     343.03,   342.87
1985, 01,   31062, 1985.0411,   342.88,   342.97,     342.95,   343.04,     342.88,   342.97
1985, 02,   31093, 1985.1260,   342.68,   343.05,     342.78,   343.14,     342.68,   343.05
1985, 03,   31121, 1985.2027,   342.57,   343.08,     342.73,   343.24,     342.57,   343.08
1985, 04,   31152, 1985.2877,   342.61,   343.09,     342.87,   343.35,     342.61,   343.09
1985, 05,   31182, 1985.3699,   342.95,   343.33,     343.09,   343.47,     342.95,   343.33
1985, 06,   31213, 1985.4548,   343.30,   343.53,     343.37,   343.60,     343.30,   343.53
1985, 07,   31243, 1985.5370,   343.78,   343.72,     343.79,   343.73,     343.78,   343.72
1985, 08,   31274, 1985.6219,   344.36,   343.97,     344.25,   343.86,     344.36,   343.97
1985, 09,   31305, 1985.7068,   344.70,   344.16,     344.54,   343.99,     344.70,   344.16
1985, 10,   31335, 1985.7890,   344.78,   344.27,     344.64,   344.12,     344.78,   344.27
1985, 11,   31366, 1985.8740,   344.63,   344.27,     344.61,   344.26,     344.63,   344.27
1985, 12,   31396, 1985.9562,   344.49,   344.34,     344.54,   344.38,     344.49,   344.34
1986, 01,   31427, 1986.0411,   344.47,   344.55,     344.43,   344.51,     344.47,   344.55
1986, 02,   31458, 1986.1260,   344.42,   344.78,     344.28,   344.64,     344.42,   344.78
1986, 03,   31486, 1986.2027,   344.35,   344.86,     344.24,   344.75,     344.35,   344.86
1986, 04,   31517, 1986.2877,   344.48,   344.96,     344.39,   344.87,     344.48,   344.96
1986, 05,   31547, 1986.3699,   344.54,   344.92,     344.61,   344.99,     344.54,   344.92
1986, 06,   31578, 1986.4548,   344.88,   345.11,     344.87,   345.10,     344.88,   345.11
1986, 07,   31608, 1986.5370,   345.40,   345.34,     345.28,   345.22,     345.40,   345.34
1986, 08,   31639, 1986.6219,   345.78,   345.39,     345.73,   345.34,     345.78,   345.39
1986, 09,   31670, 1986.7068,   346.03,   345.48,     346.00,   345.46,     346.03,   345.48
1986, 10,   31700, 1986.7890,   346.01,   345.50,     346.09,   345.58,     346.01,   345.50
1986, 11,   31731, 1986.8740,   346.02,   345.67,     346.06,   345.70,     346.02,   345.67
1986, 12,   31761, 1986.9562,   345.90,   345.74,     345.99,   345.83,     345.90,   345.74
1987, 01,   31792, 1987.0411,   345.72,   345.81,     345.89,   345.97,     345.72,   345.81
1987, 02,   31823, 1987.1260,   345.65,   346.01,     345.76,   346.12,     345.65,   346.01
1987, 03,   31851, 1987.2027,   345.60,   346.11,     345.75,   346.26,     345.60,   346.11
1987, 04,   31882, 1987.2877,   345.97,   346.45,     345.95,   346.43,     345.97,   346.45
1987, 05,   31912, 1987.3699,   346.08,   346.46,     346.21,   346.59,     346.08,   346.46
1987, 06,   31943, 1987.4548,   346.47,   346.70,     346.53,   346.77,     346.47,   346.70
1987, 07,   31973, 1987.5370,   347.05,   346.99,     347.00,   346.94,     347.05,   346.99
1987, 08,   32004, 1987.6219,   347.48,   347.09,     347.51,   347.12,     347.48,   347.09
1987, 09,   32035, 1987.7068,   347.93,   347.38,     347.85,   347.30,     347.93,   347.38
1987, 10,   32065, 1987.7890,   347.95,   347.44,     347.99,   347.48,     347.95,   347.44
1987, 11,   32096, 1987.8740,   348.05,   347.69,     348.01,   347.66,     348.05,   347.69
1987, 12,   32126, 1987.9562,   348.18,   348.03,     347.99,   347.83,     348.18,   348.03
1988, 01,   32157, 1988.0410,   348.15,   348.23,     347.92,   348.01,     348.15,   348.23
1988, 02,   32188, 1988.1257,   347.94,   348.30,     347.81,   348.18,     347.94,   348.30
1988, 03,   32217, 1988.2049,   347.78,   348.30,     347.82,   348.33,     347.78,   348.30
1988, 04,   32248, 1988.2896,   348.11,   348.59,     348.01,   348.49,     348.11,   348.59
1988, 05,   32278, 1988.3716,   348.24,   348.62,     348.26,   348.64,     348.24,   348.62
1988, 06,   32309, 1988.4563,   348.51,   348.73,     348.56,   348.79,     348.51,   348.73
1988, 07,   32339, 1988.5383,   348.99,   348.92,     349.00,   348.93,     348.99,   348.92
1988, 08,   32370, 1988.6230,   349.52,   349.12,     349.47,   349.07,     349.52,   349.12
1988, 09,   32401, 1988.7077,   349.65,   349.10,     349.77,   349.22,     349.65,   349.10
1988, 10,   32431, 1988.7896,   349.80,   349.28,     349.86,   349.35,     349.80,   349.28
1988, 11,   32462, 1988.8743,   349.74,   349.38,     349.84,   349.49,     349.74,   349.38
1988, 12,   32492, 1988.9563,   349.74,   349.58,     349.77,   349.62,     349.74,   349.58
1989, 01,   32523, 1989.0411,   349.73,   349.82,     349.66,   349.75,     349.73,   349.82
1989, 02,   32554, 1989.1260,   349.68,   350.05,     349.51,   349.88,     349.68,   350.05
1989, 03,   32582, 1989.2027,   349.58,   350.10,     349.48,   349.99,     349.58,   350.10
1989, 04,   32613, 1989.2877,   349.66,   350.14,     349.63,   350.11,     349.66,   350.14
1989, 05,   32643, 1989.3699,   349.85,   350.24,     349.84,   350.23,     349.85,   350.24
1989, 06,   32674, 1989.4548,   350.11,   350.35,     350.11,   350.34,     350.11,   350.35
1989, 07,   32704, 1989.5370,   350.53,   350.47,     350.50,   350.44,     350.53,   350.47
1989, 08,   32735, 1989.6219,   351.06,   350.67,     350.94,   350.55,     351.06,   350.67
1989, 09,   32766, 1989.7068,   351.32,   350.77,     351.21,   350.66,     351.32,   350.77
1989, 10,   32796, 1989.7890,   351.23,   350.71,     351.27,   350.76,     351.23,   350.71
1989, 11,   32827, 1989.8740,   351.26,   350.91,     351.22,   350.87,     351.26,   350.91
1989, 12,   32857, 1989.9562,   350.92,   350.77,     351.13,   350.97,     350.92,   350.77
1990, 01,   32888, 1990.0411,   350.72,   350.80,     350.99,   351.08,     350.72,   350.80
1990, 02,   32919, 1990.1260,   350.45,   350.82,     350.83,   351.20,     350.45,   350.82
1990, 03,   32947, 1990.2027,   350.56,   351.08,     350.79,   351.31,     350.56,   351.08
1990, 04,   32978, 1990.2877,   350.83,   351.31,     350.95,   351.43,     350.83,   351.31
1990, 05,   33008, 1990.3699,   351.30,   351.68,     351.17,   351.56,     351.30,   351.68
1990, 06,   33039, 1990.4548,   351.52,   351.75,     351.45,   351.68,     351.52,   351.75
1990, 07,   33069, 1990.5370,   352.01,   351.95,     351.87,   351.81,     352.01,   351.95
1990, 08,   33100, 1990.6219,   352.46,   352.07,     352.32,   351.93,     352.46,   352.07
1990, 09,   33131, 1990.7068,   352.69,   352.13,     352.61,   352.05,     352.69,   352.13
1990, 10,   33161, 1990.7890,   352.50,   351.98,     352.69,   352.17,     352.50,   351.98
1990, 11,   33192, 1990.8740,   352.76,   352.40,     352.64,   352.29,     352.76,   352.40
1990, 12,   33222, 1990.9562,   352.56,   352.41,     352.56,   352.40,     352.56,   352.41
1991, 01,   33253, 1991.0411,      NaN,      NaN,     352.42,   352.51,     352.42,   352.51
1991, 02,   33284, 1991.1260,   352.23,   352.60,     352.26,   352.62,     352.23,   352.60
1991, 03,   33312, 1991.2027,   352.20,   352.72,     352.20,   352.72,     352.20,   352.72
1991, 04,   33343, 1991.2877,   352.38,   352.86,     352.34,   352.83,     352.38,   352.86
1991, 05,   33373, 1991.3699,   352.47,   352.85,     352.54,   352.92,     352.47,   352.85
1991, 06,   33404, 1991.4548,   352.90,   353.14,     352.79,   353.02,     352.90,   353.14
1991, 07,   33434, 1991.5370,   353.34,   353.28,     353.18,   353.12,     353.34,   353.28
1991, 08,   33465, 1991.6219,   353.61,   353.22,     353.61,   353.21,     353.61,   353.22
1991, 09,   33496, 1991.7068,   354.02,   353.47,     353.86,   353.31,     354.02,   353.47
1991, 10,   33526, 1991.7890,   353.82,   353.30,     353.91,   353.39,     353.82,   353.30
1991, 11,   33557, 1991.8740,   353.88,   353.52,     353.84,   353.49,     353.88,   353.52
1991, 12,   33587, 1991.9562,   353.71,   353.56,     353.73,   353.57,     353.71,   353.56
1992, 01,   33618, 1992.0410,   353.51,   353.60,     353.58,   353.67,     353.51,   353.60
1992, 02,   33649, 1992.1257,   353.37,   353.73,     353.40,   353.76,     353.37,   353.73
1992, 03,   33678, 1992.2049,   352.96,   353.48,     353.33,   353.85,     352.96,   353.48
1992, 04,   33709, 1992.2896,   353.16,   353.64,     353.47,   353.95,     353.16,   353.64
1992, 05,   33739, 1992.3716,   353.67,   354.06,     353.67,   354.05,     353.67,   354.06
1992, 06,   33770, 1992.4563,   353.94,   354.17,     353.92,   354.15,     353.94,   354.17
1992, 07,   33800, 1992.5383,   354.54,   354.48,     354.31,   354.24,     354.54,   354.48
1992, 08,   33831, 1992.6230,   354.88,   354.48,     354.74,   354.34,     354.88,   354.48
1992, 09,   33862, 1992.7077,   355.18,   354.63,     354.98,   354.43,     355.18,   354.63
1992, 10,   33892, 1992.7896,   355.29,   354.77,     355.02,   354.50,     355.29,   354.77
1992, 11,   33923, 1992.8743,   355.03,   354.68,     354.94,   354.58,     355.03,   354.68
1992, 12,   33953, 1992.9563,   354.81,   354.65,     354.81,   354.65,     354.81,   354.65
1993, 01,   33984, 1993.0411,   354.66,   354.75,     354.63,   354.72,     354.66,   354.75
1993, 02,   34015, 1993.1260,   354.45,   354.81,     354.42,   354.79,     354.45,   354.81
1993, 03,   34043, 1993.2027,   354.17,   354.69,     354.33,   354.85,     354.17,   354.69
1993, 04,   34074, 1993.2877,   354.37,   354.86,     354.43,   354.92,     354.37,   354.86
1993, 05,   34104, 1993.3699,   354.44,   354.83,     354.60,   354.99,     354.44,   354.83
1993, 06,   34135, 1993.4548,   354.79,   355.03,     354.83,   355.06,     354.79,   355.03
1993, 07,   34165, 1993.5370,   355.15,   355.09,     355.20,   355.14,     355.15,   355.09
1993, 08,   34196, 1993.6219,   355.65,   355.25,     355.62,   355.22,     355.65,   355.25
1993, 09,   34227, 1993.7068,   355.98,   355.43,     355.87,   355.31,     355.98,   355.43
1993, 10,   34257, 1993.7890,   355.99,   355.47,     355.92,   355.40,     355.99,   355.47
1993, 11,   34288, 1993.8740,   355.92,   355.57,     355.86,   355.50,     355.92,   355.57
1993, 12,   34318, 1993.9562,   355.64,   355.49,     355.76,   355.60,     355.64,   355.49
1994, 01,   34349, 1994.0411,   355.45,   355.54,     355.62,   355.71,     355.45,   355.54
1994, 02,   34380, 1994.1260,   355.42,   355.79,     355.46,   355.83,     355.42,   355.79
1994, 03,   34408, 1994.2027,   355.47,   355.99,     355.43,   355.95,     355.47,   355.99
1994, 04,   34439, 1994.2877,   355.61,   356.10,     355.59,   356.08,     355.61,   356.10
1994, 05,   34469, 1994.3699,   355.66,   356.05,     355.83,   356.22,     355.66,   356.05
1994, 06,   34500, 1994.4548,   355.96,   356.20,     356.13,   356.37,     355.96,   356.20
1994, 07,   34530, 1994.5370,   356.44,   356.37,     356.58,   356.52,     356.44,   356.37
1994, 08,   34561, 1994.6219,   357.09,   356.69,     357.07,   356.68,     357.09,   356.69
1994, 09,   34592, 1994.7068,   357.58,   357.02,     357.40,   356.84,     357.58,   357.02
1994, 10,   34622, 1994.7890,   357.49,   356.97,     357.52,   357.00,     357.49,   356.97
1994, 11,   34653, 1994.8740,   357.68,   357.32,     357.52,   357.17,     357.68,   357.32
1994, 12,   34683, 1994.9562,   357.49,   357.34,     357.48,   357.33,     357.49,   357.34
1995, 01,   34714, 1995.0411,   357.43,   357.52,     357.40,   357.49,     357.43,   357.52
1995, 02,   34745, 1995.1260,   357.35,   357.72,     357.28,   357.65,     357.35,   357.72
1995, 03,   34773, 1995.2027,   357.35,   357.87,     357.28,   357.80,     357.35,   357.87
1995, 04,   34804, 1995.2877,   357.63,   358.12,     357.47,   357.96,     357.63,   358.12
1995, 05,   34834, 1995.3699,   357.81,   358.20,     357.72,   358.11,     357.81,   358.20
1995, 06,   34865, 1995.4548,   357.95,   358.18,     358.04,   358.27,     357.95,   358.18
1995, 07,   34895, 1995.5370,   358.34,   358.27,     358.48,   358.42,     358.34,   358.27
1995, 08,   34926, 1995.6219,   358.75,   358.35,     358.98,   358.58,     358.75,   358.35
1995, 09,   34957, 1995.7068,   359.14,   358.58,     359.29,   358.74,     359.14,   358.58
1995, 10,   34987, 1995.7890,   359.26,   358.74,     359.41,   358.89,     359.26,   358.74
1995, 11,   35018, 1995.8740,   359.41,   359.05,     359.40,   359.04,     359.41,   359.05
1995, 12,   35048, 1995.9562,   359.46,   359.31,     359.35,   359.19,     359.46,   359.31
1996, 01,   35079, 1996.0410,   359.35,   359.44,     359.24,   359.33,     359.35,   359.44
1996, 02,   35110, 1996.1257,   359.34,   359.71,     359.10,   359.47,     359.34,   359.71
1996, 03,   35139, 1996.2049,   359.26,   359.79,     359.07,   359.59,     359.26,   359.79
1996, 04,   35170, 1996.2896,   359.37,   359.86,     359.22,   359.71,     359.37,   359.86
1996, 05,   35200, 1996.3716,   359.44,   359.82,     359.43,   359.82,     359.44,   359.82
1996, 06,   35231, 1996.4563,   359.72,   359.95,     359.70,   359.93,     359.72,   359.95
1996, 07,   35261, 1996.5383,   360.17,   360.10,     360.09,   360.03,     360.17,   360.10
1996, 08,   35292, 1996.6230,   360.53,   360.13,     360.53,   360.13,     360.53,   360.13
1996, 09,   35323, 1996.7077,   360.71,   360.15,     360.78,   360.22,     360.71,   360.15
1996, 10,   35353, 1996.7896,   360.72,   360.20,     360.83,   360.31,     360.72,   360.20
1996, 11,   35384, 1996.8743,   360.75,   360.39,     360.77,   360.41,     360.75,   360.39
1996, 12,   35414, 1996.9563,   360.71,   360.55,     360.66,   360.50,     360.71,   360.55
1997, 01,   35445, 1997.0411,   360.55,   360.64,     360.51,   360.60,     360.55,   360.64
1997, 02,   35476, 1997.1260,   360.48,   360.85,     360.33,   360.70,     360.48,   360.85
1997, 03,   35504, 1997.2027,   360.34,   360.86,     360.27,   360.80,     360.34,   360.86
1997, 04,   35535, 1997.2877,   360.51,   361.00,     360.42,   360.91,     360.51,   361.00
1997, 05,   35565, 1997.3699,   360.61,   361.00,     360.63,   361.02,     360.61,   361.00
1997, 06,   35596, 1997.4548,   360.93,   361.17,     360.92,   361.15,     360.93,   361.17
1997, 07,   35626, 1997.5370,   361.28,   361.22,     361.35,   361.29,     361.28,   361.22
1997, 08,   35657, 1997.6219,   361.56,   361.16,     361.84,   361.44,     361.56,   361.16
1997, 09,   35688, 1997.7068,   361.97,   361.41,     362.17,   361.61,     361.97,   361.41
1997, 10,   35718, 1997.7890,   362.03,   361.51,     362.31,   361.79,     362.03,   361.51
1997, 11,   35749, 1997.8740,   362.14,   361.78,     362.35,   361.99,     362.14,   361.78
1997, 12,   35779, 1997.9562,   362.17,   362.01,     362.36,   362.20,     362.17,   362.01
1998, 01,   35810, 1998.0411,   362.12,   362.21,     362.34,   362.43,     362.12,   362.21
1998, 02,   35841, 1998.1260,   362.32,   362.70,     362.30,   362.67,     362.32,   362.70
1998, 03,   35869, 1998.2027,   362.43,   362.95,     362.36,   362.89,     362.43,   362.95
1998, 04,   35900, 1998.2877,   362.70,   363.19,     362.64,   363.13,     362.70,   363.19
1998, 05,   35930, 1998.3699,   363.02,   363.42,     362.98,   363.37,     363.02,   363.42
1998, 06,   35961, 1998.4548,   363.58,   363.81,     363.37,   363.61,     363.58,   363.81
1998, 07,   35991, 1998.5370,   364.08,   364.02,     363.89,   363.83,     364.08,   364.02
1998, 08,   36022, 1998.6219,   364.59,   364.20,     364.45,   364.05,     364.59,   364.20
1998, 09,   36053, 1998.7068,   365.02,   364.46,     364.83,   364.27,     365.02,   364.46
1998, 10,   36083, 1998.7890,   365.05,   364.52,     364.98,   364.46,     365.05,   364.52
1998, 11,   36114, 1998.8740,   365.15,   364.79,     365.01,   364.65,     365.15,   364.79
1998, 12,   36144, 1998.9562,   365.02,   364.86,     364.98,   364.82,     365.02,   364.86
1999, 01,   36175, 1999.0411,   364.98,   365.07,     364.89,   364.98,     364.98,   365.07
1999, 02,   36206, 1999.1260,   364.80,   365.17,     364.76,   365.14,     364.80,   365.17
1999, 03,   36234, 1999.2027,   364.86,   365.39,     364.75,   365.27,     364.86,   365.39
1999, 04,   36265, 1999.2877,   365.04,   365.53,     364.92,   365.41,     365.04,   365.53
1999, 05,   36295, 1999.3699,   365.10,   365.49,     365.15,   365.54,     365.10,   365.49
1999, 06,   36326, 1999.4548,      NaN,      NaN,     365.43,   365.67,     365.43,   365.67
1999, 07,   36356, 1999.5370,   365.71,   365.65,     365.85,   365.79,     365.71,   365.65
1999, 08,   36387, 1999.6219,   365.96,   365.56,     366.31,   365.91,     365.96,   365.56
1999, 09,   36418, 1999.7068,   366.40,   365.84,     366.60,   366.04,     366.40,   365.84
1999, 10,   36448, 1999.7890,   366.54,   366.01,     366.68,   366.16,     366.54,   366.01
1999, 11,   36479, 1999.8740,   366.77,   366.41,     366.64,   366.28,     366.77,   366.41
1999, 12,   36509, 1999.9562,   366.84,   366.68,     366.55,   366.40,     366.84,   366.68
2000, 01,   36540, 2000.0410,   366.52,   366.61,     366.42,   366.51,     366.52,   366.61
2000, 02,   36571, 2000.1257,   366.54,   366.91,     366.25,   366.62,     366.54,   366.91
2000, 03,   36600, 2000.2049,      NaN,      NaN,     366.19,   366.72,     366.19,   366.72
2000, 04,   36631, 2000.2896,   366.51,   367.00,     366.33,   366.82,     366.51,   367.00
2000, 05,   36661, 2000.3716,   366.63,   367.02,     366.53,   366.92,     366.63,   367.02
2000, 06,   36692, 2000.4563,   366.85,   367.08,     366.78,   367.01,     366.85,   367.08
2000, 07,   36722, 2000.5383,   367.17,   367.10,     367.17,   367.10,     367.17,   367.10
2000, 08,   36753, 2000.6230,   367.58,   367.18,     367.59,   367.19,     367.58,   367.18
2000, 09,   36784, 2000.7077,   367.70,   367.14,     367.85,   367.28,     367.70,   367.14
2000, 10,   36814, 2000.7896,   367.80,   367.27,     367.90,   367.37,     367.80,   367.27
2000, 11,   36845, 2000.8743,   367.93,   367.57,     367.83,   367.47,     367.93,   367.57
2000, 12,   36875, 2000.9563,   367.88,   367.73,     367.73,   367.57,     367.88,   367.73
2001, 01,   36906, 2001.0411,   367.87,   367.96,     367.58,   367.67,     367.87,   367.96
2001, 02,   36937, 2001.1260,   367.16,   367.53,     367.41,   367.79,     367.16,   367.53
2001, 03,   36965, 2001.2027,   367.10,   367.63,     367.37,   367.90,     367.10,   367.63
2001, 04,   36996, 2001.2877,   367.43,   367.92,     367.53,   368.03,     367.43,   367.92
2001, 05,   37026, 2001.3699,   367.66,   368.06,     367.77,   368.17,     367.66,   368.06
2001, 06,   37057, 2001.4548,   367.99,   368.23,     368.08,   368.32,     367.99,   368.23
2001, 07,   37087, 2001.5370,   368.37,   368.30,     368.54,   368.48,     368.37,   368.30
2001, 08,   37118, 2001.6219,   368.92,   368.52,     369.05,   368.65,     368.92,   368.52
2001, 09,   37149, 2001.7068,   369.50,   368.94,     369.40,   368.83,     369.50,   368.94
2001, 10,   37179, 2001.7890,   369.65,   369.12,     369.55,   369.02,     369.65,   369.12
2001, 11,   37210, 2001.8740,   369.53,   369.17,     369.58,   369.21,     369.53,   369.17
2001, 12,   37240, 2001.9562,   369.31,   369.15,     369.57,   369.41,     369.31,   369.15
2002, 01,   37271, 2002.0411,   369.37,   369.46,     369.52,   369.61,     369.37,   369.46
2002, 02,   37302, 2002.1260,   369.57,   369.94,     369.45,   369.82,     369.57,   369.94
2002, 03,   37330, 2002.2027,   369.68,   370.20,     369.48,   370.01,     369.68,   370.20
2002, 04,   37361, 2002.2877,   369.78,   370.28,     369.72,   370.22,     369.78,   370.28
2002, 05,   37391, 2002.3699,   370.06,   370.46,     370.02,   370.42,     370.06,   370.46
2002, 06,   37422, 2002.4548,   370.46,   370.70,     370.38,   370.62,     370.46,   370.70
2002, 07,   37452, 2002.5370,   370.95,   370.89,     370.88,   370.82,     370.95,   370.89
2002, 08,   37483, 2002.6219,   371.54,   371.13,     371.42,   371.02,     371.54,   371.13
2002, 09,   37514, 2002.7068,   371.77,   371.20,     371.78,   371.21,     371.77,   371.20
2002, 10,   37544, 2002.7890,   371.89,   371.36,     371.93,   371.40,     371.89,   371.36
2002, 11,   37575, 2002.8740,   371.88,   371.52,     371.96,   371.59,     371.88,   371.52
2002, 12,   37605, 2002.9562,   371.67,   371.51,     371.93,   371.77,     371.67,   371.51
2003, 01,   37636, 2003.0411,   372.00,   372.09,     371.87,   371.96,     372.00,   372.09
2003, 02,   37667, 2003.1260,   371.85,   372.22,     371.77,   372.14,     371.85,   372.22
2003, 03,   37695, 2003.2027,   371.77,   372.30,     371.77,   372.30,     371.77,   372.30
2003, 04,   37726, 2003.2877,   372.06,   372.56,     371.98,   372.48,     372.06,   372.56
2003, 05,   37756, 2003.3699,   372.40,   372.79,     372.25,   372.64,     372.40,   372.79
2003, 06,   37787, 2003.4548,   372.66,   372.90,     372.57,   372.81,     372.66,   372.90
2003, 07,   37817, 2003.5370,   373.04,   372.98,     373.03,   372.96,     373.04,   372.98
2003, 08,   37848, 2003.6219,   373.48,   373.08,     373.53,   373.12,     373.48,   373.08
2003, 09,   37879, 2003.7068,   373.97,   373.41,     373.85,   373.28,     373.97,   373.41
2003, 10,   37909, 2003.7890,   373.89,   373.36,     373.96,   373.43,     373.89,   373.36
2003, 11,   37940, 2003.8740,   373.72,   373.35,     373.95,   373.58,     373.72,   373.35
2003, 12,   37970, 2003.9562,   373.69,   373.53,     373.90,   373.74,     373.69,   373.53
2004, 01,   38001, 2004.0410,   373.66,   373.75,     373.80,   373.89,     373.66,   373.75
2004, 02,   38032, 2004.1257,   373.56,   373.93,     373.67,   374.05,     373.56,   373.93
2004, 03,   38061, 2004.2049,   373.93,   374.46,     373.66,   374.20,     373.93,   374.46
2004, 04,   38092, 2004.2896,   373.97,   374.47,     373.86,   374.35,     373.97,   374.47
2004, 05,   38122, 2004.3716,   374.16,   374.55,     374.11,   374.50,     374.16,   374.55
2004, 06,   38153, 2004.4563,   374.57,   374.80,     374.42,   374.65,     374.57,   374.80
2004, 07,   38183, 2004.5383,   374.98,   374.91,     374.87,   374.80,     374.98,   374.91
2004, 08,   38214, 2004.6230,   375.47,   375.06,     375.36,   374.95,     375.47,   375.06
2004, 09,   38245, 2004.7077,   375.62,   375.05,     375.68,   375.11,     375.62,   375.05
2004, 10,   38275, 2004.7896,   375.70,   375.17,     375.79,   375.26,     375.70,   375.17
2004, 11,   38306, 2004.8743,   375.61,   375.25,     375.79,   375.42,     375.61,   375.25
2004, 12,   38336, 2004.9563,   375.37,   375.20,     375.75,   375.59,     375.37,   375.20
2005, 01,   38367, 2005.0411,   375.44,   375.53,     375.67,   375.76,     375.44,   375.53
2005, 02,   38398, 2005.1260,   375.33,   375.71,     375.57,   375.94,     375.33,   375.71
2005, 03,   38426, 2005.2027,   375.69,   376.22,     375.58,   376.11,     375.69,   376.22
2005, 04,   38457, 2005.2877,   375.83,   376.33,     375.80,   376.30,     375.83,   376.33
2005, 05,   38487, 2005.3699,   376.24,   376.63,     376.08,   376.48,     376.24,   376.63
2005, 06,   38518, 2005.4548,   376.54,   376.78,     376.43,   376.67,     376.54,   376.78
2005, 07,   38548, 2005.5370,      NaN,      NaN,     376.91,   376.84,     376.91,   376.84
2005, 08,   38579, 2005.6219,      NaN,      NaN,     377.43,   377.03,     377.43,   377.03
2005, 09,   38610, 2005.7068,   377.83,   377.26,     377.77,   377.20,     377.83,   377.26
2005, 10,   38640, 2005.7890,   378.09,   377.56,     377.90,   377.37,     378.09,   377.56
2005, 11,   38671, 2005.8740,   377.75,   377.38,     377.90,   377.54,     377.75,   377.38
2005, 12,   38701, 2005.9562,   377.91,   377.75,     377.86,   377.69,     377.91,   377.75
2006, 01,   38732, 2006.0411,   377.91,   378.00,     377.76,   377.85,     377.91,   378.00
2006, 02,   38763, 2006.1260,   377.66,   378.04,     377.63,   378.01,     377.66,   378.04
2006, 03,   38791, 2006.2027,   377.69,   378.22,     377.61,   378.14,     377.69,   378.22
2006, 04,   38822, 2006.2877,      NaN,      NaN,     377.79,   378.29,     377.79,   378.29
2006, 05,   38852, 2006.3699,   378.10,   378.49,     378.03,   378.43,     378.10,   378.49
2006, 06,   38883, 2006.4548,   378.43,   378.67,     378.33,   378.57,     378.43,   378.67
2006, 07,   38913, 2006.5370,   378.95,   378.88,     378.77,   378.70,     378.95,   378.88
2006, 08,   38944, 2006.6219,   379.33,   378.92,     379.25,   378.85,     379.33,   378.92
2006, 09,   38975, 2006.7068,   379.33,   378.76,     379.56,   378.99,     379.33,   378.76
2006, 10,   39005, 2006.7890,   379.39,   378.86,     379.67,   379.14,     379.39,   378.86
2006, 11,   39036, 2006.8740,   379.43,   379.06,     379.66,   379.29,     379.43,   379.06
2006, 12,   39066, 2006.9562,      NaN,      NaN,     379.61,   379.45,     379.61,   379.45
2007, 01,   39097, 2007.0411,   379.31,   379.40,     379.53,   379.62,     379.31,   379.40
2007, 02,   39128, 2007.1260,   379.37,   379.75,     379.42,   379.80,     379.37,   379.75
2007, 03,   39156, 2007.2027,   379.37,   379.90,     379.43,   379.96,     379.37,   379.90
2007, 04,   39187, 2007.2877,   379.69,   380.19,     379.65,   380.15,     379.69,   380.19
2007, 05,   39217, 2007.3699,   380.01,   380.41,     379.93,   380.33,     380.01,   380.41
2007, 06,   39248, 2007.4548,   380.39,   380.63,     380.28,   380.52,     380.39,   380.63
2007, 07,   39278, 2007.5370,   380.80,   380.73,     380.76,   380.70,     380.80,   380.73
2007, 08,   39309, 2007.6219,   381.29,   380.88,     381.29,   380.88,     381.29,   380.88
2007, 09,   39340, 2007.7068,   381.60,   381.02,     381.64,   381.07,     381.60,   381.02
2007, 10,   39370, 2007.7890,   381.76,   381.22,     381.78,   381.25,     381.76,   381.22
2007, 11,   39401, 2007.8740,   381.70,   381.33,     381.79,   381.43,     381.70,   381.33
2007, 12,   39431, 2007.9562,   381.76,   381.59,     381.76,   381.60,     381.76,   381.59
2008, 01,   39462, 2008.0410,   381.87,   381.96,     381.68,   381.77,     381.87,   381.96
2008, 02,   39493, 2008.1257,   381.61,   381.99,     381.55,   381.93,     381.61,   381.99
2008, 03,   39522, 2008.2049,   381.73,   382.26,     381.54,   382.08,     381.73,   382.26
2008, 04,   39553, 2008.2896,   381.99,   382.49,     381.73,   382.23,     381.99,   382.49
2008, 05,   39583, 2008.3716,   381.90,   382.30,     381.97,   382.37,     381.90,   382.30
2008, 06,   39614, 2008.4563,   382.18,   382.42,     382.27,   382.51,     382.18,   382.42
2008, 07,   39644, 2008.5383,   382.68,   382.61,     382.71,   382.64,     382.68,   382.61
2008, 08,   39675, 2008.6230,   383.16,   382.75,     383.18,   382.77,     383.16,   382.75
2008, 09,   39706, 2008.7077,   383.46,   382.88,     383.48,   382.90,     383.46,   382.88
2008, 10,   39736, 2008.7896,   383.37,   382.83,     383.57,   383.03,     383.37,   382.83
2008, 11,   39767, 2008.8743,   383.45,   383.08,     383.53,   383.16,     383.45,   383.08
2008, 12,   39797, 2008.9563,   383.42,   383.26,     383.45,   383.29,     383.42,   383.26
2009, 01,   39828, 2009.0411,   383.46,   383.56,     383.33,   383.42,     383.46,   383.56
2009, 02,   39859, 2009.1260,   383.17,   383.55,     383.17,   383.55,     383.17,   383.55
2009, 03,   39887, 2009.2027,   383.21,   383.74,     383.13,   383.66,     383.21,   383.74
2009, 04,   39918, 2009.2877,   383.41,   383.91,     383.29,   383.79,     383.41,   383.91
2009, 05,   39948, 2009.3699,   383.51,   383.91,     383.52,   383.92,     383.51,   383.91
2009, 06,   39979, 2009.4548,   383.84,   384.08,     383.81,   384.05,     383.84,   384.08
2009, 07,   40009, 2009.5370,   384.31,   384.25,     384.24,   384.18,     384.31,   384.25
2009, 08,   40040, 2009.6219,   384.66,   384.25,     384.72,   384.31,     384.66,   384.25
2009, 09,   40071, 2009.7068,   384.94,   384.37,     385.03,   384.45,     384.94,   384.37
2009, 10,   40101, 2009.7890,   385.12,   384.59,     385.13,   384.60,     385.12,   384.59
2009, 11,   40132, 2009.8740,   385.09,   384.72,     385.12,   384.75,     385.09,   384.72
2009, 12,   40162, 2009.9562,   384.99,   384.82,     385.06,   384.90,     384.99,   384.82
2010, 01,   40193, 2010.0411,   385.03,   385.12,     384.98,   385.07,     385.03,   385.12
2010, 02,   40224, 2010.1260,   384.63,   385.01,     384.86,   385.24,     384.63,   385.01
2010, 03,   40252, 2010.2027,   384.74,   385.28,     384.87,   385.41,     384.74,   385.28
2010, 04,   40283, 2010.2877,   384.93,   385.43,     385.09,   385.59,     384.93,   385.43
2010, 05,   40313, 2010.3699,   385.13,   385.53,     385.38,   385.78,     385.13,   385.53
2010, 06,   40344, 2010.4548,   385.64,   385.89,     385.74,   385.98,     385.64,   385.89
2010, 07,   40374, 2010.5370,   386.37,   386.31,     386.23,   386.17,     386.37,   386.31
2010, 08,   40405, 2010.6219,   386.97,   386.56,     386.77,   386.36,     386.97,   386.56
2010, 09,   40436, 2010.7068,   387.45,   386.87,     387.13,   386.55,     387.45,   386.87
2010, 10,   40466, 2010.7890,   387.44,   386.90,     387.27,   386.73,     387.44,   386.90
2010, 11,   40497, 2010.8740,   387.30,   386.93,     387.28,   386.91,     387.30,   386.93
2010, 12,   40527, 2010.9562,   387.37,   387.21,     387.23,   387.07,     387.37,   387.21
2011, 01,   40558, 2011.0411,   387.28,   387.37,     387.14,   387.23,     387.28,   387.37
2011, 02,   40589, 2011.1260,   387.41,   387.79,     387.00,   387.38,     387.41,   387.79
2011, 03,   40617, 2011.2027,   386.96,   387.50,     386.98,   387.51,     386.96,   387.50
2011, 04,   40648, 2011.2877,   387.08,   387.59,     387.15,   387.66,     387.08,   387.59
2011, 05,   40678, 2011.3699,   387.20,   387.60,     387.40,   387.80,     387.20,   387.60
2011, 06,   40709, 2011.4548,   387.62,   387.86,     387.70,   387.94,     387.62,   387.86
2011, 07,   40739, 2011.5370,   387.98,   387.92,     388.15,   388.08,     387.98,   387.92
2011, 08,   40770, 2011.6219,   388.58,   388.17,     388.64,   388.23,     388.58,   388.17
2011, 09,   40801, 2011.7068,   388.87,   388.29,     388.97,   388.39,     388.87,   388.29
2011, 10,   40831, 2011.7890,   389.17,   388.63,     389.08,   388.54,     389.17,   388.63
2011, 11,   40862, 2011.8740,   389.20,   388.83,     389.08,   388.71,     389.20,   388.83
2011, 12,   40892, 2011.9562,   388.79,   388.63,     389.03,   388.87,     388.79,   388.63
2012, 01,   40923, 2012.0410,   389.05,   389.14,     388.95,   389.04,     389.05,   389.14
2012, 02,   40954, 2012.1257,   388.85,   389.23,     388.84,   389.22,     388.85,   389.23
2012, 03,   40983, 2012.2049,   388.82,   389.36,     388.85,   389.39,     388.82,   389.36
2012, 04,   41014, 2012.2896,   388.94,   389.45,     389.08,   389.58,     388.94,   389.45
2012, 05,   41044, 2012.3716,   389.26,   389.66,     389.38,   389.78,     389.26,   389.66
2012, 06,   41075, 2012.4563,   389.52,   389.76,     389.75,   389.98,     389.52,   389.76
2012, 07,   41105, 2012.5383,   390.29,   390.22,     390.26,   390.19,     390.29,   390.22
2012, 08,   41136, 2012.6230,   390.98,   390.56,     390.83,   390.41,     390.98,   390.56
2012, 09,   41167, 2012.7077,   391.30,   390.72,     391.22,   390.64,     391.30,   390.72
2012, 10,   41197, 2012.7896,   391.39,   390.85,     391.41,   390.87,     391.39,   390.85
2012, 11,   41228, 2012.8743,   391.29,   390.92,     391.48,   391.10,     391.29,   390.92
2012, 12,   41258, 2012.9563,   391.48,   391.32,     391.50,   391.34,     391.48,   391.32
2013, 01,   41289, 2013.0411,   391.30,   391.40,     391.49,   391.59,     391.30,   391.40
2013, 02,   41320, 2013.1260,   391.35,   391.73,     391.45,   391.84,     391.35,   391.73
2013, 03,   41348, 2013.2027,   391.35,   391.89,     391.52,   392.06,     391.35,   391.89
2013, 04,   41379, 2013.2877,   391.75,   392.25,     391.81,   392.31,     391.75,   392.25
2013, 05,   41409, 2013.3699,   392.37,   392.77,     392.15,   392.55,     392.37,   392.77
2013, 06,   41440, 2013.4548,   392.85,   393.09,     392.55,   392.79,     392.85,   393.09
2013, 07,   41470, 2013.5370,   393.41,   393.35,     393.08,   393.01,     393.41,   393.35
2013, 08,   41501, 2013.6219,   393.96,   393.47,     393.82,   393.32,     393.96,   393.47
2013, 09,   41532, 2013.7068,   394.12,   393.50,     394.15,   393.53,     394.12,   393.50
2013, 10,   41562, 2013.7890,   394.07,   393.58,     394.20,   393.72,     394.07,   393.58
2013, 11,   41593, 2013.8740,   394.08,   393.79,     394.20,   393.91,     394.08,   393.79
2013, 12,   41623, 2013.9562,   394.22,   394.10,     394.20,   394.08,     394.22,   394.10
2014, 01,   41654, 2014.0411,   394.21,   394.34,     394.13,   394.26,     394.21,   394.34
2014, 02,   41685, 2014.1260,   394.06,   394.49,     393.98,   394.42,     394.06,   394.49
2014, 03,   41713, 2014.2027,   394.01,   394.60,     393.97,   394.56,     394.01,   394.60
2014, 04,   41744, 2014.2877,   394.19,   394.76,     394.13,   394.70,     394.19,   394.76
2014, 05,   41774, 2014.3699,   394.50,   394.86,     394.48,   394.84,     394.50,   394.86
2014, 06,   41805, 2014.4548,   394.75,   394.87,     394.87,   394.99,     394.75,   394.87
2014, 07,   41835, 2014.5370,   395.21,   395.05,     395.30,   395.13,     395.21,   395.05
2014, 08,   41866, 2014.6219,   395.73,   395.22,     395.80,   395.29,     395.73,   395.22
2014, 09,   41897, 2014.7068,   396.00,   395.37,     396.09,   395.46,     396.00,   395.37
2014, 10,   41927, 2014.7890,   396.12,   395.61,     396.14,   395.63,     396.12,   395.61
2014, 11,   41958, 2014.8740,   396.07,   395.75,     396.14,   395.83,     396.07,   395.75
2014, 12,   41988, 2014.9562,   396.14,   396.03,     396.14,   396.03,     396.14,   396.03
2015, 01,   42019, 2015.0411,   396.23,   396.37,     396.11,   396.24,     396.23,   396.37
2015, 02,   42050, 2015.1260,   396.00,   396.42,     396.05,   396.47,     396.00,   396.42
2015, 03,   42078, 2015.2027,   395.88,   396.51,     396.05,   396.67,     395.88,   396.51
2015, 04,   42109, 2015.2877,   396.35,   396.96,     396.30,   396.90,     396.35,   396.96
2015, 05,   42139, 2015.3699,   396.98,   397.33,     396.78,   397.13,     396.98,   397.33
2015, 06,   42170, 2015.4548,   397.45,   397.58,     397.22,   397.35,     397.45,   397.58
2015, 07,   42200, 2015.5370,   398.13,   397.98,     397.73,   397.58,     398.13,   397.98
2015, 08,   42231, 2015.6219,   398.22,   397.71,     398.32,   397.80,     398.22,   397.71
2015, 09,   42262, 2015.7068,   398.64,   398.03,     398.65,   398.04,     398.64,   398.03
2015, 10,   42292, 2015.7890,   398.62,   398.13,     398.77,   398.29,     398.62,   398.13
2015, 11,   42323, 2015.8740,   398.78,   398.47,     398.86,   398.56,     398.78,   398.47
2015, 12,   42353, 2015.9562,   398.75,   398.66,     398.93,   398.84,     398.75,   398.66
2016, 01,   42384, 2016.0410,   398.80,   398.95,     399.00,   399.15,     398.80,   398.95
2016, 02,   42415, 2016.1257,   398.85,   399.28,     399.02,   399.45,     398.85,   399.28
2016, 03,   42444, 2016.2049,   399.38,   400.01,     399.13,   399.77,     399.38,   400.01
2016, 04,   42475, 2016.2896,   399.28,   399.84,     399.53,   400.09,     399.28,   399.84
2016, 05,   42505, 2016.3716,   400.30,   400.60,     400.08,   400.39,     400.30,   400.60
2016, 06,   42536, 2016.4563,      NaN,      NaN,     400.51,   400.63,     400.51,   400.63
2016, 07,   42566, 2016.5383,   401.17,   400.99,     401.03,   400.86,     401.17,   400.99
2016, 08,   42597, 2016.6230,   401.68,   401.15,     401.59,   401.06,     401.68,   401.15
2016, 09,   42628, 2016.7077,   401.96,   401.36,     401.84,   401.24,     401.96,   401.36
2016, 10,   42658, 2016.7896,   402.06,   401.58,     401.86,   401.38,     402.06,   401.58
2016, 11,   42689, 2016.8743,   401.78,   401.45,     401.83,   401.50,     401.78,   401.45
2016, 12,   42719, 2016.9563,   401.58,   401.47,     401.72,   401.61,     401.58,   401.47
2017, 01,   42750, 2017.0411,   401.28,   401.41,     401.58,   401.72,     401.28,   401.41
2017, 02,   42781, 2017.1260,   401.60,   402.05,     401.39,   401.84,     401.60,   402.05
2017, 03,   42809, 2017.2027,   401.37,   402.02,     401.30,   401.95,     401.37,   402.02
2017, 04,   42840, 2017.2877,   401.38,   401.93,     401.53,   402.08,     401.38,   401.93
2017, 05,   42870, 2017.3699,   401.83,   402.14,     401.92,   402.23,     401.83,   402.14
2017, 06,   42901, 2017.4548,   402.17,   402.30,     402.28,   402.41,     402.17,   402.30
2017, 07,   42931, 2017.5370,   402.62,   402.46,     402.76,   402.60,     402.62,   402.46
2017, 08,   42962, 2017.6219,   403.30,   402.79,     403.33,   402.82,     403.30,   402.79
2017, 09,   42993, 2017.7068,   403.67,   403.06,     403.67,   403.06,     403.67,   403.06
2017, 10,   43023, 2017.7890,   403.77,   403.25,     403.83,   403.31,     403.77,   403.25
2017, 11,   43054, 2017.8740,      NaN,      NaN,     403.91,   403.57,     403.91,   403.57
2017, 12,   43084, 2017.9562,   403.89,   403.78,     403.93,   403.83,     403.89,   403.78
2018, 01,   43115, 2018.0411,   403.99,   404.15,     403.93,   404.09,     403.99,   404.15
2018, 02,   43146, 2018.1260,   403.92,   404.37,     403.89,   404.34,     403.92,   404.37
2018, 03,   43174, 2018.2027,   404.21,   404.87,     403.90,   404.56,     404.21,   404.87
2018, 04,   43205, 2018.2877,   404.41,   404.99,     404.20,   404.79,     404.41,   404.99
2018, 05,   43235, 2018.3699,   404.57,   404.92,     404.63,   404.99,     404.57,   404.92
2018, 06,   43266, 2018.4548,   405.01,   405.15,     405.04,   405.18,     405.01,   405.15
2018, 07,   43296, 2018.5370,      NaN,      NaN,     405.50,   405.36,     405.50,   405.36
2018, 08,   43327, 2018.6219,   405.99,   405.50,     406.03,   405.54,     405.99,   405.50
2018, 09,   43358, 2018.7068,   406.37,   405.75,     406.33,   405.71,     406.37,   405.75
2018, 10,   43388, 2018.7890,   406.52,   406.00,     406.40,   405.87,     406.52,   406.00
2018, 11,   43419, 2018.8740,   406.40,   406.05,     406.40,   406.04,     406.40,   406.05
2018, 12,   43449, 2018.9562,   406.28,   406.16,     406.35,   406.22,     406.28,   406.16
2019, 01,   43480, 2019.0411,   406.02,   406.17,     406.25,   406.41,     406.02,   406.17
2019, 02,   43511, 2019.1260,   406.40,   406.83,     406.22,   406.65,     406.40,   406.83
2019, 03,   43539, 2019.2027,   406.11,   406.73,     406.22,   406.84,     406.11,   406.73
2019, 04,   43570, 2019.2877,   406.26,   406.83,     406.50,   407.07,     406.26,   406.83
2019, 05,   43600, 2019.3699,   406.97,   407.30,     406.98,   407.31,     406.97,   407.30
2019, 06,   43631, 2019.4548,   407.38,   407.51,     407.44,   407.56,     407.38,   407.51
2019, 07,   43661, 2019.5370,   408.06,   407.93,     407.94,   407.81,     408.06,   407.93
2019, 08,   43692, 2019.6219,   408.66,   408.18,     408.53,   408.05,     408.66,   408.18
2019, 09,   43723, 2019.7068,   408.94,   408.32,     408.91,   408.29,     408.94,   408.32
2019, 10,   43753, 2019.7890,   409.03,   408.48,     409.07,   408.52,     409.03,   408.48
2019, 11,   43784, 2019.8740,   409.04,   408.67,     409.11,   408.74,     409.04,   408.67
2019, 12,   43814, 2019.9562,   409.19,   409.09,     409.04,   408.94,     409.19,   409.09
2020, 01,   43845, 2020.0410,   409.02,   409.20,     408.95,   409.14,     409.02,   409.20
2020, 02,   43876, 2020.1257,   408.94,   409.38,     408.88,   409.32,     408.94,   409.38
2020, 03,   43905, 2020.2049,   408.73,   409.36,     408.85,   409.49,     408.73,   409.36
2020, 04,   43936, 2020.2896,   409.10,   409.68,     409.09,   409.67,     409.10,   409.68
2020, 05,   43966, 2020.3716,   409.55,   409.88,     409.51,   409.84,     409.55,   409.88
2020, 06,   43997, 2020.4563,   409.82,   409.94,     409.89,   410.01,     409.82,   409.94
2020, 07,   44027, 2020.5383,   410.21,   410.07,     410.33,   410.19,     410.21,   410.07
2020, 08,   44058, 2020.6230,   410.86,   410.37,     410.86,   410.37,     410.86,   410.37
2020, 09,   44089, 2020.7077,   411.14,   410.51,     411.19,   410.56,     411.14,   410.51
2020, 10,   44119, 2020.7896,   411.13,   410.57,     411.30,   410.74,     411.13,   410.57
2020, 11,   44150, 2020.8743,   411.50,   411.12,     411.30,   410.92,     411.50,   411.12
2020, 12,   44180, 2020.9563,   411.22,   411.12,     411.19,   411.09,     411.22,   411.12
2021, 01,   44211, 2021.0411,   411.25,   411.44,     411.05,   411.24,     411.25,   411.44
2021, 02,   44242, 2021.1260,   410.97,   411.42,     410.94,   411.39,     410.97,   411.42
2021, 03,   44270, 2021.2027,      NaN,      NaN,     410.87,   411.52,     410.87,   411.52
2021, 04,   44301, 2021.2877,   411.09,   411.68,     411.06,   411.66,     411.09,   411.68
2021, 05,   44331, 2021.3699,   411.46,   411.80,     411.45,   411.79,     411.46,   411.80
2021, 06,   44362, 2021.4548,   411.68,   411.80,     411.82,   411.95,     411.68,   411.80
2021, 07,   44392, 2021.5370,   412.05,   411.92,     412.25,   412.12,     412.05,   411.92
2021, 08,   44423, 2021.6219,   412.73,   412.23,     412.80,   412.31,     412.73,   412.23
2021, 09,   44454, 2021.7068,   413.03,   412.39,     413.15,   412.52,     413.03,   412.39
2021, 10,   44484, 2021.7890,   413.46,   412.89,     413.29,   412.72,     413.46,   412.89
2021, 11,   44515, 2021.8740,   413.39,   413.01,     413.33,   412.94,     413.39,   413.01
2021, 12,   44545, 2021.9562,   413.20,   413.10,     413.25,   413.15,     413.20,   413.10
2022, 01,   44576, 2022.0411,   413.32,   413.51,     413.18,   413.37,     413.32,   413.51
2022, 02,   44607, 2022.1260,   413.12,   413.58,     413.12,   413.57,     413.12,   413.58
2022, 03,   44635, 2022.2027,   413.29,   413.94,     413.10,   413.75,     413.29,   413.94
2022, 04,   44666, 2022.2877,   413.15,   413.75,     413.35,   413.95,     413.15,   413.75
2022, 05,   44696, 2022.3699,   413.69,   414.03,     413.79,   414.13,     413.69,   414.03
2022, 06,   44727, 2022.4548,   414.26,   414.39,     414.19,   414.32,     414.26,   414.39
2022, 07,   44757, 2022.5370,   414.60,   414.46,     414.64,   414.50,     414.60,   414.46
2022, 08,   44788, 2022.6219,      NaN,      NaN,     415.19,   414.69,     415.19,   414.69
2022, 09,   44819, 2022.7068,   415.59,   414.94,     415.52,   414.87,     415.59,   414.94
2022, 10,   44849, 2022.7890,      NaN,      NaN,     415.62,   415.04,     415.62,   415.04
2022, 11,   44880, 2022.8740,   415.49,   415.10,     415.61,   415.22,     415.49,   415.10
2022, 12,   44910, 2022.9562,   415.56,   415.45,     415.49,   415.39,     415.56,   415.45
2023, 01,   44941, 2023.0411,   415.32,   415.51,     415.36,   415.56,     415.32,   415.51
2023, 02,   44972, 2023.1260,   415.22,   415.69,     415.27,   415.73,     415.22,   415.69
2023, 03,   45000, 2023.2027,   415.37,   416.03,     415.22,   415.89,     415.37,   416.03
2023, 04,   45031, 2023.2877,   415.36,   415.97,     415.45,   416.06,     415.36,   415.97
2023, 05,   45061, 2023.3699,   415.89,   416.24,     415.88,   416.23,     415.89,   416.24
2023, 06,   45092, 2023.4548,   416.40,   416.54,     416.28,   416.41,     416.40,   416.54
2023, 07,   45122, 2023.5370,   416.66,   416.52,     416.73,   416.59,     416.66,   416.52
2023, 08,   45153, 2023.6219,   417.23,   416.72,     417.29,   416.78,     417.23,   416.72
2023, 09,   45184, 2023.7068,   417.47,   416.81,     417.64,   416.98,     417.47,   416.81
2023, 10,   45214, 2023.7890,   417.87,   417.29,     417.77,   417.18,     417.87,   417.29
2023, 11,   45245, 2023.8740,   417.94,   417.54,     417.79,   417.39,     417.94,   417.54
2023, 12,   45275, 2023.9562,      NaN,      NaN,     417.70,   417.60,     417.70,   417.60
2024, 01,   45306, 2024.0410,   417.59,   417.79,     417.61,   417.81,     417.59,   417.79
2024, 02,   45337, 2024.1257,      NaN,      NaN,     417.55,   418.02,     417.55,   418.02
2024, 03,   45366, 2024.2049,      NaN,      NaN,     417.54,   418.22,     417.54,   418.22
2024, 04,   45397, 2024.2896,      NaN,      NaN,     417.81,   418.43,     417.81,   418.43
2024, 05,   45427, 2024.3716,      NaN,      NaN,     418.28,   418.63,     418.28,   418.63
2024, 06,   45458, 2024.4563,      NaN,      NaN,     418.71,   418.84,     418.71,   418.84
2024, 07,   45488, 2024.5383,      NaN,      NaN,     419.20,   419.05,     419.20,   419.05
2024, 08,   45519, 2024.6230,      NaN,      NaN,     419.78,   419.26,     419.78,   419.26
2024, 09,   45550, 2024.7077,      NaN,      NaN,     420.14,   419.47,     420.14,   419.47
2024, 10,   45580, 2024.7896,      NaN,      NaN,     420.27,   419.67,     420.27,   419.67
2024, 11,   45611, 2024.8743,      NaN,      NaN,     420.28,   419.88,     420.28,   419.88
2024, 12,   45641, 2024.9563,      NaN,      NaN,     420.19,   420.09,     420.19,   420.09
