"-------------------------------------------------------------------------------------------"
" Monthly average 18O concentrations (per mil) derived from flask air samples               "
" Baja Calif. Sur                                                                           "
"                                                                                           "
" Source: R. F. Keeling and S. J. Walker                   "
" Scripps CO2 Program ( http://scrippsco2.ucsd.edu )                                        "
" Scripps Institution of Oceanography (SIO)                                                 "
" University of California                                                                  "
" La Jolla, California USA 92093-0244                                                       "
"                                                                                           "
" Status of isotopic data and correspondence:                                               "
"                                                                                           "
" Isotopic data are reported on the Scripps Isotope scale                                   "
" See:                                                                                      "
" T. Lueker, R. Keeling, A. Bollenbacher, S. Walker, E. Morgan,                             "
" M. Brooks, Calibration Methodology for the Scripps 13C/12C and 18O/16O                    "
" stable Isotope program 1992-2018, 2020                                                    "
" Flask data from archive dated 19-Apr-2024 10:43:25                                        "
"                                                                                           "
" They are subject to revision based on recalibration of standard gases. Questions          "
" about the data should be directed to Dr. Ralph Keeling (rkeeling AT ucsd.edu) and         "
" and Dr. Stephen Walker (sjwalker AT ucsd.edu), Scripps CO2 Program.                       "
"                                                                                           "
"-------------------------------------------------------------------------------------------"
"                                                                                           "
" Please cite as:                                                                           "
"                                                                                           "
" C. D. Keeling, S. C. Piper, R. B. Bacastow, M. Wahlen, T. P. Whorf, M. Heimann, and       "
" H. A. Meijer, Exchanges of atmospheric CO2 and 13CO2 with the terrestrial biosphere and   "
" oceans from 1978 to 2000.  I. Global aspects, SIO Reference Series, No. 01-06, Scripps    "
" Institution of Oceanography, San Diego, 88 pages, 2001.                                   "
"                                                                                           "
" If it is necessary to cite a peer-reviewed article, please cite as:                       "
"                                                                                           "
" C. D. Keeling, S. C. Piper, R. B. Bacastow, M. Wahlen, T. P. Whorf, M. Heimann, and       "
" H. A. Meijer, Atmospheric CO2 and 13CO2 exchange with the terrestrial biosphere and       "
" oceans from 1978 to 2000: observations and carbon cycle implications, pages 83-113,       "
" in "A History of Atmospheric CO2 and its effects on Plants, Animals, and Ecosystems",     "
" editors, Ehleringer, J.R., T. E. Cerling, M. D. Dearing, Springer Verlag,                 "
" New York, 2005.                                                                           "
"                                                                                           "
"-------------------------------------------------------------------------------------------"
"                                                                                           "
" The data file below contains 10 columns.  Columns 1-4 give the dates in several redundant "
" formats. Column 5 below gives monthly isotope concentrations in per-mil.  This is the     "
" standard version of the data most often sought.  The monthly values have been adjusted    "
" to 24:00 hours on the 15th of each month.  Column 6 gives the same data after a seasonal  "
" adjustment to remove the quasi-regular seasonal cycle.  The adjustment involves           "
" subtracting from the data a 4-harmonic fit with a linear gain factor.  Column 7 is a      "
" smoothed version of the data generated from a stiff cubic spline function plus 4-harmonic "
" functions with linear gain.  Column 8 is the same smoothed version with the seasonal      "
" cycle removed.  Column 9 is identical to Column 5 except that the missing values from     "
" Column 5 have been filled with values from Column 7.  Column 10 is identical to Column 6  "
" except missing values have been filled with values from Column 8.  Missing values are     "
" denoted by -99.99                                                                         "
"                                                                                           "
" CO2 concentrations are reported on the Scripps '12' Calibration scale                     "
"                                                                                           "
  Yr, Mn,    Date,      Date,     18O,seasonally,        fit,  seasonally,      18O, seasonally
    ,   ,        ,          ,        ,  adjusted,           ,adjusted fit,   filled,adjusted filled
    ,   ,   Excel,          , per-mil,  per-mil,    per-mil,  per-mil,   per-mil,  per-mil
1997, 01,   35445, 1997.0411,     0.07,     0.12,       0.19,     0.24,       0.07,     0.12
1997, 02,   35476, 1997.1260,     0.34,     0.34,       0.27,     0.27,       0.34,     0.34
1997, 03,   35504, 1997.2027,     0.40,     0.39,       0.31,     0.29,       0.40,     0.39
1997, 04,   35535, 1997.2877,     0.39,     0.30,       0.41,     0.32,       0.39,     0.30
1997, 05,   35565, 1997.3699,     0.46,     0.26,       0.54,     0.34,       0.46,     0.26
1997, 06,   35596, 1997.4548,     0.52,     0.30,       0.58,     0.37,       0.52,     0.30
1997, 07,   35626, 1997.5370,      NaN,      NaN,       0.58,     0.39,       0.58,     0.39
1997, 08,   35657, 1997.6219,     0.54,     0.45,       0.51,     0.41,       0.54,     0.45
1997, 09,   35688, 1997.7068,     0.60,     0.70,       0.32,     0.42,       0.60,     0.70
1997, 10,   35718, 1997.7890,     0.26,     0.50,       0.17,     0.42,       0.26,     0.50
1997, 11,   35749, 1997.8740,     0.17,     0.42,       0.16,     0.40,       0.17,     0.42
1997, 12,   35779, 1997.9562,     0.18,     0.34,       0.22,     0.38,       0.18,     0.34
1998, 01,   35810, 1998.0411,     0.44,     0.50,       0.30,     0.35,       0.44,     0.50
1998, 02,   35841, 1998.1260,     0.14,     0.14,       0.33,     0.32,       0.14,     0.14
1998, 03,   35869, 1998.2027,     0.36,     0.34,       0.31,     0.30,       0.36,     0.34
1998, 04,   35900, 1998.2877,     0.19,     0.10,       0.37,     0.27,       0.19,     0.10
1998, 05,   35930, 1998.3699,     0.52,     0.32,       0.45,     0.25,       0.52,     0.32
1998, 06,   35961, 1998.4548,     0.57,     0.35,       0.44,     0.23,       0.57,     0.35
1998, 07,   35991, 1998.5370,     0.49,     0.31,       0.38,     0.20,       0.49,     0.31
1998, 08,   36022, 1998.6219,     0.49,     0.39,       0.27,     0.17,       0.49,     0.39
1998, 09,   36053, 1998.7068,     0.01,     0.11,       0.04,     0.14,       0.01,     0.11
1998, 10,   36083, 1998.7890,    -0.42,    -0.17,      -0.12,     0.12,      -0.42,    -0.17
1998, 11,   36114, 1998.8740,    -0.16,     0.09,      -0.14,     0.11,      -0.16,     0.09
1998, 12,   36144, 1998.9562,     0.23,     0.39,      -0.06,     0.10,       0.23,     0.39
1999, 01,   36175, 1999.0411,    -0.24,    -0.19,       0.05,     0.10,      -0.24,    -0.19
1999, 02,   36206, 1999.1260,     0.15,     0.15,       0.11,     0.10,       0.15,     0.15
1999, 03,   36234, 1999.2027,     0.16,     0.15,       0.12,     0.11,       0.16,     0.15
1999, 04,   36265, 1999.2877,     0.21,     0.11,       0.21,     0.12,       0.21,     0.11
1999, 05,   36295, 1999.3699,     0.47,     0.27,       0.33,     0.13,       0.47,     0.27
1999, 06,   36326, 1999.4548,     0.18,    -0.04,       0.35,     0.14,       0.18,    -0.04
1999, 07,   36356, 1999.5370,     0.17,    -0.01,       0.33,     0.15,       0.17,    -0.01
1999, 08,   36387, 1999.6219,     0.30,     0.20,       0.26,     0.16,       0.30,     0.20
1999, 09,   36418, 1999.7068,     0.19,     0.28,       0.08,     0.18,       0.19,     0.28
1999, 10,   36448, 1999.7890,     0.08,     0.33,      -0.06,     0.18,       0.08,     0.33
1999, 11,   36479, 1999.8740,    -0.04,     0.21,      -0.07,     0.18,      -0.04,     0.21
1999, 12,   36509, 1999.9562,    -0.13,     0.04,       0.01,     0.18,      -0.13,     0.04
2000, 01,   36540, 2000.0410,     0.23,     0.28,       0.12,     0.17,       0.23,     0.28
2000, 02,   36571, 2000.1257,     0.04,     0.04,       0.17,     0.17,       0.04,     0.04
2000, 03,   36600, 2000.2049,     0.16,     0.15,       0.18,     0.17,       0.16,     0.15
2000, 04,   36631, 2000.2896,     0.29,     0.19,       0.27,     0.17,       0.29,     0.19
2000, 05,   36661, 2000.3716,     0.39,     0.19,       0.37,     0.17,       0.39,     0.19
2000, 06,   36692, 2000.4563,     0.35,     0.14,       0.39,     0.17,       0.35,     0.14
2000, 07,   36722, 2000.5383,     0.41,     0.23,       0.36,     0.17,       0.41,     0.23
2000, 08,   36753, 2000.6230,     0.25,     0.16,       0.27,     0.18,       0.25,     0.16
2000, 09,   36784, 2000.7077,     0.21,     0.31,       0.08,     0.18,       0.21,     0.31
2000, 10,   36814, 2000.7896,    -0.34,    -0.09,      -0.05,     0.19,      -0.34,    -0.09
2000, 11,   36845, 2000.8743,    -0.01,     0.23,      -0.04,     0.21,      -0.01,     0.23
2000, 12,   36875, 2000.9563,     0.20,     0.36,       0.06,     0.22,       0.20,     0.36
2001, 01,   36906, 2001.0411,     0.28,     0.34,       0.18,     0.24,       0.28,     0.34
2001, 02,   36937, 2001.1260,     0.06,     0.06,       0.25,     0.25,       0.06,     0.06
2001, 03,   36965, 2001.2027,     0.24,     0.23,       0.27,     0.26,       0.24,     0.23
2001, 04,   36996, 2001.2877,     0.34,     0.25,       0.36,     0.27,       0.34,     0.25
2001, 05,   37026, 2001.3699,     0.66,     0.46,       0.47,     0.27,       0.66,     0.46
2001, 06,   37057, 2001.4548,     0.54,     0.32,       0.49,     0.28,       0.54,     0.32
2001, 07,   37087, 2001.5370,     0.40,     0.22,       0.46,     0.27,       0.40,     0.22
2001, 08,   37118, 2001.6219,     0.21,     0.11,       0.37,     0.27,       0.21,     0.11
2001, 09,   37149, 2001.7068,     0.43,     0.53,       0.17,     0.27,       0.43,     0.53
2001, 10,   37179, 2001.7890,     0.07,     0.31,       0.03,     0.27,       0.07,     0.31
2001, 11,   37210, 2001.8740,    -0.11,     0.13,       0.03,     0.27,      -0.11,     0.13
2001, 12,   37240, 2001.9562,    -0.01,     0.16,       0.12,     0.28,      -0.01,     0.16
2002, 01,   37271, 2002.0411,     0.29,     0.35,       0.24,     0.30,       0.29,     0.35
2002, 02,   37302, 2002.1260,      NaN,      NaN,       0.32,     0.32,       0.32,     0.32
2002, 03,   37330, 2002.2027,     0.39,     0.38,       0.35,     0.33,       0.39,     0.38
2002, 04,   37361, 2002.2877,     0.59,     0.49,       0.44,     0.35,       0.59,     0.49
2002, 05,   37391, 2002.3699,     0.51,     0.32,       0.56,     0.36,       0.51,     0.32
2002, 06,   37422, 2002.4548,     0.63,     0.41,       0.58,     0.37,       0.63,     0.41
2002, 07,   37452, 2002.5370,     0.56,     0.37,       0.56,     0.37,       0.56,     0.37
2002, 08,   37483, 2002.6219,     0.42,     0.32,       0.47,     0.37,       0.42,     0.32
2002, 09,   37514, 2002.7068,     0.18,     0.28,       0.27,     0.37,       0.18,     0.28
2002, 10,   37544, 2002.7890,     0.06,     0.30,       0.12,     0.37,       0.06,     0.30
2002, 11,   37575, 2002.8740,     0.28,     0.53,       0.12,     0.36,       0.28,     0.53
2002, 12,   37605, 2002.9562,    -0.01,     0.15,       0.19,     0.35,      -0.01,     0.15
2003, 01,   37636, 2003.0411,     0.48,     0.53,       0.29,     0.34,       0.48,     0.53
2003, 02,   37667, 2003.1260,     0.37,     0.36,       0.32,     0.32,       0.37,     0.36
2003, 03,   37695, 2003.2027,      NaN,      NaN,       0.32,     0.30,       0.32,     0.30
2003, 04,   37726, 2003.2877,     0.33,     0.23,       0.37,     0.28,       0.33,     0.23
2003, 05,   37756, 2003.3699,     0.40,     0.20,       0.46,     0.26,       0.40,     0.20
2003, 06,   37787, 2003.4548,     0.42,     0.20,       0.46,     0.24,       0.42,     0.20
2003, 07,   37817, 2003.5370,     0.38,     0.19,       0.41,     0.23,       0.38,     0.19
2003, 08,   37848, 2003.6219,     0.53,     0.44,       0.31,     0.22,       0.53,     0.44
2003, 09,   37879, 2003.7068,    -0.17,    -0.07,       0.12,     0.21,      -0.17,    -0.07
2003, 10,   37909, 2003.7890,      NaN,      NaN,      -0.03,     0.22,      -0.03,     0.22
2003, 11,   37940, 2003.8740,    -0.02,     0.23,      -0.02,     0.22,      -0.02,     0.23
2003, 12,   37970, 2003.9562,     0.01,     0.17,       0.07,     0.24,       0.01,     0.17
2004, 01,   38001, 2004.0410,     0.14,     0.20,       0.20,     0.25,       0.14,     0.20
2004, 02,   38032, 2004.1257,     0.31,     0.31,       0.28,     0.27,       0.31,     0.31
2004, 03,   38061, 2004.2049,     0.74,     0.73,       0.31,     0.29,       0.74,     0.73
2004, 04,   38092, 2004.2896,     0.33,     0.23,       0.41,     0.31,       0.33,     0.23
2004, 05,   38122, 2004.3716,     0.48,     0.28,       0.52,     0.32,       0.48,     0.28
2004, 06,   38153, 2004.4563,     0.60,     0.38,       0.55,     0.33,       0.60,     0.38
2004, 07,   38183, 2004.5383,     0.66,     0.48,       0.52,     0.34,       0.66,     0.48
2004, 08,   38214, 2004.6230,     0.28,     0.18,       0.44,     0.34,       0.28,     0.18
2004, 09,   38245, 2004.7077,      NaN,      NaN,       0.24,     0.34,       0.24,     0.34
2004, 10,   38275, 2004.7896,      NaN,      NaN,       0.09,     0.33,       0.09,     0.33
2004, 11,   38306, 2004.8743,      NaN,      NaN,       0.08,     0.33,       0.08,     0.33
2004, 12,   38336, 2004.9563,      NaN,      NaN,       0.15,     0.31,       0.15,     0.31
2005, 01,   38367, 2005.0411,     0.39,     0.45,       0.25,     0.30,       0.39,     0.45
2005, 02,   38398, 2005.1260,     0.27,     0.27,       0.29,     0.28,       0.27,     0.27
2005, 03,   38426, 2005.2027,     0.27,     0.26,       0.28,     0.27,       0.27,     0.26
2005, 04,   38457, 2005.2877,     0.28,     0.19,       0.35,     0.26,       0.28,     0.19
2005, 05,   38487, 2005.3699,     0.46,     0.26,       0.45,     0.25,       0.46,     0.26
2005, 06,   38518, 2005.4548,     0.49,     0.28,       0.45,     0.24,       0.49,     0.28
2005, 07,   38548, 2005.5370,     0.39,     0.21,       0.42,     0.24,       0.39,     0.21
2005, 08,   38579, 2005.6219,     0.13,     0.04,       0.33,     0.24,       0.13,     0.04
2005, 09,   38610, 2005.7068,      NaN,      NaN,       0.14,     0.24,       0.14,     0.24
2005, 10,   38640, 2005.7890,     0.00,     0.25,       0.00,     0.25,       0.00,     0.25
2005, 11,   38671, 2005.8740,     0.07,     0.32,       0.01,     0.25,       0.07,     0.32
2005, 12,   38701, 2005.9562,      NaN,      NaN,       0.10,     0.26,       0.10,     0.26
2006, 01,   38732, 2006.0411,      NaN,      NaN,       0.21,     0.27,       0.21,     0.27
2006, 02,   38763, 2006.1260,      NaN,      NaN,       0.27,     0.27,       0.27,     0.27
2006, 03,   38791, 2006.2027,      NaN,      NaN,       0.29,     0.27,       0.29,     0.27
2006, 04,   38822, 2006.2877,      NaN,      NaN,       0.37,     0.27,       0.37,     0.27
2006, 05,   38852, 2006.3699,     0.57,     0.37,       0.47,     0.27,       0.57,     0.37
2006, 06,   38883, 2006.4548,     0.43,     0.21,       0.48,     0.27,       0.43,     0.21
2006, 07,   38913, 2006.5370,     0.38,     0.19,       0.45,     0.26,       0.38,     0.19
2006, 08,   38944, 2006.6219,     0.46,     0.36,       0.35,     0.26,       0.46,     0.36
2006, 09,   38975, 2006.7068,      NaN,      NaN,       0.15,     0.25,       0.15,     0.25
2006, 10,   39005, 2006.7890,    -0.06,     0.19,      -0.01,     0.24,      -0.06,     0.19
2006, 11,   39036, 2006.8740,      NaN,      NaN,      -0.02,     0.22,      -0.02,     0.22
2006, 12,   39066, 2006.9562,     0.10,     0.26,       0.05,     0.21,       0.10,     0.26
2007, 01,   39097, 2007.0411,     0.07,     0.13,       0.14,     0.19,       0.07,     0.13
2007, 02,   39128, 2007.1260,     0.29,     0.29,       0.17,     0.17,       0.29,     0.29
2007, 03,   39156, 2007.2027,     0.21,     0.20,       0.16,     0.15,       0.21,     0.20
2007, 04,   39187, 2007.2877,     0.18,     0.08,       0.22,     0.13,       0.18,     0.08
2007, 05,   39217, 2007.3699,     0.16,    -0.04,       0.31,     0.11,       0.16,    -0.04
2007, 06,   39248, 2007.4548,      NaN,      NaN,       0.31,     0.09,       0.31,     0.09
2007, 07,   39278, 2007.5370,      NaN,      NaN,       0.26,     0.08,       0.26,     0.08
2007, 08,   39309, 2007.6219,      NaN,      NaN,       0.16,     0.07,       0.16,     0.07
2007, 09,   39340, 2007.7068,      NaN,      NaN,      -0.04,     0.06,      -0.04,     0.06
2007, 10,   39370, 2007.7890,      NaN,      NaN,      -0.19,     0.05,      -0.19,     0.05
2007, 11,   39401, 2007.8740,      NaN,      NaN,      -0.20,     0.05,      -0.20,     0.05
2007, 12,   39431, 2007.9562,      NaN,      NaN,      -0.12,     0.05,      -0.12,     0.05
2008, 01,   39462, 2008.0410,      NaN,      NaN,      -0.01,     0.04,      -0.01,     0.04
2008, 02,   39493, 2008.1257,      NaN,      NaN,       0.04,     0.04,       0.04,     0.04
2008, 03,   39522, 2008.2049,      NaN,      NaN,       0.05,     0.04,       0.05,     0.04
2008, 04,   39553, 2008.2896,     0.17,     0.07,       0.13,     0.04,       0.17,     0.07
2008, 05,   39583, 2008.3716,      NaN,      NaN,       0.23,     0.03,       0.23,     0.03
2008, 06,   39614, 2008.4563,     0.25,     0.03,       0.24,     0.02,       0.25,     0.03
2008, 07,   39644, 2008.5383,     0.14,    -0.04,       0.20,     0.02,       0.14,    -0.04
2008, 08,   39675, 2008.6230,      NaN,      NaN,       0.11,     0.01,       0.11,     0.01
2008, 09,   39706, 2008.7077,      NaN,      NaN,      -0.09,     0.01,      -0.09,     0.01
2008, 10,   39736, 2008.7896,    -0.30,    -0.05,      -0.24,     0.00,      -0.30,    -0.05
2008, 11,   39767, 2008.8743,    -0.13,     0.12,      -0.25,    -0.00,      -0.13,     0.12
2008, 12,   39797, 2008.9563,    -0.25,    -0.09,      -0.17,    -0.01,      -0.25,    -0.09
2009, 01,   39828, 2009.0411,     0.07,     0.12,      -0.07,    -0.02,       0.07,     0.12
2009, 02,   39859, 2009.1260,    -0.06,    -0.06,      -0.02,    -0.02,      -0.06,    -0.06
2009, 03,   39887, 2009.2027,    -0.03,    -0.04,      -0.02,    -0.03,      -0.03,    -0.04
2009, 04,   39918, 2009.2877,      NaN,      NaN,       0.06,    -0.04,       0.06,    -0.04
2009, 05,   39948, 2009.3699,      NaN,      NaN,       0.15,    -0.05,       0.15,    -0.05
2009, 06,   39979, 2009.4548,      NaN,      NaN,       0.16,    -0.05,       0.16,    -0.05
2009, 07,   40009, 2009.5370,      NaN,      NaN,       0.12,    -0.06,       0.12,    -0.06
2009, 08,   40040, 2009.6219,      NaN,      NaN,       0.03,    -0.07,       0.03,    -0.07
2009, 09,   40071, 2009.7068,      NaN,      NaN,      -0.17,    -0.08,      -0.17,    -0.08
2009, 10,   40101, 2009.7890,      NaN,      NaN,      -0.33,    -0.08,      -0.33,    -0.08
2009, 11,   40132, 2009.8740,      NaN,      NaN,      -0.34,    -0.09,      -0.34,    -0.09
2009, 12,   40162, 2009.9562,      NaN,      NaN,      -0.26,    -0.10,      -0.26,    -0.10
