"-------------------------------------------------------------------------------------------"
" Monthly average CO2 concentrations (ppm) derived from flask air samples                   "
" Baja Calif. Sur                                                                           "
"                                                                                           "
" Source: R. F. Keeling and S. J. Walker                                                    "
" Scripps CO2 Program ( http://scrippsco2.ucsd.edu )                                        "
" Scripps Institution of Oceanography (SIO)                                                 "
" University of California                                                                  "
" La Jolla, California USA 92093-0244                                                       "
"                                                                                           "
" Status of data and correspondence:                                                        "
"                                                                                           "
" These data are subject to revision based on recalibration of standard gases. Questions    "
" about the data should be directed to Dr. Ralph Keeling (rkeeling AT ucsd.edu) and         "
" Dr. Stephen Walker (sjwalker AT ucsd.edu), Scripps CO2 Program.                           "
"                                                                                           "
" Flask data from archive dated 19-Apr-2024 10:43:25                                        "
"                                                                                           "
"-------------------------------------------------------------------------------------------"
"                                                                                           "
" Please cite as:                                                                           "
"                                                                                           "
" C. D. Keeling, S. C. Piper, R. B. Bacastow, M. Wahlen, T. P. Whorf, M. Heimann, and       "
" H. A. Meijer, Exchanges of atmospheric CO2 and 13CO2 with the terrestrial biosphere and   "
" oceans from 1978 to 2000.  I. Global aspects, SIO Reference Series, No. 01-06, Scripps    "
" Institution of Oceanography, San Diego, 88 pages, 2001.                                   "
"                                                                                           "
" If it is necessary to cite a peer-reviewed article, please cite as:                       "
"                                                                                           "
" C. D. Keeling, S. C. Piper, R. B. Bacastow, M. Wahlen, T. P. Whorf, M. Heimann, and       "
" H. A. Meijer, Atmospheric CO2 and 13CO2 exchange with the terrestrial biosphere and       "
" oceans from 1978 to 2000: observations and carbon cycle implications, pages 83-113,       "
" in "A History of Atmospheric CO2 and its effects on Plants, Animals, and Ecosystems",     "
" editors, Ehleringer, J.R., T. E. Cerling, M. D. Dearing, Springer Verlag,                 "
" New York, 2005.                                                                           "
"                                                                                           "
"-------------------------------------------------------------------------------------------"
"                                                                                           "
" The data file below contains 10 columns.  Columns 1-4 give the dates in several redundant "
" formats. Column 5 below gives monthly CO2 concentrations in micro-mol CO2 per mole (ppm)  "
" reported on the 2012 SIO manometric mole fraction scale.  This is the standard           "
" version of the data most often sought.  The monthly values have been adjusted             "
" to 24:00 hours on the 15th of each month.  Column 6 gives the same data after a seasonal  "
" adjustment to remove the quasi-regular seasonal cycle.  The adjustment involves           "
" subtracting from the data a 4-harmonic fit with a linear gain factor.  Column 7 is a      "
" smoothed version of the data generated from a stiff cubic spline function plus 4-harmonic "
" functions with linear gain.  Column 8 is the same smoothed version with the seasonal      "
" cycle removed.  Column 9 is identical to Column 5 except that the missing values from     "
" Column 5 have been filled with values from Column 7.  Column 10 is identical to Column 6  "
" except missing values have been filled with values from Column 8.  Missing values are     "
" denoted by -99.99                                                                         "
"                                                                                           "
" CO2 concentrations are reported on the Scripps '12' Calibration scale                     "
"                                                                                           "
  Yr, Mn,    Date,      Date,     CO2,seasonally,        fit,  seasonally,      CO2, seasonally
    ,   ,        ,          ,        ,  adjusted,           ,adjusted fit,   filled,adjusted filled
    ,   ,   Excel,          ,     ppm,      ppm,        ppm,      ppm,       ppm,      ppm
1997, 01,   35445, 1997.0411,   365.68,   365.19,     365.31,   364.83,     365.68,   365.19
1997, 02,   35476, 1997.1260,   365.96,   364.57,     366.34,   364.95,     365.96,   364.57
1997, 03,   35504, 1997.2027,   366.61,   364.50,     367.15,   365.05,     366.61,   364.50
1997, 04,   35535, 1997.2877,   368.68,   365.77,     368.08,   365.16,     368.68,   365.77
1997, 05,   35565, 1997.3699,   369.81,   366.43,     368.65,   365.27,     369.81,   366.43
1997, 06,   35596, 1997.4548,   366.80,   365.11,     367.07,   365.39,     366.80,   365.11
1997, 07,   35626, 1997.5370,      NaN,      NaN,     364.26,   365.50,     364.26,   365.50
1997, 08,   35657, 1997.6219,   362.51,   365.53,     362.60,   365.62,     362.51,   365.53
1997, 09,   35688, 1997.7068,   363.08,   366.51,     362.32,   365.74,     363.08,   366.51
1997, 10,   35718, 1997.7890,   363.00,   365.80,     363.08,   365.88,     363.00,   365.80
1997, 11,   35749, 1997.8740,   363.93,   365.15,     364.80,   366.02,     363.93,   365.15
1997, 12,   35779, 1997.9562,   366.38,   366.52,     366.04,   366.18,     366.38,   366.52
1998, 01,   35810, 1998.0411,   366.13,   365.64,     366.85,   366.37,     366.13,   365.64
1998, 02,   35841, 1998.1260,   367.81,   366.40,     367.98,   366.57,     367.81,   366.40
1998, 03,   35869, 1998.2027,   368.17,   366.05,     368.89,   366.77,     368.17,   366.05
1998, 04,   35900, 1998.2877,   369.70,   366.76,     369.94,   367.01,     369.70,   366.76
1998, 05,   35930, 1998.3699,   370.46,   367.05,     370.65,   367.25,     370.46,   367.05
1998, 06,   35961, 1998.4548,   368.93,   367.23,     369.21,   367.51,     368.93,   367.23
1998, 07,   35991, 1998.5370,   367.29,   368.53,     366.51,   367.76,     367.29,   368.53
1998, 08,   36022, 1998.6219,   365.13,   368.17,     364.97,   368.01,     365.13,   368.17
1998, 09,   36053, 1998.7068,      NaN,      NaN,     364.81,   368.26,     364.81,   368.26
1998, 10,   36083, 1998.7890,   365.73,   368.55,     365.67,   368.49,     365.73,   368.55
1998, 11,   36114, 1998.8740,   367.95,   369.18,     367.48,   368.71,     367.95,   369.18
1998, 12,   36144, 1998.9562,   368.95,   369.09,     368.76,   368.91,     368.95,   369.09
1999, 01,   36175, 1999.0411,   370.18,   369.69,     369.58,   369.09,     370.18,   369.69
1999, 02,   36206, 1999.1260,   371.89,   370.47,     370.68,   369.26,     371.89,   370.47
1999, 03,   36234, 1999.2027,   372.15,   370.01,     371.53,   369.39,     372.15,   370.01
1999, 04,   36265, 1999.2877,   373.98,   371.02,     372.47,   369.51,     373.98,   371.02
1999, 05,   36295, 1999.3699,   372.96,   369.52,     373.05,   369.62,     372.96,   369.52
1999, 06,   36326, 1999.4548,   370.56,   368.84,     371.43,   369.72,     370.56,   368.84
1999, 07,   36356, 1999.5370,   367.21,   368.46,     368.56,   369.81,     367.21,   368.46
1999, 08,   36387, 1999.6219,   369.10,   372.16,     366.85,   369.92,     369.10,   372.16
1999, 09,   36418, 1999.7068,   365.78,   369.26,     366.54,   370.03,     365.78,   369.26
1999, 10,   36448, 1999.7890,   366.52,   369.36,     367.30,   370.14,     366.52,   369.36
1999, 11,   36479, 1999.8740,   368.34,   369.58,     369.02,   370.26,     368.34,   369.58
1999, 12,   36509, 1999.9562,   370.72,   370.86,     370.25,   370.39,     370.72,   370.86
2000, 01,   36540, 2000.0410,   370.53,   370.04,     371.02,   370.53,     370.53,   370.04
2000, 02,   36571, 2000.1257,   372.25,   370.82,     372.10,   370.68,     372.25,   370.82
2000, 03,   36600, 2000.2049,   373.84,   371.67,     372.99,   370.82,     373.84,   371.67
2000, 04,   36631, 2000.2896,   374.15,   371.14,     373.98,   370.97,     374.15,   371.14
2000, 05,   36661, 2000.3716,   374.41,   370.96,     374.58,   371.13,     374.41,   370.96
2000, 06,   36692, 2000.4563,   372.78,   371.10,     372.96,   371.29,     372.78,   371.10
2000, 07,   36722, 2000.5383,   369.17,   370.48,     370.14,   371.44,     369.17,   370.48
2000, 08,   36753, 2000.6230,   369.51,   372.61,     368.50,   371.61,     369.51,   372.61
2000, 09,   36784, 2000.7077,   368.33,   371.83,     368.26,   371.77,     368.33,   371.83
2000, 10,   36814, 2000.7896,   368.32,   371.17,     369.06,   371.92,     368.32,   371.17
2000, 11,   36845, 2000.8743,   371.21,   372.46,     370.82,   372.07,     371.21,   372.46
2000, 12,   36875, 2000.9563,   372.40,   372.55,     372.06,   372.21,     372.40,   372.55
2001, 01,   36906, 2001.0411,   373.23,   372.74,     372.84,   372.34,     373.23,   372.74
2001, 02,   36937, 2001.1260,   374.84,   373.40,     373.91,   372.46,     374.84,   373.40
2001, 03,   36965, 2001.2027,   375.04,   372.86,     374.74,   372.57,     375.04,   372.86
2001, 04,   36996, 2001.2877,   374.93,   371.92,     375.68,   372.67,     374.93,   371.92
2001, 05,   37026, 2001.3699,   376.70,   373.22,     376.26,   372.77,     376.70,   373.22
2001, 06,   37057, 2001.4548,   374.93,   373.19,     374.61,   372.87,     374.93,   373.19
2001, 07,   37087, 2001.5370,   373.07,   374.34,     371.69,   372.96,     373.07,   374.34
2001, 08,   37118, 2001.6219,   368.16,   371.28,     369.95,   373.06,     368.16,   371.28
2001, 09,   37149, 2001.7068,   368.77,   372.30,     369.62,   373.16,     368.77,   372.30
2001, 10,   37179, 2001.7890,   372.65,   375.54,     370.38,   373.27,     372.65,   375.54
2001, 11,   37210, 2001.8740,   371.70,   372.96,     372.11,   373.38,     371.70,   372.96
2001, 12,   37240, 2001.9562,   373.09,   373.23,     373.34,   373.49,     373.09,   373.23
2002, 01,   37271, 2002.0411,   373.88,   373.38,     374.12,   373.62,     373.88,   373.38
2002, 02,   37302, 2002.1260,      NaN,      NaN,     375.22,   373.76,     375.22,   373.76
2002, 03,   37330, 2002.2027,   376.38,   374.18,     376.09,   373.90,     376.38,   374.18
2002, 04,   37361, 2002.2877,   375.88,   372.85,     377.10,   374.07,     375.88,   372.85
2002, 05,   37391, 2002.3699,   377.54,   374.03,     377.76,   374.25,     377.54,   374.03
2002, 06,   37422, 2002.4548,   376.12,   374.36,     376.20,   374.45,     376.12,   374.36
2002, 07,   37452, 2002.5370,   372.57,   373.85,     373.38,   374.66,     372.57,   373.85
2002, 08,   37483, 2002.6219,   370.35,   373.49,     371.76,   374.90,     370.35,   373.49
2002, 09,   37514, 2002.7068,   372.08,   375.64,     371.59,   375.15,     372.08,   375.64
2002, 10,   37544, 2002.7890,   372.31,   375.22,     372.50,   375.41,     372.31,   375.22
2002, 11,   37575, 2002.8740,   374.30,   375.58,     374.41,   375.68,     374.30,   375.58
2002, 12,   37605, 2002.9562,   376.50,   376.65,     375.80,   375.95,     376.50,   376.65
2003, 01,   37636, 2003.0411,   376.21,   375.70,     376.74,   376.23,     376.21,   375.70
2003, 02,   37667, 2003.1260,   377.60,   376.13,     377.98,   376.51,     377.60,   376.13
2003, 03,   37695, 2003.2027,      NaN,      NaN,     378.97,   376.76,     378.97,   376.76
2003, 04,   37726, 2003.2877,   380.40,   377.35,     380.09,   377.04,     380.40,   377.35
2003, 05,   37756, 2003.3699,   381.81,   378.27,     380.83,   377.29,     381.81,   378.27
2003, 06,   37787, 2003.4548,   378.89,   377.12,     379.30,   377.53,     378.89,   377.12
2003, 07,   37817, 2003.5370,      NaN,      NaN,     376.46,   377.76,     376.46,   377.76
2003, 08,   37848, 2003.6219,   376.23,   379.39,     374.80,   377.97,     376.23,   379.39
2003, 09,   37879, 2003.7068,      NaN,      NaN,     374.57,   378.16,     374.57,   378.16
2003, 10,   37909, 2003.7890,      NaN,      NaN,     375.41,   378.34,     375.41,   378.34
2003, 11,   37940, 2003.8740,   377.79,   379.07,     377.21,   378.50,     377.79,   379.07
2003, 12,   37970, 2003.9562,   378.49,   378.64,     378.49,   378.64,     378.49,   378.64
2004, 01,   38001, 2004.0410,   379.90,   379.39,     379.28,   378.77,     379.90,   379.39
2004, 02,   38032, 2004.1257,   379.67,   378.19,     380.37,   378.90,     379.67,   378.19
2004, 03,   38061, 2004.2049,   380.51,   378.26,     381.25,   379.01,     380.51,   378.26
2004, 04,   38092, 2004.2896,   382.27,   379.17,     382.23,   379.13,     382.27,   379.17
2004, 05,   38122, 2004.3716,   382.24,   378.68,     382.81,   379.25,     382.24,   378.68
2004, 06,   38153, 2004.4563,   382.03,   380.30,     381.10,   379.37,     382.03,   380.30
2004, 07,   38183, 2004.5383,   377.28,   378.62,     378.15,   379.49,     377.28,   378.62
2004, 08,   38214, 2004.6230,   377.64,   380.84,     376.42,   379.62,     377.64,   380.84
2004, 09,   38245, 2004.7077,      NaN,      NaN,     376.14,   379.76,     376.14,   379.76
2004, 10,   38275, 2004.7896,      NaN,      NaN,     376.96,   379.90,     376.96,   379.90
2004, 11,   38306, 2004.8743,      NaN,      NaN,     378.76,   380.05,     378.76,   380.05
2004, 12,   38336, 2004.9563,      NaN,      NaN,     380.05,   380.20,     380.05,   380.20
2005, 01,   38367, 2005.0411,   379.78,   379.27,     380.88,   380.37,     379.78,   379.27
2005, 02,   38398, 2005.1260,   381.14,   379.66,     382.04,   380.55,     381.14,   379.66
2005, 03,   38426, 2005.2027,   383.01,   380.77,     382.96,   380.72,     383.01,   380.77
2005, 04,   38457, 2005.2877,   383.99,   380.89,     384.02,   380.92,     383.99,   380.89
2005, 05,   38487, 2005.3699,   384.78,   381.18,     384.72,   381.12,     384.78,   381.18
2005, 06,   38518, 2005.4548,   383.81,   382.01,     383.13,   381.33,     383.81,   382.01
2005, 07,   38548, 2005.5370,   379.66,   380.98,     380.22,   381.53,     379.66,   380.98
2005, 08,   38579, 2005.6219,   379.49,   382.70,     378.53,   381.74,     379.49,   382.70
2005, 09,   38610, 2005.7068,      NaN,      NaN,     378.30,   381.95,     378.30,   381.95
2005, 10,   38640, 2005.7890,   380.09,   383.06,     379.18,   382.15,     380.09,   383.06
2005, 11,   38671, 2005.8740,   380.50,   381.81,     381.05,   382.36,     380.50,   381.81
2005, 12,   38701, 2005.9562,      NaN,      NaN,     382.40,   382.56,     382.40,   382.56
2006, 01,   38732, 2006.0411,      NaN,      NaN,     383.28,   382.76,     383.28,   382.76
2006, 02,   38763, 2006.1260,      NaN,      NaN,     384.46,   382.96,     384.46,   382.96
2006, 03,   38791, 2006.2027,   385.32,   383.06,     385.40,   383.15,     385.32,   383.06
2006, 04,   38822, 2006.2877,      NaN,      NaN,     386.47,   383.35,     386.47,   383.35
2006, 05,   38852, 2006.3699,      NaN,      NaN,     387.16,   383.54,     387.16,   383.54
2006, 06,   38883, 2006.4548,   386.13,   384.32,     385.54,   383.73,     386.13,   384.32
2006, 07,   38913, 2006.5370,   384.83,   386.15,     382.60,   383.92,     384.83,   386.15
2006, 08,   38944, 2006.6219,   380.09,   383.33,     380.87,   384.11,     380.09,   383.33
2006, 09,   38975, 2006.7068,   379.36,   383.03,     380.63,   384.30,     379.36,   383.03
2006, 10,   39005, 2006.7890,   380.90,   383.90,     381.50,   384.49,     380.90,   383.90
2006, 11,   39036, 2006.8740,      NaN,      NaN,     383.38,   384.69,     383.38,   384.69
2006, 12,   39066, 2006.9562,   384.42,   384.58,     384.73,   384.88,     384.42,   384.58
2007, 01,   39097, 2007.0411,   387.43,   386.91,     385.60,   385.08,     387.43,   386.91
2007, 02,   39128, 2007.1260,      NaN,      NaN,     386.79,   385.28,     386.79,   385.28
2007, 03,   39156, 2007.2027,   387.50,   385.23,     387.74,   385.46,     387.50,   385.23
2007, 04,   39187, 2007.2877,   388.40,   385.25,     388.81,   385.66,     388.40,   385.25
2007, 05,   39217, 2007.3699,   389.70,   386.05,     389.50,   385.85,     389.70,   386.05
2007, 06,   39248, 2007.4548,      NaN,      NaN,     387.87,   386.04,     387.87,   386.04
2007, 07,   39278, 2007.5370,      NaN,      NaN,     384.90,   386.23,     384.90,   386.23
2007, 08,   39309, 2007.6219,      NaN,      NaN,     383.16,   386.42,     383.16,   386.42
2007, 09,   39340, 2007.7068,      NaN,      NaN,     382.91,   386.61,     382.91,   386.61
2007, 10,   39370, 2007.7890,      NaN,      NaN,     383.77,   386.79,     383.77,   386.79
2007, 11,   39401, 2007.8740,      NaN,      NaN,     385.65,   386.97,     385.65,   386.97
2007, 12,   39431, 2007.9562,      NaN,      NaN,     386.99,   387.14,     386.99,   387.14
2008, 01,   39462, 2008.0410,      NaN,      NaN,     387.83,   387.31,     387.83,   387.31
2008, 02,   39493, 2008.1257,      NaN,      NaN,     388.99,   387.47,     388.99,   387.47
2008, 03,   39522, 2008.2049,      NaN,      NaN,     389.93,   387.61,     389.93,   387.61
2008, 04,   39553, 2008.2896,   391.26,   388.06,     390.96,   387.76,     391.26,   388.06
2008, 05,   39583, 2008.3716,      NaN,      NaN,     391.56,   387.89,     391.56,   387.89
2008, 06,   39614, 2008.4563,   390.01,   388.23,     389.81,   388.02,     390.01,   388.23
2008, 07,   39644, 2008.5383,      NaN,      NaN,     386.75,   388.14,     386.75,   388.14
2008, 08,   39675, 2008.6230,      NaN,      NaN,     384.95,   388.25,     384.95,   388.25
2008, 09,   39706, 2008.7077,      NaN,      NaN,     384.63,   388.36,     384.63,   388.36
2008, 10,   39736, 2008.7896,      NaN,      NaN,     385.42,   388.45,     385.42,   388.45
2008, 11,   39767, 2008.8743,   388.04,   389.37,     387.22,   388.54,     388.04,   389.37
2008, 12,   39797, 2008.9563,   388.04,   388.19,     388.47,   388.63,     388.04,   388.19
2009, 01,   39828, 2009.0411,   387.43,   386.90,     389.24,   388.71,     387.43,   386.90
2009, 02,   39859, 2009.1260,   390.63,   389.10,     390.33,   388.79,     390.63,   389.10
2009, 03,   39887, 2009.2027,   390.86,   388.55,     391.18,   388.87,     390.86,   388.55
2009, 04,   39918, 2009.2877,      NaN,      NaN,     392.15,   388.95,     392.15,   388.95
2009, 05,   39948, 2009.3699,      NaN,      NaN,     392.74,   389.03,     392.74,   389.03
2009, 06,   39979, 2009.4548,      NaN,      NaN,     390.97,   389.11,     390.97,   389.11
2009, 07,   40009, 2009.5370,      NaN,      NaN,     387.84,   389.19,     387.84,   389.19
2009, 08,   40040, 2009.6219,      NaN,      NaN,     385.97,   389.28,     385.97,   389.28
2009, 09,   40071, 2009.7068,      NaN,      NaN,     385.60,   389.36,     385.60,   389.36
2009, 10,   40101, 2009.7890,      NaN,      NaN,     386.38,   389.44,     386.38,   389.44
2009, 11,   40132, 2009.8740,      NaN,      NaN,     388.18,   389.52,     388.18,   389.52
2009, 12,   40162, 2009.9562,      NaN,      NaN,     389.45,   389.60,     389.45,   389.60
