"-------------------------------------------------------------------------------------------"
" Monthly average CO2 concentrations (ppm) derived from flask air samples                   "
" Samoa                                                                                     "
"                                                                                           "
" Source: R. F. Keeling and S. J. Walker                                                    "
" Scripps CO2 Program ( http://scrippsco2.ucsd.edu )                                        "
" Scripps Institution of Oceanography (SIO)                                                 "
" University of California                                                                  "
" La Jolla, California USA 92093-0244                                                       "
"                                                                                           "
" Status of data and correspondence:                                                        "
"                                                                                           "
" These data are subject to revision based on recalibration of standard gases. Questions    "
" about the data should be directed to Dr. Ralph Keeling (rkeeling AT ucsd.edu) and         "
" Dr. Stephen Walker (sjwalker AT ucsd.edu), Scripps CO2 Program.                           "
"                                                                                           "
" Flask data from archive dated 19-Apr-2024 10:43:25                                        "
"                                                                                           "
"-------------------------------------------------------------------------------------------"
"                                                                                           "
" Please cite as:                                                                           "
"                                                                                           "
" C. D. Keeling, S. C. Piper, R. B. Bacastow, M. Wahlen, T. P. Whorf, M. Heimann, and       "
" H. A. Meijer, Exchanges of atmospheric CO2 and 13CO2 with the terrestrial biosphere and   "
" oceans from 1978 to 2000.  I. Global aspects, SIO Reference Series, No. 01-06, Scripps    "
" Institution of Oceanography, San Diego, 88 pages, 2001.                                   "
"                                                                                           "
" If it is necessary to cite a peer-reviewed article, please cite as:                       "
"                                                                                           "
" C. D. Keeling, S. C. Piper, R. B. Bacastow, M. Wahlen, T. P. Whorf, M. Heimann, and       "
" H. A. Meijer, Atmospheric CO2 and 13CO2 exchange with the terrestrial biosphere and       "
" oceans from 1978 to 2000: observations and carbon cycle implications, pages 83-113,       "
" in "A History of Atmospheric CO2 and its effects on Plants, Animals, and Ecosystems",     "
" editors, Ehleringer, J.R., T. E. Cerling, M. D. Dearing, Springer Verlag,                 "
" New York, 2005.                                                                           "
"                                                                                           "
"-------------------------------------------------------------------------------------------"
"                                                                                           "
" The data file below contains 10 columns.  Columns 1-4 give the dates in several redundant "
" formats. Column 5 below gives monthly CO2 concentrations in micro-mol CO2 per mole (ppm)  "
" reported on the 2012 SIO manometric mole fraction scale.  This is the standard           "
" version of the data most often sought.  The monthly values have been adjusted             "
" to 24:00 hours on the 15th of each month.  Column 6 gives the same data after a seasonal  "
" adjustment to remove the quasi-regular seasonal cycle.  The adjustment involves           "
" subtracting from the data a 4-harmonic fit with a linear gain factor.  Column 7 is a      "
" smoothed version of the data generated from a stiff cubic spline function plus 4-harmonic "
" functions with linear gain.  Column 8 is the same smoothed version with the seasonal      "
" cycle removed.  Column 9 is identical to Column 5 except that the missing values from     "
" Column 5 have been filled with values from Column 7.  Column 10 is identical to Column 6  "
" except missing values have been filled with values from Column 8.  Missing values are     "
" denoted by -99.99                                                                         "
"                                                                                           "
" CO2 concentrations are reported on the Scripps '12' Calibration scale                     "
"                                                                                           "
  Yr, Mn,    Date,      Date,     CO2,seasonally,        fit,  seasonally,      CO2, seasonally
    ,   ,        ,          ,        ,  adjusted,           ,adjusted fit,   filled,adjusted filled
    ,   ,   Excel,          ,     ppm,      ppm,        ppm,      ppm,       ppm,      ppm
1981, 01,   29601, 1981.0411,      NaN,      NaN,     338.46,   338.23,     338.46,   338.23
1981, 02,   29632, 1981.1260,      NaN,      NaN,     338.65,   338.38,     338.65,   338.38
1981, 03,   29660, 1981.2027,      NaN,      NaN,     338.73,   338.51,     338.73,   338.51
1981, 04,   29691, 1981.2877,      NaN,      NaN,     338.68,   338.66,     338.68,   338.66
1981, 05,   29721, 1981.3699,      NaN,      NaN,     338.64,   338.80,     338.64,   338.80
1981, 06,   29752, 1981.4548,      NaN,      NaN,     338.81,   338.95,     338.81,   338.95
1981, 07,   29782, 1981.5370,      NaN,      NaN,     339.04,   339.09,     339.04,   339.09
1981, 08,   29813, 1981.6219,      NaN,      NaN,     339.14,   339.24,     339.14,   339.24
1981, 09,   29844, 1981.7068,   339.03,   339.23,     339.19,   339.38,     339.03,   339.23
1981, 10,   29874, 1981.7890,   339.04,   339.23,     339.33,   339.53,     339.04,   339.23
1981, 11,   29905, 1981.8740,   339.70,   339.75,     339.62,   339.67,     339.70,   339.75
1981, 12,   29935, 1981.9562,   339.91,   339.79,     339.93,   339.81,     339.91,   339.79
1982, 01,   29966, 1982.0411,   340.76,   340.51,     340.20,   339.95,     340.76,   340.51
1982, 02,   29997, 1982.1260,   340.97,   340.68,     340.38,   340.09,     340.97,   340.68
1982, 03,   30025, 1982.2027,   340.25,   340.02,     340.43,   340.20,     340.25,   340.02
1982, 04,   30056, 1982.2877,   340.86,   340.84,     340.35,   340.33,     340.86,   340.84
1982, 05,   30086, 1982.3699,   339.91,   340.07,     340.28,   340.44,     339.91,   340.07
1982, 06,   30117, 1982.4548,   340.22,   340.36,     340.41,   340.55,     340.22,   340.36
1982, 07,   30147, 1982.5370,   341.14,   341.19,     340.61,   340.66,     341.14,   341.19
1982, 08,   30178, 1982.6219,   341.35,   341.45,     340.67,   340.76,     341.35,   341.45
1982, 09,   30209, 1982.7068,   340.51,   340.71,     340.66,   340.87,     340.51,   340.71
1982, 10,   30239, 1982.7890,   340.12,   340.32,     340.77,   340.97,     340.12,   340.32
1982, 11,   30270, 1982.8740,   340.57,   340.63,     341.03,   341.08,     340.57,   340.63
1982, 12,   30300, 1982.9562,   340.93,   340.80,     341.33,   341.20,     340.93,   340.80
1983, 01,   30331, 1983.0411,   340.62,   340.36,     341.60,   341.34,     340.62,   340.36
1983, 02,   30362, 1983.1260,   341.03,   340.73,     341.79,   341.49,     341.03,   340.73
1983, 03,   30390, 1983.2027,   342.31,   342.07,     341.87,   341.62,     342.31,   342.07
1983, 04,   30421, 1983.2877,   341.89,   341.87,     341.80,   341.78,     341.89,   341.87
1983, 05,   30451, 1983.3699,   342.05,   342.22,     341.77,   341.94,     342.05,   342.22
1983, 06,   30482, 1983.4548,   342.41,   342.55,     341.95,   342.10,     342.41,   342.55
1983, 07,   30512, 1983.5370,   342.40,   342.45,     342.20,   342.25,     342.40,   342.45
1983, 08,   30543, 1983.6219,   342.45,   342.55,     342.30,   342.40,     342.45,   342.55
1983, 09,   30574, 1983.7068,   342.12,   342.34,     342.34,   342.55,     342.12,   342.34
1983, 10,   30604, 1983.7890,   342.65,   342.86,     342.48,   342.69,     342.65,   342.86
1983, 11,   30635, 1983.8740,   342.93,   342.99,     342.77,   342.83,     342.93,   342.99
1983, 12,   30665, 1983.9562,   342.54,   342.41,     343.09,   342.96,     342.54,   342.41
1984, 01,   30696, 1984.0410,   343.82,   343.55,     343.36,   343.09,     343.82,   343.55
1984, 02,   30727, 1984.1257,   343.89,   343.57,     343.54,   343.22,     343.89,   343.57
1984, 03,   30756, 1984.2049,   344.06,   343.81,     343.58,   343.34,     344.06,   343.81
1984, 04,   30787, 1984.2896,   343.55,   343.53,     343.47,   343.46,     343.55,   343.53
1984, 05,   30817, 1984.3716,   342.84,   343.02,     343.40,   343.58,     342.84,   343.02
1984, 06,   30848, 1984.4563,   343.08,   343.23,     343.55,   343.70,     343.08,   343.23
1984, 07,   30878, 1984.5383,   343.40,   343.45,     343.78,   343.83,     343.40,   343.45
1984, 08,   30909, 1984.6230,   343.75,   343.86,     343.86,   343.96,     343.75,   343.86
1984, 09,   30940, 1984.7077,   344.44,   344.67,     343.87,   344.10,     344.44,   344.67
1984, 10,   30970, 1984.7896,   344.07,   344.29,     344.02,   344.23,     344.07,   344.29
1984, 11,   31001, 1984.8743,   343.91,   343.98,     344.31,   344.37,     343.91,   343.98
1984, 12,   31031, 1984.9563,   344.66,   344.53,     344.64,   344.51,     344.66,   344.53
1985, 01,   31062, 1985.0411,   344.82,   344.54,     344.93,   344.65,     344.82,   344.54
1985, 02,   31093, 1985.1260,   345.21,   344.87,     345.12,   344.79,     345.21,   344.87
1985, 03,   31121, 1985.2027,   345.27,   345.01,     345.17,   344.91,     345.27,   345.01
1985, 04,   31152, 1985.2877,   345.22,   345.20,     345.07,   345.04,     345.22,   345.20
1985, 05,   31182, 1985.3699,   344.65,   344.83,     344.98,   345.17,     344.65,   344.83
1985, 06,   31213, 1985.4548,   344.78,   344.94,     345.14,   345.30,     344.78,   344.94
1985, 07,   31243, 1985.5370,   345.03,   345.08,     345.37,   345.43,     345.03,   345.08
1985, 08,   31274, 1985.6219,   345.10,   345.21,     345.44,   345.55,     345.10,   345.21
1985, 09,   31305, 1985.7068,   346.61,   346.85,     345.44,   345.67,     346.61,   346.85
1985, 10,   31335, 1985.7890,   345.88,   346.10,     345.55,   345.78,     345.88,   346.10
1985, 11,   31366, 1985.8740,   346.24,   346.30,     345.83,   345.89,     346.24,   346.30
1985, 12,   31396, 1985.9562,      NaN,      NaN,     346.13,   345.99,     346.13,   345.99
1986, 01,   31427, 1986.0411,   346.19,   345.90,     346.37,   346.08,     346.19,   345.90
1986, 02,   31458, 1986.1260,      NaN,      NaN,     346.51,   346.17,     346.51,   346.17
1986, 03,   31486, 1986.2027,   346.71,   346.44,     346.51,   346.24,     346.71,   346.44
1986, 04,   31517, 1986.2877,   346.69,   346.67,     346.34,   346.32,     346.69,   346.67
1986, 05,   31547, 1986.3699,   345.82,   346.01,     346.20,   346.40,     345.82,   346.01
1986, 06,   31578, 1986.4548,   346.14,   346.31,     346.31,   346.47,     346.14,   346.31
1986, 07,   31608, 1986.5370,   346.79,   346.84,     346.49,   346.55,     346.79,   346.84
1986, 08,   31639, 1986.6219,   345.72,   345.83,     346.51,   346.62,     345.72,   345.83
1986, 09,   31670, 1986.7068,      NaN,      NaN,     346.46,   346.70,     346.46,   346.70
1986, 10,   31700, 1986.7890,   347.07,   347.30,     346.55,   346.79,     347.07,   347.30
1986, 11,   31731, 1986.8740,   346.94,   347.01,     346.81,   346.87,     346.94,   347.01
1986, 12,   31761, 1986.9562,   346.79,   346.64,     347.11,   346.97,     346.79,   346.64
1987, 01,   31792, 1987.0411,   346.94,   346.64,     347.38,   347.07,     346.94,   346.64
1987, 02,   31823, 1987.1260,   347.57,   347.21,     347.55,   347.19,     347.57,   347.21
1987, 03,   31851, 1987.2027,   348.56,   348.28,     347.58,   347.30,     348.56,   348.28
1987, 04,   31882, 1987.2877,   346.96,   346.93,     347.46,   347.43,     346.96,   346.93
1987, 05,   31912, 1987.3699,   347.23,   347.43,     347.37,   347.58,     347.23,   347.43
1987, 06,   31943, 1987.4548,   347.24,   347.41,     347.56,   347.73,     347.24,   347.41
1987, 07,   31973, 1987.5370,   347.53,   347.58,     347.84,   347.90,     347.53,   347.58
1987, 08,   32004, 1987.6219,   347.98,   348.10,     347.96,   348.08,     347.98,   348.10
1987, 09,   32035, 1987.7068,   348.17,   348.42,     348.02,   348.27,     348.17,   348.42
1987, 10,   32065, 1987.7890,   348.20,   348.44,     348.21,   348.46,     348.20,   348.44
1987, 11,   32096, 1987.8740,   348.86,   348.93,     348.58,   348.65,     348.86,   348.93
1987, 12,   32126, 1987.9562,   349.22,   349.07,     348.99,   348.84,     349.22,   349.07
1988, 01,   32157, 1988.0410,   349.57,   349.25,     349.35,   349.03,     349.57,   349.25
1988, 02,   32188, 1988.1257,   349.89,   349.52,     349.59,   349.22,     349.89,   349.52
1988, 03,   32217, 1988.2049,   349.45,   349.16,     349.68,   349.39,     349.45,   349.16
1988, 04,   32248, 1988.2896,   349.65,   349.64,     349.59,   349.57,     349.65,   349.64
1988, 05,   32278, 1988.3716,   349.47,   349.68,     349.53,   349.75,     349.47,   349.68
1988, 06,   32309, 1988.4563,   349.61,   349.79,     349.75,   349.92,     349.61,   349.79
1988, 07,   32339, 1988.5383,   349.92,   349.98,     350.03,   350.09,     349.92,   349.98
1988, 08,   32370, 1988.6230,   350.11,   350.23,     350.13,   350.26,     350.11,   350.23
1988, 09,   32401, 1988.7077,   349.97,   350.23,     350.16,   350.42,     349.97,   350.23
1988, 10,   32431, 1988.7896,   350.37,   350.62,     350.32,   350.57,     350.37,   350.62
1988, 11,   32462, 1988.8743,   350.76,   350.83,     350.65,   350.73,     350.76,   350.83
1988, 12,   32492, 1988.9563,   351.22,   351.06,     351.02,   350.86,     351.22,   351.06
1989, 01,   32523, 1989.0411,   351.65,   351.32,     351.32,   350.99,     351.65,   351.32
1989, 02,   32554, 1989.1260,   351.97,   351.58,     351.50,   351.11,     351.97,   351.58
1989, 03,   32582, 1989.2027,   351.00,   350.70,     351.51,   351.21,     351.00,   350.70
1989, 04,   32613, 1989.2877,   351.89,   351.86,     351.33,   351.31,     351.89,   351.86
1989, 05,   32643, 1989.3699,   351.85,   352.07,     351.18,   351.40,     351.85,   352.07
1989, 06,   32674, 1989.4548,   350.96,   351.15,     351.30,   351.48,     350.96,   351.15
1989, 07,   32704, 1989.5370,   351.24,   351.30,     351.50,   351.56,     351.24,   351.30
1989, 08,   32735, 1989.6219,   351.27,   351.40,     351.52,   351.65,     351.27,   351.40
1989, 09,   32766, 1989.7068,   351.31,   351.59,     351.47,   351.74,     351.31,   351.59
1989, 10,   32796, 1989.7890,   351.40,   351.67,     351.57,   351.84,     351.40,   351.67
1989, 11,   32827, 1989.8740,   351.88,   351.96,     351.87,   351.95,     351.88,   351.96
1989, 12,   32857, 1989.9562,   351.85,   351.68,     352.22,   352.06,     351.85,   351.68
1990, 01,   32888, 1990.0411,   352.25,   351.92,     352.52,   352.19,     352.25,   351.92
1990, 02,   32919, 1990.1260,   351.66,   351.26,     352.72,   352.32,     351.66,   351.26
1990, 03,   32947, 1990.2027,   352.84,   352.53,     352.77,   352.45,     352.84,   352.53
1990, 04,   32978, 1990.2877,   353.09,   353.06,     352.62,   352.60,     353.09,   353.06
1990, 05,   33008, 1990.3699,   352.38,   352.61,     352.52,   352.74,     352.38,   352.61
1990, 06,   33039, 1990.4548,   353.11,   353.31,     352.70,   352.89,     353.11,   353.31
1990, 07,   33069, 1990.5370,   352.86,   352.92,     352.96,   353.03,     352.86,   352.92
1990, 08,   33100, 1990.6219,   353.18,   353.31,     353.04,   353.17,     353.18,   353.31
1990, 09,   33131, 1990.7068,   353.23,   353.51,     353.02,   353.31,     353.23,   353.51
1990, 10,   33161, 1990.7890,   352.69,   352.96,     353.16,   353.43,     352.69,   352.96
1990, 11,   33192, 1990.8740,   353.35,   353.43,     353.48,   353.56,     353.35,   353.43
1990, 12,   33222, 1990.9562,   353.74,   353.57,     353.84,   353.67,     353.74,   353.57
1991, 01,   33253, 1991.0411,   354.54,   354.19,     354.13,   353.78,     354.54,   354.19
1991, 02,   33284, 1991.1260,   354.94,   354.52,     354.30,   353.88,     354.94,   354.52
1991, 03,   33312, 1991.2027,   354.67,   354.34,     354.29,   353.96,     354.67,   354.34
1991, 04,   33343, 1991.2877,   353.91,   353.89,     354.07,   354.05,     353.91,   353.89
1991, 05,   33373, 1991.3699,   353.89,   354.12,     353.89,   354.12,     353.89,   354.12
1991, 06,   33404, 1991.4548,   354.10,   354.30,     353.99,   354.19,     354.10,   354.30
1991, 07,   33434, 1991.5370,   354.29,   354.35,     354.18,   354.25,     354.29,   354.35
1991, 08,   33465, 1991.6219,   354.11,   354.25,     354.17,   354.31,     354.11,   354.25
1991, 09,   33496, 1991.7068,   353.83,   354.13,     354.08,   354.37,     353.83,   354.13
1991, 10,   33526, 1991.7890,   353.80,   354.08,     354.15,   354.43,     353.80,   354.08
1991, 11,   33557, 1991.8740,   354.66,   354.73,     354.42,   354.50,     354.66,   354.73
1991, 12,   33587, 1991.9562,   354.96,   354.78,     354.75,   354.57,     354.96,   354.78
1992, 01,   33618, 1992.0410,   353.99,   353.63,     355.01,   354.65,     353.99,   353.63
1992, 02,   33649, 1992.1257,   354.86,   354.43,     355.17,   354.74,     354.86,   354.43
1992, 03,   33678, 1992.2049,   354.84,   354.51,     355.16,   354.82,     354.84,   354.51
1992, 04,   33709, 1992.2896,   354.80,   354.78,     354.94,   354.92,     354.80,   354.78
1992, 05,   33739, 1992.3716,   354.95,   355.19,     354.77,   355.01,     354.95,   355.19
1992, 06,   33770, 1992.4563,   355.26,   355.46,     354.91,   355.11,     355.26,   355.46
1992, 07,   33800, 1992.5383,   355.63,   355.70,     355.12,   355.19,     355.63,   355.70
1992, 08,   33831, 1992.6230,   355.57,   355.71,     355.13,   355.27,     355.57,   355.71
1992, 09,   33862, 1992.7077,   355.17,   355.47,     355.04,   355.35,     355.17,   355.47
1992, 10,   33892, 1992.7896,   355.57,   355.86,     355.12,   355.41,     355.57,   355.86
1992, 11,   33923, 1992.8743,   355.15,   355.23,     355.39,   355.47,     355.15,   355.23
1992, 12,   33953, 1992.9563,   355.80,   355.62,     355.71,   355.53,     355.80,   355.62
1993, 01,   33984, 1993.0411,   355.35,   354.97,     355.97,   355.60,     355.35,   354.97
1993, 02,   34015, 1993.1260,   355.74,   355.30,     356.11,   355.67,     355.74,   355.30
1993, 03,   34043, 1993.2027,   356.27,   355.93,     356.09,   355.74,     356.27,   355.93
1993, 04,   34074, 1993.2877,   356.10,   356.07,     355.86,   355.83,     356.10,   356.07
1993, 05,   34104, 1993.3699,   354.92,   355.16,     355.67,   355.92,     354.92,   355.16
1993, 06,   34135, 1993.4548,   355.98,   356.19,     355.81,   356.02,     355.98,   356.19
1993, 07,   34165, 1993.5370,   356.05,   356.12,     356.06,   356.13,     356.05,   356.12
1993, 08,   34196, 1993.6219,   356.35,   356.49,     356.10,   356.25,     356.35,   356.49
1993, 09,   34227, 1993.7068,   356.02,   356.33,     356.06,   356.37,     356.02,   356.33
1993, 10,   34257, 1993.7890,   356.34,   356.64,     356.19,   356.49,     356.34,   356.64
1993, 11,   34288, 1993.8740,   356.61,   356.69,     356.54,   356.63,     356.61,   356.69
1993, 12,   34318, 1993.9562,   356.91,   356.73,     356.94,   356.76,     356.91,   356.73
1994, 01,   34349, 1994.0411,   357.34,   356.95,     357.28,   356.90,     357.34,   356.95
1994, 02,   34380, 1994.1260,   357.79,   357.34,     357.50,   357.04,     357.79,   357.34
1994, 03,   34408, 1994.2027,   357.26,   356.90,     357.53,   357.17,     357.26,   356.90
1994, 04,   34439, 1994.2877,   357.27,   357.24,     357.35,   357.32,     357.27,   357.24
1994, 05,   34469, 1994.3699,   357.25,   357.50,     357.21,   357.46,     357.25,   357.50
1994, 06,   34500, 1994.4548,   357.70,   357.91,     357.39,   357.61,     357.70,   357.91
1994, 07,   34530, 1994.5370,   357.43,   357.51,     357.69,   357.76,     357.43,   357.51
1994, 08,   34561, 1994.6219,   357.58,   357.73,     357.77,   357.92,     357.58,   357.73
1994, 09,   34592, 1994.7068,   357.78,   358.10,     357.76,   358.08,     357.78,   358.10
1994, 10,   34622, 1994.7890,   357.81,   358.12,     357.94,   358.25,     357.81,   358.12
1994, 11,   34653, 1994.8740,   358.41,   358.50,     358.33,   358.41,     358.41,   358.50
1994, 12,   34683, 1994.9562,   358.93,   358.74,     358.77,   358.58,     358.93,   358.74
1995, 01,   34714, 1995.0411,   358.57,   358.17,     359.15,   358.75,     358.57,   358.17
1995, 02,   34745, 1995.1260,   359.68,   359.21,     359.40,   358.93,     359.68,   359.21
1995, 03,   34773, 1995.2027,   359.28,   358.91,     359.46,   359.09,     359.28,   358.91
1995, 04,   34804, 1995.2877,   358.81,   358.78,     359.29,   359.26,     358.81,   358.78
1995, 05,   34834, 1995.3699,   359.75,   360.02,     359.17,   359.43,     359.75,   360.02
1995, 06,   34865, 1995.4548,   359.49,   359.72,     359.38,   359.60,     359.49,   359.72
1995, 07,   34895, 1995.5370,   360.12,   360.19,     359.69,   359.76,     360.12,   360.19
1995, 08,   34926, 1995.6219,   359.70,   359.86,     359.77,   359.93,     359.70,   359.86
1995, 09,   34957, 1995.7068,   359.51,   359.84,     359.75,   360.08,     359.51,   359.84
1995, 10,   34987, 1995.7890,   359.83,   360.15,     359.91,   360.23,     359.83,   360.15
1995, 11,   35018, 1995.8740,   360.29,   360.38,     360.29,   360.38,     360.29,   360.38
1995, 12,   35048, 1995.9562,   360.75,   360.55,     360.71,   360.52,     360.75,   360.55
1996, 01,   35079, 1996.0410,   361.56,   361.15,     361.06,   360.65,     361.56,   361.15
1996, 02,   35110, 1996.1257,   362.01,   361.52,     361.25,   360.77,     362.01,   361.52
1996, 03,   35139, 1996.2049,   361.85,   361.47,     361.25,   360.88,     361.85,   361.47
1996, 04,   35170, 1996.2896,   360.25,   360.23,     361.01,   360.98,     360.25,   360.23
1996, 05,   35200, 1996.3716,   360.98,   361.25,     360.81,   361.08,     360.98,   361.25
1996, 06,   35231, 1996.4563,   361.23,   361.45,     360.94,   361.17,     361.23,   361.45
1996, 07,   35261, 1996.5383,   360.96,   361.04,     361.18,   361.26,     360.96,   361.04
1996, 08,   35292, 1996.6230,   361.43,   361.59,     361.18,   361.34,     361.43,   361.59
1996, 09,   35323, 1996.7077,   361.00,   361.34,     361.08,   361.42,     361.00,   361.34
1996, 10,   35353, 1996.7896,   361.07,   361.40,     361.17,   361.50,     361.07,   361.40
1996, 11,   35384, 1996.8743,   361.59,   361.68,     361.49,   361.58,     361.59,   361.68
1996, 12,   35414, 1996.9563,   362.04,   361.84,     361.86,   361.66,     362.04,   361.84
1997, 01,   35445, 1997.0411,   362.40,   361.98,     362.16,   361.74,     362.40,   361.98
1997, 02,   35476, 1997.1260,   362.14,   361.64,     362.33,   361.83,     362.14,   361.64
1997, 03,   35504, 1997.2027,   362.24,   361.85,     362.30,   361.91,     362.24,   361.85
1997, 04,   35535, 1997.2877,   362.45,   362.41,     362.05,   362.01,     362.45,   362.41
1997, 05,   35565, 1997.3699,   361.29,   361.57,     361.85,   362.12,     361.29,   361.57
1997, 06,   35596, 1997.4548,   361.57,   361.81,     362.01,   362.25,     361.57,   361.81
1997, 07,   35626, 1997.5370,   362.24,   362.32,     362.31,   362.39,     362.24,   362.32
1997, 08,   35657, 1997.6219,   362.09,   362.25,     362.38,   362.55,     362.09,   362.25
1997, 09,   35688, 1997.7068,   362.38,   362.73,     362.37,   362.72,     362.38,   362.73
1997, 10,   35718, 1997.7890,   363.01,   363.35,     362.56,   362.89,     363.01,   363.35
1997, 11,   35749, 1997.8740,   363.27,   363.36,     362.99,   363.09,     363.27,   363.36
1997, 12,   35779, 1997.9562,   363.52,   363.31,     363.50,   363.29,     363.52,   363.31
1998, 01,   35810, 1998.0411,   364.02,   363.59,     363.93,   363.50,     364.02,   363.59
1998, 02,   35841, 1998.1260,   363.69,   363.18,     364.24,   363.73,     363.69,   363.18
1998, 03,   35869, 1998.2027,   363.63,   363.23,     364.35,   363.95,     363.63,   363.23
1998, 04,   35900, 1998.2877,   363.35,   363.31,     364.23,   364.19,     363.35,   363.31
1998, 05,   35930, 1998.3699,   364.13,   364.41,     364.16,   364.44,     364.13,   364.41
1998, 06,   35961, 1998.4548,   364.84,   365.09,     364.46,   364.70,     364.84,   365.09
1998, 07,   35991, 1998.5370,   365.02,   365.11,     364.86,   364.95,     365.02,   365.11
1998, 08,   36022, 1998.6219,   365.23,   365.39,     365.03,   365.19,     365.23,   365.39
1998, 09,   36053, 1998.7068,   365.41,   365.77,     365.07,   365.43,     365.41,   365.77
1998, 10,   36083, 1998.7890,   365.64,   365.98,     365.30,   365.65,     365.64,   365.98
1998, 11,   36114, 1998.8740,   366.14,   366.23,     365.77,   365.86,     366.14,   366.23
1998, 12,   36144, 1998.9562,   366.35,   366.13,     366.27,   366.05,     366.35,   366.13
1999, 01,   36175, 1999.0411,   366.91,   366.47,     366.68,   366.24,     366.91,   366.47
1999, 02,   36206, 1999.1260,   366.70,   366.17,     366.94,   366.41,     366.70,   366.17
1999, 03,   36234, 1999.2027,   366.36,   365.94,     366.97,   366.56,     366.36,   365.94
1999, 04,   36265, 1999.2877,   366.87,   366.83,     366.75,   366.71,     366.87,   366.83
1999, 05,   36295, 1999.3699,   366.60,   366.89,     366.56,   366.85,     366.60,   366.89
1999, 06,   36326, 1999.4548,   366.94,   367.19,     366.73,   366.98,     366.94,   367.19
1999, 07,   36356, 1999.5370,   367.43,   367.51,     367.02,   367.10,     367.43,   367.51
1999, 08,   36387, 1999.6219,   367.24,   367.41,     367.04,   367.21,     367.24,   367.41
1999, 09,   36418, 1999.7068,   366.93,   367.30,     366.95,   367.32,     366.93,   367.30
1999, 10,   36448, 1999.7890,   366.96,   367.31,     367.06,   367.41,     366.96,   367.31
1999, 11,   36479, 1999.8740,   367.29,   367.39,     367.41,   367.51,     367.29,   367.39
1999, 12,   36509, 1999.9562,   367.65,   367.43,     367.82,   367.60,     367.65,   367.43
2000, 01,   36540, 2000.0410,   368.44,   367.99,     368.15,   367.69,     368.44,   367.99
2000, 02,   36571, 2000.1257,   368.60,   368.06,     368.32,   367.78,     368.60,   368.06
2000, 03,   36600, 2000.2049,   368.13,   367.72,     368.29,   367.87,     368.13,   367.72
2000, 04,   36631, 2000.2896,   367.95,   367.92,     368.00,   367.97,     367.95,   367.92
2000, 05,   36661, 2000.3716,   367.12,   367.42,     367.77,   368.08,     367.12,   367.42
2000, 06,   36692, 2000.4563,   367.20,   367.46,     367.94,   368.20,     367.20,   367.46
2000, 07,   36722, 2000.5383,   368.48,   368.57,     368.23,   368.32,     368.48,   368.57
2000, 08,   36753, 2000.6230,   368.30,   368.48,     368.27,   368.45,     368.30,   368.48
2000, 09,   36784, 2000.7077,   368.16,   368.54,     368.21,   368.59,     368.16,   368.54
2000, 10,   36814, 2000.7896,   368.69,   369.05,     368.37,   368.73,     368.69,   369.05
2000, 11,   36845, 2000.8743,   368.94,   369.04,     368.77,   368.87,     368.94,   369.04
2000, 12,   36875, 2000.9563,   369.00,   368.77,     369.24,   369.01,     369.00,   368.77
2001, 01,   36906, 2001.0411,   369.60,   369.14,     369.63,   369.16,     369.60,   369.14
2001, 02,   36937, 2001.1260,   370.21,   369.66,     369.86,   369.30,     370.21,   369.66
2001, 03,   36965, 2001.2027,   370.12,   369.69,     369.87,   369.43,     370.12,   369.69
2001, 04,   36996, 2001.2877,   369.64,   369.60,     369.62,   369.58,     369.64,   369.60
2001, 05,   37026, 2001.3699,   369.01,   369.31,     369.41,   369.72,     369.01,   369.31
2001, 06,   37057, 2001.4548,   369.63,   369.89,     369.60,   369.87,     369.63,   369.89
2001, 07,   37087, 2001.5370,   370.39,   370.48,     369.92,   370.01,     370.39,   370.48
2001, 08,   37118, 2001.6219,   370.11,   370.29,     369.98,   370.16,     370.11,   370.29
2001, 09,   37149, 2001.7068,   369.84,   370.23,     369.93,   370.31,     369.84,   370.23
2001, 10,   37179, 2001.7890,   370.15,   370.52,     370.09,   370.46,     370.15,   370.52
2001, 11,   37210, 2001.8740,   370.52,   370.62,     370.52,   370.63,     370.52,   370.62
2001, 12,   37240, 2001.9562,   370.85,   370.62,     371.02,   370.79,     370.85,   370.62
2002, 01,   37271, 2002.0411,   371.04,   370.56,     371.44,   370.96,     371.04,   370.56
2002, 02,   37302, 2002.1260,   371.84,   371.27,     371.71,   371.14,     371.84,   371.27
2002, 03,   37330, 2002.2027,   372.02,   371.57,     371.76,   371.31,     372.02,   371.57
2002, 04,   37361, 2002.2877,   371.17,   371.13,     371.55,   371.51,     371.17,   371.13
2002, 05,   37391, 2002.3699,   370.82,   371.14,     371.39,   371.70,     370.82,   371.14
2002, 06,   37422, 2002.4548,   371.71,   371.98,     371.64,   371.91,     371.71,   371.98
2002, 07,   37452, 2002.5370,   372.03,   372.12,     372.02,   372.11,     372.03,   372.12
2002, 08,   37483, 2002.6219,   372.02,   372.21,     372.14,   372.33,     372.02,   372.21
2002, 09,   37514, 2002.7068,   372.12,   372.51,     372.14,   372.54,     372.12,   372.51
2002, 10,   37544, 2002.7890,   372.67,   373.05,     372.36,   372.74,     372.67,   373.05
2002, 11,   37575, 2002.8740,   373.25,   373.36,     372.84,   372.95,     373.25,   373.36
2002, 12,   37605, 2002.9562,   373.47,   373.23,     373.38,   373.14,     373.47,   373.23
2003, 01,   37636, 2003.0411,   373.41,   372.92,     373.82,   373.33,     373.41,   372.92
2003, 02,   37667, 2003.1260,   373.08,   372.50,     374.10,   373.52,     373.08,   372.50
2003, 03,   37695, 2003.2027,   374.78,   374.32,     374.14,   373.69,     374.78,   374.32
2003, 04,   37726, 2003.2877,   374.27,   374.23,     373.91,   373.87,     374.27,   374.23
2003, 05,   37756, 2003.3699,   373.97,   374.30,     373.71,   374.04,     373.97,   374.30
2003, 06,   37787, 2003.4548,   373.40,   373.68,     373.93,   374.21,     373.40,   373.68
2003, 07,   37817, 2003.5370,   374.33,   374.42,     374.27,   374.36,     374.33,   374.42
2003, 08,   37848, 2003.6219,   374.75,   374.94,     374.33,   374.52,     374.75,   374.94
2003, 09,   37879, 2003.7068,   374.24,   374.65,     374.27,   374.68,     374.24,   374.65
2003, 10,   37909, 2003.7890,   374.23,   374.62,     374.43,   374.82,     374.23,   374.62
2003, 11,   37940, 2003.8740,   374.71,   374.82,     374.86,   374.97,     374.71,   374.82
2003, 12,   37970, 2003.9562,   375.27,   375.03,     375.35,   375.11,     375.27,   375.03
2004, 01,   38001, 2004.0410,   375.54,   375.04,     375.76,   375.26,     375.54,   375.04
2004, 02,   38032, 2004.1257,   376.54,   375.95,     375.99,   375.40,     376.54,   375.95
2004, 03,   38061, 2004.2049,   375.94,   375.48,     375.99,   375.53,     375.94,   375.48
2004, 04,   38092, 2004.2896,   375.85,   375.82,     375.71,   375.68,     375.85,   375.82
2004, 05,   38122, 2004.3716,   375.13,   375.47,     375.48,   375.82,     375.13,   375.47
2004, 06,   38153, 2004.4563,   376.04,   376.32,     375.68,   375.96,     376.04,   376.32
2004, 07,   38183, 2004.5383,   375.65,   375.75,     376.01,   376.11,     375.65,   375.75
2004, 08,   38214, 2004.6230,   376.41,   376.61,     376.06,   376.26,     376.41,   376.61
2004, 09,   38245, 2004.7077,   376.00,   376.42,     376.00,   376.41,     376.00,   376.42
2004, 10,   38275, 2004.7896,   376.10,   376.50,     376.17,   376.57,     376.10,   376.50
2004, 11,   38306, 2004.8743,   376.28,   376.39,     376.62,   376.74,     376.28,   376.39
2004, 12,   38336, 2004.9563,   377.12,   376.87,     377.15,   376.90,     377.12,   376.87
2005, 01,   38367, 2005.0411,   377.40,   376.89,     377.60,   377.08,     377.40,   376.89
2005, 02,   38398, 2005.1260,   376.85,   376.24,     377.88,   377.27,     376.85,   376.24
2005, 03,   38426, 2005.2027,   378.28,   377.81,     377.92,   377.44,     378.28,   377.81
2005, 04,   38457, 2005.2877,   378.25,   378.21,     377.67,   377.63,     378.25,   378.21
2005, 05,   38487, 2005.3699,   376.59,   376.93,     377.48,   377.82,     376.59,   376.93
2005, 06,   38518, 2005.4548,   378.04,   378.33,     377.72,   378.01,     378.04,   378.33
2005, 07,   38548, 2005.5370,   377.90,   378.00,     378.10,   378.20,     377.90,   378.00
2005, 08,   38579, 2005.6219,   378.35,   378.55,     378.19,   378.38,     378.35,   378.55
2005, 09,   38610, 2005.7068,   378.16,   378.59,     378.14,   378.57,     378.16,   378.59
2005, 10,   38640, 2005.7890,   378.39,   378.80,     378.33,   378.74,     378.39,   378.80
2005, 11,   38671, 2005.8740,   379.13,   379.25,     378.80,   378.91,     379.13,   379.25
2005, 12,   38701, 2005.9562,   379.18,   378.93,     379.33,   379.08,     379.18,   378.93
2006, 01,   38732, 2006.0411,   380.25,   379.73,     379.76,   379.24,     380.25,   379.73
2006, 02,   38763, 2006.1260,   380.71,   380.09,     380.02,   379.39,     380.71,   380.09
2006, 03,   38791, 2006.2027,   379.51,   379.02,     380.02,   379.53,     379.51,   379.02
2006, 04,   38822, 2006.2877,   379.76,   379.72,     379.72,   379.68,     379.76,   379.72
2006, 05,   38852, 2006.3699,   379.80,   380.14,     379.48,   379.82,     379.80,   380.14
2006, 06,   38883, 2006.4548,   379.58,   379.88,     379.67,   379.97,     379.58,   379.88
2006, 07,   38913, 2006.5370,   379.73,   379.83,     380.02,   380.12,     379.73,   379.83
2006, 08,   38944, 2006.6219,   379.81,   380.02,     380.07,   380.28,     379.81,   380.02
2006, 09,   38975, 2006.7068,   379.69,   380.13,     380.01,   380.44,     379.69,   380.13
2006, 10,   39005, 2006.7890,   379.94,   380.36,     380.19,   380.61,     379.94,   380.36
2006, 11,   39036, 2006.8740,   380.67,   380.79,     380.68,   380.80,     380.67,   380.79
2006, 12,   39066, 2006.9562,   381.26,   381.00,     381.24,   380.98,     381.26,   381.00
2007, 01,   39097, 2007.0411,   380.78,   380.24,     381.71,   381.18,     380.78,   380.24
2007, 02,   39128, 2007.1260,   382.43,   381.79,     382.01,   381.37,     382.43,   381.79
2007, 03,   39156, 2007.2027,   382.35,   381.85,     382.05,   381.55,     382.35,   381.85
2007, 04,   39187, 2007.2877,   381.87,   381.82,     381.79,   381.75,     381.87,   381.82
2007, 05,   39217, 2007.3699,   381.71,   382.07,     381.58,   381.93,     381.71,   382.07
2007, 06,   39248, 2007.4548,   381.92,   382.22,     381.82,   382.12,     381.92,   382.22
2007, 07,   39278, 2007.5370,   382.54,   382.64,     382.19,   382.29,     382.54,   382.64
2007, 08,   39309, 2007.6219,   382.34,   382.55,     382.26,   382.47,     382.34,   382.55
2007, 09,   39340, 2007.7068,   382.15,   382.59,     382.19,   382.63,     382.15,   382.59
2007, 10,   39370, 2007.7890,   382.41,   382.84,     382.36,   382.79,     382.41,   382.84
2007, 11,   39401, 2007.8740,   382.67,   382.79,     382.82,   382.94,     382.67,   382.79
2007, 12,   39431, 2007.9562,   383.52,   383.25,     383.35,   383.09,     383.52,   383.25
2008, 01,   39462, 2008.0410,   384.03,   383.48,     383.78,   383.23,     384.03,   383.48
2008, 02,   39493, 2008.1257,   383.75,   383.10,     384.02,   383.37,     383.75,   383.10
2008, 03,   39522, 2008.2049,   383.63,   383.12,     383.99,   383.49,     383.63,   383.12
2008, 04,   39553, 2008.2896,   383.36,   383.33,     383.65,   383.62,     383.36,   383.33
2008, 05,   39583, 2008.3716,   384.00,   384.36,     383.38,   383.74,     384.00,   384.36
2008, 06,   39614, 2008.4563,   383.90,   384.21,     383.56,   383.86,     383.90,   384.21
2008, 07,   39644, 2008.5383,   383.76,   383.87,     383.87,   383.97,     383.76,   383.87
2008, 08,   39675, 2008.6230,   383.93,   384.15,     383.87,   384.08,     383.93,   384.15
2008, 09,   39706, 2008.7077,   383.65,   384.11,     383.74,   384.19,     383.65,   384.11
2008, 10,   39736, 2008.7896,   384.10,   384.53,     383.85,   384.29,     384.10,   384.53
2008, 11,   39767, 2008.8743,   384.48,   384.60,     384.27,   384.39,     384.48,   384.60
2008, 12,   39797, 2008.9563,   385.07,   384.80,     384.76,   384.49,     385.07,   384.80
2009, 01,   39828, 2009.0411,   385.62,   385.06,     385.14,   384.59,     385.62,   385.06
2009, 02,   39859, 2009.1260,   384.27,   383.61,     385.35,   384.69,     384.27,   383.61
2009, 03,   39887, 2009.2027,   385.26,   384.74,     385.30,   384.78,     385.26,   384.74
2009, 04,   39918, 2009.2877,   385.04,   384.99,     384.94,   384.89,     385.04,   384.99
2009, 05,   39948, 2009.3699,   384.93,   385.30,     384.64,   385.01,     384.93,   385.30
2009, 06,   39979, 2009.4548,   384.26,   384.58,     384.82,   385.14,     384.26,   384.58
2009, 07,   40009, 2009.5370,   385.30,   385.41,     385.16,   385.27,     385.30,   385.41
2009, 08,   40040, 2009.6219,   385.17,   385.38,     385.20,   385.41,     385.17,   385.38
2009, 09,   40071, 2009.7068,   384.60,   385.06,     385.11,   385.57,     384.60,   385.06
2009, 10,   40101, 2009.7890,   385.24,   385.69,     385.29,   385.73,     385.24,   385.69
2009, 11,   40132, 2009.8740,   385.02,   385.14,     385.79,   385.91,     385.02,   385.14
2009, 12,   40162, 2009.9562,   385.45,   385.18,     386.38,   386.10,     385.45,   385.18
2010, 01,   40193, 2010.0411,      NaN,      NaN,     386.87,   386.30,     386.87,   386.30
2010, 02,   40224, 2010.1260,   386.45,   385.77,     387.19,   386.51,     386.45,   385.77
2010, 03,   40252, 2010.2027,   388.04,   387.51,     387.24,   386.71,     388.04,   387.51
2010, 04,   40283, 2010.2877,   386.56,   386.51,     386.98,   386.93,     386.56,   386.51
2010, 05,   40313, 2010.3699,      NaN,      NaN,     386.77,   387.15,     386.77,   387.15
2010, 06,   40344, 2010.4548,   388.16,   388.48,     387.04,   387.36,     388.16,   388.48
2010, 07,   40374, 2010.5370,      NaN,      NaN,     387.46,   387.57,     387.46,   387.57
2010, 08,   40405, 2010.6219,   388.00,   388.22,     387.56,   387.78,     388.00,   388.22
2010, 09,   40436, 2010.7068,   387.73,   388.21,     387.51,   387.98,     387.73,   388.21
2010, 10,   40466, 2010.7890,   388.08,   388.54,     387.71,   388.17,     388.08,   388.54
2010, 11,   40497, 2010.8740,   388.21,   388.34,     388.22,   388.35,     388.21,   388.34
2010, 12,   40527, 2010.9562,   388.78,   388.50,     388.81,   388.53,     388.78,   388.50
2011, 01,   40558, 2011.0411,   389.65,   389.06,     389.29,   388.70,     389.65,   389.06
2011, 02,   40589, 2011.1260,   389.03,   388.34,     389.57,   388.88,     389.03,   388.34
2011, 03,   40617, 2011.2027,   389.38,   388.84,     389.58,   389.04,     389.38,   388.84
2011, 04,   40648, 2011.2877,   388.09,   388.04,     389.26,   389.22,     388.09,   388.04
2011, 05,   40678, 2011.3699,   389.55,   389.94,     389.01,   389.39,     389.55,   389.94
2011, 06,   40709, 2011.4548,   389.00,   389.33,     389.25,   389.58,     389.00,   389.33
2011, 07,   40739, 2011.5370,   389.20,   389.31,     389.65,   389.76,     389.20,   389.31
2011, 08,   40770, 2011.6219,   390.10,   390.32,     389.73,   389.95,     390.10,   390.32
2011, 09,   40801, 2011.7068,      NaN,      NaN,     389.66,   390.14,     389.66,   390.14
2011, 10,   40831, 2011.7890,   390.38,   390.84,     389.87,   390.33,     390.38,   390.84
2011, 11,   40862, 2011.8740,   390.51,   390.64,     390.40,   390.53,     390.51,   390.64
2011, 12,   40892, 2011.9562,   390.69,   390.40,     391.01,   390.72,     390.69,   390.40
2012, 01,   40923, 2012.0410,   391.58,   390.99,     391.51,   390.92,     391.58,   390.99
2012, 02,   40954, 2012.1257,   392.06,   391.35,     391.82,   391.12,     392.06,   391.35
2012, 03,   40983, 2012.2049,   392.01,   391.46,     391.85,   391.31,     392.01,   391.46
2012, 04,   41014, 2012.2896,   391.63,   391.59,     391.55,   391.52,     391.63,   391.59
2012, 05,   41044, 2012.3716,   391.52,   391.91,     391.32,   391.72,     391.52,   391.91
2012, 06,   41075, 2012.4563,   391.81,   392.14,     391.60,   391.94,     391.81,   392.14
2012, 07,   41105, 2012.5383,   390.67,   390.78,     392.04,   392.15,     390.67,   390.78
2012, 08,   41136, 2012.6230,   391.99,   392.22,     392.15,   392.38,     391.99,   392.22
2012, 09,   41167, 2012.7077,   391.73,   392.22,     392.13,   392.63,     391.73,   392.22
2012, 10,   41197, 2012.7896,   392.04,   392.52,     392.40,   392.87,     392.04,   392.52
2012, 11,   41228, 2012.8743,   392.86,   392.99,     393.00,   393.13,     392.86,   392.99
2012, 12,   41258, 2012.9563,   393.13,   392.84,     393.68,   393.38,     393.13,   392.84
2013, 01,   41289, 2013.0411,   394.80,   394.20,     394.25,   393.65,     394.80,   394.20
2013, 02,   41320, 2013.1260,   394.40,   393.69,     394.62,   393.91,     394.40,   393.69
2013, 03,   41348, 2013.2027,   394.10,   393.54,     394.70,   394.13,     394.10,   393.54
2013, 04,   41379, 2013.2877,   395.14,   395.09,     394.43,   394.38,     395.14,   395.09
2013, 05,   41409, 2013.3699,   395.66,   396.06,     394.20,   394.60,     395.66,   396.06
2013, 06,   41440, 2013.4548,   394.11,   394.45,     394.47,   394.81,     394.11,   394.45
2013, 07,   41470, 2013.5370,   394.98,   395.10,     394.89,   395.01,     394.98,   395.10
2013, 08,   41501, 2013.6219,   394.96,   395.22,     395.02,   395.28,     394.96,   395.22
2013, 09,   41532, 2013.7068,   395.09,   395.65,     394.88,   395.45,     395.09,   395.65
2013, 10,   41562, 2013.7890,   395.04,   395.42,     395.20,   395.58,     395.04,   395.42
2013, 11,   41593, 2013.8740,   395.31,   395.52,     395.51,   395.72,     395.31,   395.52
2013, 12,   41623, 2013.9562,   396.08,   395.83,     396.10,   395.85,     396.08,   395.83
2014, 01,   41654, 2014.0411,   396.97,   396.24,     396.70,   395.98,     396.97,   396.24
2014, 02,   41685, 2014.1260,   397.46,   396.72,     396.82,   396.08,     397.46,   396.72
2014, 03,   41713, 2014.2027,   396.30,   395.62,     396.87,   396.19,     396.30,   395.62
2014, 04,   41744, 2014.2877,   395.75,   395.56,     396.49,   396.30,     395.75,   395.56
2014, 05,   41774, 2014.3699,   395.46,   395.81,     396.07,   396.42,     395.46,   395.81
2014, 06,   41805, 2014.4548,   396.00,   396.45,     396.11,   396.55,     396.00,   396.45
2014, 07,   41835, 2014.5370,   397.71,   397.88,     396.51,   396.68,     397.71,   397.88
2014, 08,   41866, 2014.6219,   396.24,   396.56,     396.50,   396.81,     396.24,   396.56
2014, 09,   41897, 2014.7068,   396.33,   396.86,     396.42,   396.95,     396.33,   396.86
2014, 10,   41927, 2014.7890,   396.49,   397.03,     396.55,   397.09,     396.49,   397.03
2014, 11,   41958, 2014.8740,   397.08,   397.36,     396.95,   397.24,     397.08,   397.36
2014, 12,   41988, 2014.9562,   397.77,   397.56,     397.60,   397.38,     397.77,   397.56
2015, 01,   42019, 2015.0411,      NaN,      NaN,     398.34,   397.54,     398.34,   397.54
2015, 02,   42050, 2015.1260,   398.14,   397.24,     398.59,   397.70,     398.14,   397.24
2015, 03,   42078, 2015.2027,   398.87,   398.24,     398.49,   397.86,     398.87,   398.24
2015, 04,   42109, 2015.2877,   398.77,   398.61,     398.19,   398.03,     398.77,   398.61
2015, 05,   42139, 2015.3699,   397.55,   397.85,     397.91,   398.21,     397.55,   397.85
2015, 06,   42170, 2015.4548,   397.18,   397.63,     397.96,   398.41,     397.18,   397.63
2015, 07,   42200, 2015.5370,   398.00,   398.26,     398.37,   398.63,     398.00,   398.26
2015, 08,   42231, 2015.6219,   398.57,   398.94,     398.52,   398.89,     398.57,   398.94
2015, 09,   42262, 2015.7068,   398.72,   399.37,     398.52,   399.17,     398.72,   399.37
2015, 10,   42292, 2015.7890,   398.80,   399.37,     398.88,   399.45,     398.80,   399.37
2015, 11,   42323, 2015.8740,   399.58,   399.85,     399.48,   399.75,     399.58,   399.85
2015, 12,   42353, 2015.9562,   400.55,   400.26,     400.35,   400.06,     400.55,   400.26
2016, 01,   42384, 2016.0410,   399.86,   398.93,     401.31,   400.38,     399.86,   398.93
2016, 02,   42415, 2016.1257,   401.39,   400.42,     401.66,   400.69,     401.39,   400.42
2016, 03,   42444, 2016.2049,   402.94,   402.19,     401.74,   400.99,     402.94,   402.19
2016, 04,   42475, 2016.2896,   401.10,   400.92,     401.49,   401.31,     401.10,   400.92
2016, 05,   42505, 2016.3716,   399.80,   400.10,     401.31,   401.61,     399.80,   400.10
2016, 06,   42536, 2016.4563,   401.83,   402.31,     401.43,   401.91,     401.83,   402.31
2016, 07,   42566, 2016.5383,   401.93,   402.25,     401.89,   402.21,     401.93,   402.25
2016, 08,   42597, 2016.6230,   402.87,   403.30,     402.05,   402.48,     402.87,   403.30
2016, 09,   42628, 2016.7077,   402.27,   402.96,     402.04,   402.73,     402.27,   402.96
2016, 10,   42658, 2016.7896,   402.54,   403.14,     402.27,   402.88,     402.54,   403.14
2016, 11,   42689, 2016.8743,   402.72,   402.98,     402.80,   403.06,     402.72,   402.98
2016, 12,   42719, 2016.9563,   402.81,   402.48,     403.64,   403.31,     402.81,   402.48
2017, 01,   42750, 2017.0411,   404.91,   404.04,     404.23,   403.37,     404.91,   404.04
2017, 02,   42781, 2017.1260,   403.69,   402.77,     404.44,   403.52,     403.69,   402.77
2017, 03,   42809, 2017.2027,   403.90,   403.22,     404.33,   403.65,     403.90,   403.22
2017, 04,   42840, 2017.2877,   402.77,   402.50,     404.09,   403.82,     402.77,   402.50
2017, 05,   42870, 2017.3699,   404.92,   405.16,     403.76,   403.99,     404.92,   405.16
2017, 06,   42901, 2017.4548,      NaN,      NaN,     403.72,   404.18,     403.72,   404.18
2017, 07,   42931, 2017.5370,   404.47,   404.79,     404.06,   404.38,     404.47,   404.79
2017, 08,   42962, 2017.6219,   403.33,   403.67,     404.25,   404.59,     403.33,   403.67
2017, 09,   42993, 2017.7068,   404.06,   404.75,     404.13,   404.83,     404.06,   404.75
2017, 10,   43023, 2017.7890,   404.51,   405.16,     404.42,   405.07,     404.51,   405.16
2017, 11,   43054, 2017.8740,   404.97,   405.20,     405.09,   405.32,     404.97,   405.20
2017, 12,   43084, 2017.9562,   405.72,   405.38,     405.90,   405.56,     405.72,   405.38
2018, 01,   43115, 2018.0411,   406.55,   405.69,     406.69,   405.82,     406.55,   405.69
2018, 02,   43146, 2018.1260,   407.37,   406.53,     406.90,   406.06,     407.37,   406.53
2018, 03,   43174, 2018.2027,   407.70,   407.09,     406.89,   406.27,     407.70,   407.09
2018, 04,   43205, 2018.2877,   407.22,   407.01,     406.68,   406.47,     407.22,   407.01
2018, 05,   43235, 2018.3699,   406.01,   406.44,     406.20,   406.63,     406.01,   406.44
2018, 06,   43266, 2018.4548,   406.48,   407.01,     406.24,   406.77,     406.48,   407.01
2018, 07,   43296, 2018.5370,   406.38,   406.57,     406.71,   406.91,     406.38,   406.57
2018, 08,   43327, 2018.6219,   406.77,   407.03,     406.77,   407.04,     406.77,   407.03
2018, 09,   43358, 2018.7068,   406.57,   407.21,     406.55,   407.19,     406.57,   407.21
2018, 10,   43388, 2018.7890,   406.48,   407.07,     406.75,   407.34,     406.48,   407.07
2018, 11,   43419, 2018.8740,   407.01,   407.21,     407.29,   407.50,     407.01,   407.21
2018, 12,   43449, 2018.9562,   407.72,   407.33,     408.07,   407.68,     407.72,   407.33
2019, 01,   43480, 2019.0411,   409.18,   408.35,     408.71,   407.88,     409.18,   408.35
2019, 02,   43511, 2019.1260,   409.13,   408.23,     409.05,   408.15,     409.13,   408.23
2019, 03,   43539, 2019.2027,   408.52,   407.79,     409.10,   408.37,     408.52,   407.79
2019, 04,   43570, 2019.2877,   408.87,   408.67,     408.81,   408.61,     408.87,   408.67
2019, 05,   43600, 2019.3699,      NaN,      NaN,     408.39,   408.86,     408.39,   408.86
2019, 06,   43631, 2019.4548,   409.66,   410.14,     408.64,   409.12,     409.66,   410.14
2019, 07,   43661, 2019.5370,   408.68,   408.86,     409.18,   409.37,     408.68,   408.86
2019, 08,   43692, 2019.6219,   409.47,   409.81,     409.30,   409.64,     409.47,   409.81
2019, 09,   43723, 2019.7068,   409.07,   409.70,     409.27,   409.90,     409.07,   409.70
2019, 10,   43753, 2019.7890,   409.55,   410.18,     409.52,   410.15,     409.55,   410.18
2019, 11,   43784, 2019.8740,      NaN,      NaN,     410.15,   410.40,     410.15,   410.40
2019, 12,   43814, 2019.9562,   411.14,   410.74,     411.03,   410.63,     411.14,   410.74
2020, 01,   43845, 2020.0410,   411.92,   411.08,     411.70,   410.86,     411.92,   411.08
2020, 02,   43876, 2020.1257,   412.10,   411.24,     411.93,   411.08,     412.10,   411.24
2020, 03,   43905, 2020.2049,   411.80,   411.09,     411.97,   411.26,     411.80,   411.09
2020, 04,   43936, 2020.2896,   412.33,   412.15,     411.63,   411.45,     412.33,   412.15
2020, 05,   43966, 2020.3716,   411.43,   411.89,     411.15,   411.62,     411.43,   411.89
2020, 06,   43997, 2020.4563,   411.01,   411.48,     411.32,   411.78,     411.01,   411.48
2020, 07,   44027, 2020.5383,   410.42,   410.60,     411.76,   411.94,     410.42,   410.60
2020, 08,   44058, 2020.6230,   411.48,   411.82,     411.77,   412.11,     411.48,   411.82
2020, 09,   44089, 2020.7077,   411.90,   412.52,     411.67,   412.29,     411.90,   412.52
2020, 10,   44119, 2020.7896,   412.15,   412.77,     411.86,   412.47,     412.15,   412.77
2020, 11,   44150, 2020.8743,   412.50,   412.74,     412.41,   412.66,     412.50,   412.74
2020, 12,   44180, 2020.9563,   414.20,   413.81,     413.23,   412.84,     414.20,   413.81
2021, 01,   44211, 2021.0411,   413.73,   412.91,     413.84,   413.02,     413.73,   412.91
2021, 02,   44242, 2021.1260,   413.26,   412.42,     414.04,   413.21,     413.26,   412.42
2021, 03,   44270, 2021.2027,   413.69,   412.99,     414.08,   413.38,     413.69,   412.99
2021, 04,   44301, 2021.2877,   413.94,   413.75,     413.76,   413.56,     413.94,   413.75
2021, 05,   44331, 2021.3699,   414.11,   414.56,     413.30,   413.74,     414.11,   414.56
2021, 06,   44362, 2021.4548,   412.52,   412.98,     413.46,   413.93,     412.52,   412.98
2021, 07,   44392, 2021.5370,   413.35,   413.53,     413.92,   414.10,     413.35,   413.53
2021, 08,   44423, 2021.6219,   414.33,   414.66,     413.95,   414.28,     414.33,   414.66
2021, 09,   44454, 2021.7068,   413.46,   414.06,     413.86,   414.47,     413.46,   414.06
2021, 10,   44484, 2021.7890,   413.61,   414.21,     414.05,   414.65,     413.61,   414.21
2021, 11,   44515, 2021.8740,   414.83,   415.07,     414.61,   414.85,     414.83,   415.07
2021, 12,   44545, 2021.9562,   415.34,   414.96,     415.42,   415.04,     415.34,   414.96
2022, 01,   44576, 2022.0411,   416.04,   415.24,     416.04,   415.24,     416.04,   415.24
2022, 02,   44607, 2022.1260,   416.41,   415.60,     416.27,   415.45,     416.41,   415.60
2022, 03,   44635, 2022.2027,   416.15,   415.46,     416.32,   415.64,     416.15,   415.46
2022, 04,   44666, 2022.2877,   415.42,   415.23,     416.04,   415.85,     415.42,   415.23
2022, 05,   44696, 2022.3699,   415.77,   416.21,     415.62,   416.05,     415.77,   416.21
2022, 06,   44727, 2022.4548,   415.75,   416.21,     415.81,   416.26,     415.75,   416.21
2022, 07,   44757, 2022.5370,   416.45,   416.63,     416.28,   416.46,     416.45,   416.63
2022, 08,   44788, 2022.6219,   417.53,   417.85,     416.33,   416.66,     417.53,   417.85
2022, 09,   44819, 2022.7068,   416.28,   416.87,     416.24,   416.84,     416.28,   416.87
2022, 10,   44849, 2022.7890,   416.35,   416.94,     416.41,   417.00,     416.35,   416.94
2022, 11,   44880, 2022.8740,   416.88,   417.12,     416.93,   417.17,     416.88,   417.12
2022, 12,   44910, 2022.9562,   417.54,   417.17,     417.70,   417.33,     417.54,   417.17
2023, 01,   44941, 2023.0411,   418.32,   417.54,     418.28,   417.49,     418.32,   417.54
2023, 02,   44972, 2023.1260,   418.15,   417.35,     418.47,   417.67,     418.15,   417.35
2023, 03,   45000, 2023.2027,   418.39,   417.72,     418.51,   417.83,     418.39,   417.72
2023, 04,   45031, 2023.2877,      NaN,      NaN,     418.21,   418.03,     418.21,   418.03
2023, 05,   45061, 2023.3699,   417.97,   418.40,     417.80,   418.22,     417.97,   418.40
2023, 06,   45092, 2023.4548,   418.42,   418.86,     417.99,   418.43,     418.42,   418.86
2023, 07,   45122, 2023.5370,   417.68,   417.86,     418.47,   418.65,     417.68,   417.86
2023, 08,   45153, 2023.6219,   418.83,   419.15,     418.56,   418.88,     418.83,   419.15
2023, 09,   45184, 2023.7068,   418.52,   419.10,     418.54,   419.12,     418.52,   419.10
2023, 10,   45214, 2023.7890,   418.24,   418.81,     418.80,   419.37,     418.24,   418.81
2023, 11,   45245, 2023.8740,      NaN,      NaN,     419.42,   419.65,     419.42,   419.65
2023, 12,   45275, 2023.9562,   420.20,   419.83,     420.30,   419.93,     420.20,   419.83
2024, 01,   45306, 2024.0410,   421.37,   420.60,     421.00,   420.23,     421.37,   420.60
2024, 02,   45337, 2024.1257,   421.65,   420.86,     421.31,   420.53,     421.65,   420.86
2024, 03,   45366, 2024.2049,   421.16,   420.51,     421.46,   420.81,     421.16,   420.51
2024, 04,   45397, 2024.2896,      NaN,      NaN,     421.27,   421.11,     421.27,   421.11
2024, 05,   45427, 2024.3716,      NaN,      NaN,     420.97,   421.39,     420.97,   421.39
2024, 06,   45458, 2024.4563,      NaN,      NaN,     421.26,   421.69,     421.26,   421.69
2024, 07,   45488, 2024.5383,      NaN,      NaN,     421.81,   421.98,     421.81,   421.98
2024, 08,   45519, 2024.6230,      NaN,      NaN,     421.97,   422.28,     421.97,   422.28
2024, 09,   45550, 2024.7077,      NaN,      NaN,     422.01,   422.58,     422.01,   422.58
2024, 10,   45580, 2024.7896,      NaN,      NaN,     422.30,   422.87,     422.30,   422.87
2024, 11,   45611, 2024.8743,      NaN,      NaN,     422.94,   423.17,     422.94,   423.17
2024, 12,   45641, 2024.9563,      NaN,      NaN,     423.81,   423.45,     423.81,   423.45
