"-------------------------------------------------------------------------------------------"
" Monthly average CO2 concentrations (ppm) derived from flask air samples                   "
" Alert Station, NWT, Canada.                                                               "
"                                                                                           "
" Source: R. F. Keeling and S. J. Walker                                                    "
" Scripps CO2 Program ( http://scrippsco2.ucsd.edu )                                        "
" Scripps Institution of Oceanography (SIO)                                                 "
" University of California                                                                  "
" La Jolla, California USA 92093-0244                                                       "
"                                                                                           "
" Status of data and correspondence:                                                        "
"                                                                                           "
" These data are subject to revision based on recalibration of standard gases. Questions    "
" about the data should be directed to Dr. Ralph Keeling (rkeeling AT ucsd.edu) and         "
" Dr. Stephen Walker (sjwalker AT ucsd.edu), Scripps CO2 Program.                           "
"                                                                                           "
" Flask data from archive dated 19-Apr-2024 10:43:25                                        "
"                                                                                           "
"-------------------------------------------------------------------------------------------"
"                                                                                           "
" Please cite as:                                                                           "
"                                                                                           "
" C. D. Keeling, S. C. Piper, R. B. Bacastow, M. Wahlen, T. P. Whorf, M. Heimann, and       "
" H. A. Meijer, Exchanges of atmospheric CO2 and 13CO2 with the terrestrial biosphere and   "
" oceans from 1978 to 2000.  I. Global aspects, SIO Reference Series, No. 01-06, Scripps    "
" Institution of Oceanography, San Diego, 88 pages, 2001.                                   "
"                                                                                           "
" If it is necessary to cite a peer-reviewed article, please cite as:                       "
"                                                                                           "
" C. D. Keeling, S. C. Piper, R. B. Bacastow, M. Wahlen, T. P. Whorf, M. Heimann, and       "
" H. A. Meijer, Atmospheric CO2 and 13CO2 exchange with the terrestrial biosphere and       "
" oceans from 1978 to 2000: observations and carbon cycle implications, pages 83-113,       "
" in "A History of Atmospheric CO2 and its effects on Plants, Animals, and Ecosystems",     "
" editors, Ehleringer, J.R., T. E. Cerling, M. D. Dearing, Springer Verlag,                 "
" New York, 2005.                                                                           "
"                                                                                           "
"-------------------------------------------------------------------------------------------"
"                                                                                           "
" The data file below contains 10 columns.  Columns 1-4 give the dates in several redundant "
" formats. Column 5 below gives monthly CO2 concentrations in micro-mol CO2 per mole (ppm)  "
" reported on the 20 SIO manometric mole fraction scale.  This is the standard           "
" version of the data most often sought.  The monthly values have been adjusted             "
" to 24:00 hours on the 15th of each month.  Column 6 gives the same data after a seasonal  "
" adjustment to remove the quasi-regular seasonal cycle.  The adjustment involves           "
" subtracting from the data a 4-harmonic fit with a linear gain factor.  Column 7 is a      "
" smoothed version of the data generated from a stiff cubic spline function plus 4-harmonic "
" functions with linear gain.  Column 8 is the same smoothed version with the seasonal      "
" cycle removed.  Column 9 is identical to Column 5 except that the missing values from     "
" Column 5 have been filled with values from Column 7.  Column 10 is identical to Column 6  "
" except missing values have been filled with values from Column 8.  Missing values are     "
" denoted by -99.99                                                                         "
  Yr, Mn,    Date,      Date,     CO2,seasonally,        fit,  seasonally,      CO2, seasonally
    ,   ,        ,          ,        ,  adjusted,           ,adjusted fit,   filled,adjusted filled
    ,   ,   Excel,          ,     ppm,      ppm,        ppm,      ppm,       ppm,      ppm
1985, 01,   31062, 1985.0411,      NaN,      NaN,     350.02,   346.52,     350.02,   346.52
1985, 02,   31093, 1985.1260,      NaN,      NaN,     350.72,   346.62,     350.72,   346.62
1985, 03,   31121, 1985.2027,      NaN,      NaN,     351.18,   346.71,     351.18,   346.71
1985, 04,   31152, 1985.2877,      NaN,      NaN,     351.44,   346.81,     351.44,   346.81
1985, 05,   31182, 1985.3699,   352.60,   347.82,     351.68,   346.91,     352.60,   347.82
1985, 06,   31213, 1985.4548,   347.99,   345.22,     349.78,   347.01,     347.99,   345.22
1985, 07,   31243, 1985.5370,   343.16,   346.56,     343.71,   347.11,     343.16,   346.56
1985, 08,   31274, 1985.6219,      NaN,      NaN,     337.93,   347.21,     337.93,   347.21
1985, 09,   31305, 1985.7068,   338.52,   347.29,     338.55,   347.32,     338.52,   347.29
1985, 10,   31335, 1985.7890,   342.70,   347.08,     343.04,   347.42,     342.70,   347.08
1985, 11,   31366, 1985.8740,   346.99,   347.30,     347.21,   347.52,     346.99,   347.30
1985, 12,   31396, 1985.9562,   350.12,   347.89,     349.85,   347.62,     350.12,   347.89
1986, 01,   31427, 1986.0411,   351.00,   347.48,     351.25,   347.73,     351.00,   347.48
1986, 02,   31458, 1986.1260,   351.51,   347.38,     351.96,   347.83,     351.51,   347.38
1986, 03,   31486, 1986.2027,   352.68,   348.18,     352.42,   347.92,     352.68,   348.18
1986, 04,   31517, 1986.2877,   352.95,   348.29,     352.68,   348.02,     352.95,   348.29
1986, 05,   31547, 1986.3699,   353.54,   348.73,     352.93,   348.12,     353.54,   348.73
1986, 06,   31578, 1986.4548,   351.59,   348.80,     351.00,   348.21,     351.59,   348.80
1986, 07,   31608, 1986.5370,   346.76,   350.18,     344.88,   348.30,     346.76,   350.18
1986, 08,   31639, 1986.6219,   340.42,   349.76,     339.05,   348.40,     340.42,   349.76
1986, 09,   31670, 1986.7068,   339.30,   348.12,     339.67,   348.49,     339.30,   348.12
1986, 10,   31700, 1986.7890,   344.21,   348.62,     344.17,   348.58,     344.21,   348.62
1986, 11,   31731, 1986.8740,   348.57,   348.88,     348.37,   348.69,     348.57,   348.88
1986, 12,   31761, 1986.9562,   349.39,   347.15,     351.04,   348.80,     349.39,   347.15
1987, 01,   31792, 1987.0411,   351.35,   347.81,     352.47,   348.93,     351.35,   347.81
1987, 02,   31823, 1987.1260,   352.09,   347.94,     353.22,   349.07,     352.09,   347.94
1987, 03,   31851, 1987.2027,   353.89,   349.36,     353.74,   349.21,     353.89,   349.36
1987, 04,   31882, 1987.2877,   353.56,   348.87,     354.06,   349.37,     353.56,   348.87
1987, 05,   31912, 1987.3699,   354.52,   349.68,     354.38,   349.54,     354.52,   349.68
1987, 06,   31943, 1987.4548,   352.75,   349.94,     352.53,   349.72,     352.75,   349.94
1987, 07,   31973, 1987.5370,   348.11,   351.55,     346.47,   349.91,     348.11,   351.55
1987, 08,   32004, 1987.6219,   340.99,   350.39,     340.70,   350.10,     340.99,   350.39
1987, 09,   32035, 1987.7068,   340.45,   349.32,     341.43,   350.30,     340.45,   349.32
1987, 10,   32065, 1987.7890,   346.11,   350.55,     346.07,   350.51,     346.11,   350.55
1987, 11,   32096, 1987.8740,   349.23,   349.55,     350.41,   350.72,     349.23,   349.55
1987, 12,   32126, 1987.9562,   352.55,   350.30,     353.20,   350.94,     352.55,   350.30
1988, 01,   32157, 1988.0410,   354.07,   350.50,     354.74,   351.18,     354.07,   350.50
1988, 02,   32188, 1988.1257,   355.42,   351.24,     355.60,   351.42,     355.42,   351.24
1988, 03,   32217, 1988.2049,   356.17,   351.60,     356.21,   351.65,     356.17,   351.60
1988, 04,   32248, 1988.2896,   357.18,   352.45,     356.62,   351.90,     357.18,   352.45
1988, 05,   32278, 1988.3716,   356.88,   352.01,     357.00,   352.14,     356.88,   352.01
1988, 06,   32309, 1988.4563,   356.17,   353.42,     355.14,   352.39,     356.17,   353.42
1988, 07,   32339, 1988.5383,   348.33,   351.91,     349.05,   352.63,     348.33,   351.91
1988, 08,   32370, 1988.6230,   344.04,   353.54,     343.37,   352.87,     344.04,   353.54
1988, 09,   32401, 1988.7077,      NaN,      NaN,     344.21,   353.11,     344.21,   353.11
1988, 10,   32431, 1988.7896,   349.59,   354.03,     348.90,   353.33,     349.59,   354.03
1988, 11,   32462, 1988.8743,   354.88,   355.18,     353.24,   353.55,     354.88,   355.18
1988, 12,   32492, 1988.9563,   357.47,   355.19,     356.02,   353.75,     357.47,   355.19
1989, 01,   32523, 1989.0411,   356.34,   352.75,     357.54,   353.95,     356.34,   352.75
1989, 02,   32554, 1989.1260,   358.85,   354.64,     358.34,   354.13,     358.85,   354.64
1989, 03,   32582, 1989.2027,   360.08,   355.49,     358.88,   354.29,     360.08,   355.49
1989, 04,   32613, 1989.2877,   359.52,   354.76,     359.20,   354.45,     359.52,   354.76
1989, 05,   32643, 1989.3699,   359.51,   354.61,     359.50,   354.60,     359.51,   354.61
1989, 06,   32674, 1989.4548,   357.63,   354.78,     357.58,   354.74,     357.63,   354.78
1989, 07,   32704, 1989.5370,   351.44,   354.92,     351.38,   354.86,     351.44,   354.92
1989, 08,   32735, 1989.6219,   345.67,   355.19,     345.46,   354.98,     345.67,   355.19
1989, 09,   32766, 1989.7068,   346.20,   355.19,     346.10,   355.10,     346.20,   355.19
1989, 10,   32796, 1989.7890,   349.93,   354.43,     350.70,   355.19,     349.93,   354.43
1989, 11,   32827, 1989.8740,   354.72,   355.04,     354.97,   355.29,     354.72,   355.04
1989, 12,   32857, 1989.9562,   358.31,   356.02,     357.66,   355.38,     358.31,   356.02
1990, 01,   32888, 1990.0411,   359.29,   355.68,     359.07,   355.46,     359.29,   355.68
1990, 02,   32919, 1990.1260,   360.11,   355.88,     359.77,   355.54,     360.11,   355.88
1990, 03,   32947, 1990.2027,   360.76,   356.15,     360.22,   355.60,     360.76,   356.15
1990, 04,   32978, 1990.2877,   360.59,   355.80,     360.46,   355.68,     360.59,   355.80
1990, 05,   33008, 1990.3699,   360.24,   355.30,     360.68,   355.75,     360.24,   355.30
1990, 06,   33039, 1990.4548,   357.63,   354.77,     358.69,   355.83,     357.63,   354.77
1990, 07,   33069, 1990.5370,   351.15,   354.66,     352.41,   355.92,     351.15,   354.66
1990, 08,   33100, 1990.6219,   346.15,   355.73,     346.42,   356.01,     346.15,   355.73
1990, 09,   33131, 1990.7068,   347.12,   356.17,     347.06,   356.11,     347.12,   356.17
1990, 10,   33161, 1990.7890,   350.86,   355.38,     351.69,   356.21,     350.86,   355.38
1990, 11,   33192, 1990.8740,   355.78,   356.10,     356.00,   356.32,     355.78,   356.10
1990, 12,   33222, 1990.9562,   358.44,   356.14,     358.73,   356.43,     358.44,   356.14
1991, 01,   33253, 1991.0411,   360.50,   356.86,     360.19,   356.55,     360.50,   356.86
1991, 02,   33284, 1991.1260,   362.04,   357.77,     360.93,   356.67,     362.04,   357.77
1991, 03,   33312, 1991.2027,   360.93,   356.28,     361.42,   356.78,     360.93,   356.28
1991, 04,   33343, 1991.2877,   361.87,   357.06,     361.71,   356.89,     361.87,   357.06
1991, 05,   33373, 1991.3699,   361.44,   356.48,     361.97,   357.00,     361.44,   356.48
1991, 06,   33404, 1991.4548,   359.79,   356.91,     359.99,   357.11,     359.79,   356.91
1991, 07,   33434, 1991.5370,   354.00,   357.53,     353.68,   357.22,     354.00,   357.53
1991, 08,   33465, 1991.6219,   347.48,   357.13,     347.67,   357.32,     347.48,   357.13
1991, 09,   33496, 1991.7068,   348.73,   357.83,     348.30,   357.41,     348.73,   357.83
1991, 10,   33526, 1991.7890,   352.97,   357.53,     352.94,   357.49,     352.97,   357.53
1991, 11,   33557, 1991.8740,   357.54,   357.87,     357.24,   357.56,     357.54,   357.87
1991, 12,   33587, 1991.9562,   359.95,   357.63,     359.94,   357.63,     359.95,   357.63
1992, 01,   33618, 1992.0410,   362.11,   358.45,     361.34,   357.68,     362.11,   358.45
1992, 02,   33649, 1992.1257,   362.15,   357.87,     362.01,   357.72,     362.15,   357.87
1992, 03,   33678, 1992.2049,   363.73,   359.05,     362.43,   357.75,     363.73,   359.05
1992, 04,   33709, 1992.2896,   362.58,   357.73,     362.62,   357.77,     362.58,   357.73
1992, 05,   33739, 1992.3716,   363.11,   358.12,     362.77,   357.78,     363.11,   358.12
1992, 06,   33770, 1992.4563,   361.54,   358.72,     360.60,   357.78,     361.54,   358.72
1992, 07,   33800, 1992.5383,   353.78,   357.45,     354.11,   357.78,     353.78,   357.45
1992, 08,   33831, 1992.6230,   346.89,   356.64,     348.04,   357.79,     346.89,   356.64
1992, 09,   33862, 1992.7077,   347.83,   356.96,     348.66,   357.79,     347.83,   356.96
1992, 10,   33892, 1992.7896,   352.23,   356.78,     353.25,   357.80,     352.23,   356.78
1992, 11,   33923, 1992.8743,   356.78,   357.09,     357.50,   357.81,     356.78,   357.09
1992, 12,   33953, 1992.9563,   361.03,   358.70,     360.17,   357.83,     361.03,   358.70
1993, 01,   33984, 1993.0411,   361.87,   358.18,     361.55,   357.86,     361.87,   358.18
1993, 02,   34015, 1993.1260,   361.87,   357.55,     362.21,   357.89,     361.87,   357.55
1993, 03,   34043, 1993.2027,   362.73,   358.03,     362.63,   357.93,     362.73,   358.03
1993, 04,   34074, 1993.2877,   363.46,   358.59,     362.85,   357.97,     363.46,   358.59
1993, 05,   34104, 1993.3699,      NaN,      NaN,     363.05,   358.02,     363.05,   358.02
1993, 06,   34135, 1993.4548,   360.87,   357.95,     361.00,   358.08,     360.87,   357.95
1993, 07,   34165, 1993.5370,   354.03,   357.60,     354.58,   358.15,     354.03,   357.60
1993, 08,   34196, 1993.6219,   347.99,   357.75,     348.47,   358.24,     347.99,   357.75
1993, 09,   34227, 1993.7068,   348.48,   357.70,     349.11,   358.33,     348.48,   357.70
1993, 10,   34257, 1993.7890,   353.44,   358.05,     353.83,   358.44,     353.44,   358.05
1993, 11,   34288, 1993.8740,   357.03,   357.36,     358.24,   358.57,     357.03,   357.36
1993, 12,   34318, 1993.9562,   360.35,   358.01,     361.04,   358.70,     360.35,   358.01
1994, 01,   34349, 1994.0411,   363.03,   359.32,     362.55,   358.84,     363.03,   359.32
1994, 02,   34380, 1994.1260,   364.12,   359.78,     363.34,   359.00,     364.12,   359.78
1994, 03,   34408, 1994.2027,   364.84,   360.10,     363.87,   359.14,     364.84,   360.10
1994, 04,   34439, 1994.2877,   364.43,   359.53,     364.20,   359.30,     364.43,   359.53
1994, 05,   34469, 1994.3699,   364.28,   359.22,     364.51,   359.45,     364.28,   359.22
1994, 06,   34500, 1994.4548,   362.02,   359.09,     362.55,   359.62,     362.02,   359.09
1994, 07,   34530, 1994.5370,   356.57,   360.17,     356.18,   359.78,     356.57,   360.17
1994, 08,   34561, 1994.6219,   350.78,   360.61,     350.12,   359.95,     350.78,   360.61
1994, 09,   34592, 1994.7068,   350.52,   359.80,     350.84,   360.12,     350.52,   359.80
1994, 10,   34622, 1994.7890,   356.12,   360.76,     355.65,   360.29,     356.12,   360.76
1994, 11,   34653, 1994.8740,   360.05,   360.38,     360.13,   360.46,     360.05,   360.38
1994, 12,   34683, 1994.9562,   363.28,   360.93,     362.99,   360.63,     363.28,   360.93
1995, 01,   34714, 1995.0411,   363.49,   359.76,     364.54,   360.81,     363.49,   359.76
1995, 02,   34745, 1995.1260,   364.90,   360.53,     365.36,   360.99,     364.90,   360.53
1995, 03,   34773, 1995.2027,   366.70,   361.94,     365.92,   361.15,     366.70,   361.94
1995, 04,   34804, 1995.2877,   366.33,   361.40,     366.27,   361.34,     366.33,   361.40
1995, 05,   34834, 1995.3699,   365.74,   360.65,     366.60,   361.52,     365.74,   360.65
1995, 06,   34865, 1995.4548,   364.24,   361.29,     364.66,   361.70,     364.24,   361.29
1995, 07,   34895, 1995.5370,   358.46,   362.08,     358.26,   361.88,     358.46,   362.08
1995, 08,   34926, 1995.6219,   351.98,   361.87,     352.18,   362.07,     351.98,   361.87
1995, 09,   34957, 1995.7068,   353.51,   362.85,     352.92,   362.25,     353.51,   362.85
1995, 10,   34987, 1995.7890,   357.34,   362.00,     357.76,   362.43,     357.34,   362.00
1995, 11,   35018, 1995.8740,   362.36,   362.69,     362.27,   362.60,     362.36,   362.69
1995, 12,   35048, 1995.9562,   365.68,   363.31,     365.14,   362.77,     365.68,   363.31
1996, 01,   35079, 1996.0410,   366.95,   363.20,     366.68,   362.93,     366.95,   363.20
1996, 02,   35110, 1996.1257,   366.69,   362.30,     367.48,   363.09,     366.69,   362.30
1996, 03,   35139, 1996.2049,   367.63,   362.83,     368.03,   363.23,     367.63,   362.83
1996, 04,   35170, 1996.2896,   368.16,   363.19,     368.35,   363.38,     368.16,   363.19
1996, 05,   35200, 1996.3716,   369.13,   364.02,     368.63,   363.51,     369.13,   364.02
1996, 06,   35231, 1996.4563,   367.28,   364.39,     366.53,   363.64,     367.28,   364.39
1996, 07,   35261, 1996.5383,   361.39,   365.15,     360.00,   363.76,     361.39,   365.15
1996, 08,   35292, 1996.6230,   356.09,   366.07,     353.88,   363.87,     356.09,   366.07
1996, 09,   35323, 1996.7077,   354.58,   363.94,     354.62,   363.98,     354.58,   363.94
1996, 10,   35353, 1996.7896,   360.18,   364.84,     359.41,   364.07,     360.18,   364.84
1996, 11,   35384, 1996.8743,   364.12,   364.44,     363.84,   364.16,     364.12,   364.44
1996, 12,   35414, 1996.9563,   365.56,   363.17,     366.63,   364.24,     365.56,   363.17
1997, 01,   35445, 1997.0411,   368.35,   364.58,     368.11,   364.33,     368.35,   364.58
1997, 02,   35476, 1997.1260,   370.43,   366.00,     368.85,   364.43,     370.43,   366.00
1997, 03,   35504, 1997.2027,   368.18,   363.35,     369.34,   364.51,     368.18,   363.35
1997, 04,   35535, 1997.2877,   368.85,   363.85,     369.61,   364.62,     368.85,   363.85
1997, 05,   35565, 1997.3699,   369.50,   364.35,     369.87,   364.72,     369.50,   364.35
1997, 06,   35596, 1997.4548,   367.53,   364.54,     367.83,   364.85,     367.53,   364.54
1997, 07,   35626, 1997.5370,   360.76,   364.43,     361.31,   364.97,     360.76,   364.43
1997, 08,   35657, 1997.6219,   355.13,   365.14,     355.11,   365.12,     355.13,   365.14
1997, 09,   35688, 1997.7068,   356.08,   365.53,     355.82,   365.27,     356.08,   365.53
1997, 10,   35718, 1997.7890,   360.79,   365.51,     360.70,   365.43,     360.79,   365.51
1997, 11,   35749, 1997.8740,   364.81,   365.14,     365.27,   365.61,     364.81,   365.14
1997, 12,   35779, 1997.9562,   367.86,   365.46,     368.19,   365.79,     367.86,   365.46
1998, 01,   35810, 1998.0411,   369.46,   365.66,     369.79,   365.99,     369.46,   365.66
1998, 02,   35841, 1998.1260,   370.14,   365.69,     370.65,   366.20,     370.14,   365.69
1998, 03,   35869, 1998.2027,   370.91,   366.06,     371.25,   366.39,     370.91,   366.06
1998, 04,   35900, 1998.2877,   370.56,   365.54,     371.65,   366.62,     370.56,   365.54
1998, 05,   35930, 1998.3699,   371.58,   366.40,     372.03,   366.85,     371.58,   366.40
1998, 06,   35961, 1998.4548,   369.25,   366.24,     370.09,   367.09,     369.25,   366.24
1998, 07,   35991, 1998.5370,   364.42,   368.11,     363.63,   367.32,     364.42,   368.11
1998, 08,   36022, 1998.6219,   357.43,   367.50,     357.48,   367.55,     357.43,   367.50
1998, 09,   36053, 1998.7068,   360.60,   370.10,     358.27,   367.78,     360.60,   370.10
1998, 10,   36083, 1998.7890,   364.12,   368.88,     363.24,   367.99,     364.12,   368.88
1998, 11,   36114, 1998.8740,   368.78,   369.12,     367.86,   368.20,     368.78,   369.12
1998, 12,   36144, 1998.9562,   371.64,   369.22,     370.80,   368.39,     371.64,   369.22
1999, 01,   36175, 1999.0411,   372.68,   368.86,     372.39,   368.57,     372.68,   368.86
1999, 02,   36206, 1999.1260,   373.88,   369.40,     373.21,   368.73,     373.88,   369.40
1999, 03,   36234, 1999.2027,   373.82,   368.93,     373.75,   368.87,     373.82,   368.93
1999, 04,   36265, 1999.2877,   374.14,   369.08,     374.07,   369.01,     374.14,   369.08
1999, 05,   36295, 1999.3699,   374.54,   369.33,     374.36,   369.15,     374.54,   369.33
1999, 06,   36326, 1999.4548,   372.00,   368.97,     372.30,   369.28,     372.00,   368.97
1999, 07,   36356, 1999.5370,   364.72,   368.43,     365.69,   369.40,     364.72,   368.43
1999, 08,   36387, 1999.6219,   359.08,   369.21,     359.39,   369.53,     359.08,   369.21
1999, 09,   36418, 1999.7068,   359.77,   369.33,     360.09,   369.65,     359.77,   369.33
1999, 10,   36448, 1999.7890,   365.04,   369.83,     364.99,   369.78,     365.04,   369.83
1999, 11,   36479, 1999.8740,   369.89,   370.23,     369.56,   369.90,     369.89,   370.23
1999, 12,   36509, 1999.9562,   372.70,   370.27,     372.45,   370.03,     372.70,   370.27
2000, 01,   36540, 2000.0410,   373.28,   369.44,     374.00,   370.15,     373.28,   369.44
2000, 02,   36571, 2000.1257,   375.18,   370.68,     374.78,   370.28,     375.18,   370.68
2000, 03,   36600, 2000.2049,   374.88,   369.96,     375.31,   370.40,     374.88,   369.96
2000, 04,   36631, 2000.2896,   375.47,   370.38,     375.61,   370.52,     375.47,   370.38
2000, 05,   36661, 2000.3716,   376.22,   370.98,     375.88,   370.64,     376.22,   370.98
2000, 06,   36692, 2000.4563,   374.00,   371.04,     373.73,   370.77,     374.00,   371.04
2000, 07,   36722, 2000.5383,   366.47,   370.32,     367.03,   370.89,     366.47,   370.32
2000, 08,   36753, 2000.6230,   360.78,   371.01,     360.77,   371.01,     360.78,   371.01
2000, 09,   36784, 2000.7077,   361.88,   371.47,     361.54,   371.12,     361.88,   371.47
2000, 10,   36814, 2000.7896,   367.64,   372.42,     366.46,   371.23,     367.64,   372.42
2000, 11,   36845, 2000.8743,   370.64,   370.97,     371.02,   371.35,     370.64,   370.97
2000, 12,   36875, 2000.9563,   373.45,   371.00,     373.90,   371.45,     373.45,   371.00
2001, 01,   36906, 2001.0411,   376.21,   372.34,     375.43,   371.56,     376.21,   372.34
2001, 02,   36937, 2001.1260,   375.99,   371.46,     376.20,   371.67,     375.99,   371.46
2001, 03,   36965, 2001.2027,   376.49,   371.55,     376.71,   371.77,     376.49,   371.55
2001, 04,   36996, 2001.2877,   377.54,   372.42,     377.00,   371.88,     377.54,   372.42
2001, 05,   37026, 2001.3699,   377.72,   372.45,     377.27,   371.99,     377.72,   372.45
2001, 06,   37057, 2001.4548,   374.79,   371.73,     375.17,   372.11,     374.79,   371.73
2001, 07,   37087, 2001.5370,   367.33,   371.08,     368.47,   372.23,     367.33,   371.08
2001, 08,   37118, 2001.6219,   361.67,   371.92,     362.10,   372.36,     361.67,   371.92
2001, 09,   37149, 2001.7068,   363.52,   373.20,     362.81,   372.50,     363.52,   373.20
2001, 10,   37179, 2001.7890,   367.85,   372.69,     367.80,   372.64,     367.85,   372.69
2001, 11,   37210, 2001.8740,   373.26,   373.61,     372.45,   372.79,     373.26,   373.61
2001, 12,   37240, 2001.9562,   374.50,   372.04,     375.41,   372.95,     374.50,   372.04
2002, 01,   37271, 2002.0411,   376.71,   372.82,     377.01,   373.12,     376.71,   372.82
2002, 02,   37302, 2002.1260,   377.48,   372.92,     377.86,   373.30,     377.48,   372.92
2002, 03,   37330, 2002.2027,   378.33,   373.36,     378.44,   373.47,     378.33,   373.36
2002, 04,   37361, 2002.2877,   378.80,   373.65,     378.81,   373.67,     378.80,   373.65
2002, 05,   37391, 2002.3699,   379.07,   373.76,     379.17,   373.87,     379.07,   373.76
2002, 06,   37422, 2002.4548,   375.95,   372.87,     377.16,   374.08,     375.95,   372.87
2002, 07,   37452, 2002.5370,   370.71,   374.49,     370.52,   374.30,     370.71,   374.49
2002, 08,   37483, 2002.6219,   364.07,   374.38,     364.22,   374.53,     364.07,   374.38
2002, 09,   37514, 2002.7068,   365.47,   375.21,     365.03,   374.77,     365.47,   375.21
2002, 10,   37544, 2002.7890,   370.38,   375.24,     370.13,   375.00,     370.38,   375.24
2002, 11,   37575, 2002.8740,   374.16,   374.51,     374.89,   375.24,     374.16,   374.51
2002, 12,   37605, 2002.9562,   378.10,   375.62,     377.95,   375.48,     378.10,   375.62
2003, 01,   37636, 2003.0411,   379.10,   375.18,     379.63,   375.72,     379.10,   375.18
2003, 02,   37667, 2003.1260,   379.44,   374.86,     380.55,   375.96,     379.44,   374.86
2003, 03,   37695, 2003.2027,   380.97,   375.97,     381.17,   376.17,     380.97,   375.97
2003, 04,   37726, 2003.2877,   381.45,   376.28,     381.58,   376.41,     381.45,   376.28
2003, 05,   37756, 2003.3699,   382.45,   377.11,     381.96,   376.62,     382.45,   377.11
2003, 06,   37787, 2003.4548,   381.05,   377.95,     379.93,   376.83,     381.05,   377.95
2003, 07,   37817, 2003.5370,   373.76,   377.56,     373.23,   377.03,     373.76,   377.56
2003, 08,   37848, 2003.6219,   368.00,   378.38,     366.84,   377.21,     368.00,   378.38
2003, 09,   37879, 2003.7068,   368.67,   378.46,     367.59,   377.39,     368.67,   378.46
2003, 10,   37909, 2003.7890,   372.43,   377.33,     372.64,   377.54,     372.43,   377.33
2003, 11,   37940, 2003.8740,   377.82,   378.17,     377.34,   377.69,     377.82,   378.17
2003, 12,   37970, 2003.9562,   380.10,   377.61,     380.32,   377.83,     380.10,   377.61
2004, 01,   38001, 2004.0410,   382.54,   378.60,     381.90,   377.96,     382.54,   378.60
2004, 02,   38032, 2004.1257,   382.42,   377.81,     382.71,   378.09,     382.42,   377.81
2004, 03,   38061, 2004.2049,   381.67,   376.63,     383.25,   378.21,     381.67,   376.63
2004, 04,   38092, 2004.2896,   383.28,   378.07,     383.56,   378.34,     383.28,   378.07
2004, 05,   38122, 2004.3716,   383.63,   378.27,     383.83,   378.47,     383.63,   378.27
2004, 06,   38153, 2004.4563,   382.62,   379.59,     381.63,   378.60,     382.62,   379.59
2004, 07,   38183, 2004.5383,   374.60,   378.55,     374.78,   378.73,     374.60,   378.55
2004, 08,   38214, 2004.6230,   368.70,   379.18,     368.39,   378.87,     368.70,   379.18
2004, 09,   38245, 2004.7077,   368.69,   378.50,     369.19,   379.01,     368.69,   378.50
2004, 10,   38275, 2004.7896,   373.53,   378.42,     374.26,   379.15,     373.53,   378.42
2004, 11,   38306, 2004.8743,   378.62,   378.96,     378.97,   379.31,     378.62,   378.96
2004, 12,   38336, 2004.9563,   381.78,   379.28,     381.97,   379.47,     381.78,   379.28
2005, 01,   38367, 2005.0411,   384.95,   380.99,     383.60,   379.64,     384.95,   380.99
2005, 02,   38398, 2005.1260,   384.39,   379.75,     384.46,   379.82,     384.39,   379.75
2005, 03,   38426, 2005.2027,   384.22,   379.16,     385.05,   379.99,     384.22,   379.16
2005, 04,   38457, 2005.2877,   385.38,   380.14,     385.42,   380.18,     385.38,   380.14
2005, 05,   38487, 2005.3699,   385.39,   379.99,     385.78,   380.38,     385.39,   379.99
2005, 06,   38518, 2005.4548,   383.81,   380.67,     383.72,   380.59,     383.81,   380.67
2005, 07,   38548, 2005.5370,   377.03,   380.87,     376.95,   380.79,     377.03,   380.87
2005, 08,   38579, 2005.6219,   370.63,   381.12,     370.51,   381.01,     370.63,   381.12
2005, 09,   38610, 2005.7068,   372.21,   382.12,     371.32,   381.23,     372.21,   382.12
2005, 10,   38640, 2005.7890,   375.35,   380.31,     376.49,   381.44,     375.35,   380.31
2005, 11,   38671, 2005.8740,   381.81,   382.17,     381.32,   381.67,     381.81,   382.17
2005, 12,   38701, 2005.9562,   385.15,   382.63,     384.40,   381.89,     385.15,   382.63
2006, 01,   38732, 2006.0411,   385.05,   381.06,     386.10,   382.11,     385.05,   381.06
2006, 02,   38763, 2006.1260,   385.61,   380.94,     387.01,   382.34,     385.61,   380.94
2006, 03,   38791, 2006.2027,   386.89,   381.80,     387.64,   382.55,     386.89,   381.80
2006, 04,   38822, 2006.2877,   387.80,   382.54,     388.04,   382.78,     387.80,   382.54
2006, 05,   38852, 2006.3699,   388.70,   383.27,     388.42,   382.99,     388.70,   383.27
2006, 06,   38883, 2006.4548,   387.57,   384.42,     386.36,   383.20,     387.57,   384.42
2006, 07,   38913, 2006.5370,   380.85,   384.72,     379.53,   383.40,     380.85,   384.72
2006, 08,   38944, 2006.6219,   373.93,   384.49,     373.03,   383.59,     373.93,   384.49
2006, 09,   38975, 2006.7068,   374.93,   384.89,     373.79,   383.76,     374.93,   384.89
2006, 10,   39005, 2006.7890,   379.00,   383.99,     378.93,   383.92,     379.00,   383.99
2006, 11,   39036, 2006.8740,   384.31,   384.67,     383.71,   384.06,     384.31,   384.67
2006, 12,   39066, 2006.9562,   387.23,   384.70,     386.72,   384.19,     387.23,   384.70
2007, 01,   39097, 2007.0411,   388.37,   384.36,     388.33,   384.32,     388.37,   384.36
2007, 02,   39128, 2007.1260,   388.91,   384.21,     389.14,   384.44,     388.91,   384.21
2007, 03,   39156, 2007.2027,   389.78,   384.66,     389.67,   384.55,     389.78,   384.66
2007, 04,   39187, 2007.2877,   389.85,   384.55,     389.97,   384.67,     389.85,   384.55
2007, 05,   39217, 2007.3699,   389.59,   384.12,     390.25,   384.79,     389.59,   384.12
2007, 06,   39248, 2007.4548,   387.90,   384.72,     388.09,   384.92,     387.90,   384.72
2007, 07,   39278, 2007.5370,   380.80,   384.68,     381.16,   385.05,     380.80,   384.68
2007, 08,   39309, 2007.6219,   373.01,   383.63,     374.58,   385.19,     373.01,   383.63
2007, 09,   39340, 2007.7068,   375.47,   385.50,     375.32,   385.35,     375.47,   385.50
2007, 10,   39370, 2007.7890,   380.79,   385.80,     380.49,   385.51,     380.79,   385.80
2007, 11,   39401, 2007.8740,   384.38,   384.74,     385.32,   385.68,     384.38,   384.74
2007, 12,   39431, 2007.9562,      NaN,      NaN,     388.39,   385.85,     388.39,   385.85
2008, 01,   39462, 2008.0410,   390.21,   386.18,     390.05,   386.02,     390.21,   386.18
2008, 02,   39493, 2008.1257,   390.97,   386.25,     390.92,   386.20,     390.97,   386.25
2008, 03,   39522, 2008.2049,   392.63,   387.48,     391.51,   386.36,     392.63,   387.48
2008, 04,   39553, 2008.2896,   392.37,   387.04,     391.87,   386.53,     392.37,   387.04
2008, 05,   39583, 2008.3716,   392.73,   387.24,     392.18,   386.69,     392.73,   387.24
2008, 06,   39614, 2008.4563,   389.49,   386.39,     389.96,   386.86,     389.49,   386.39
2008, 07,   39644, 2008.5383,   383.00,   387.04,     382.97,   387.01,     383.00,   387.04
2008, 08,   39675, 2008.6230,      NaN,      NaN,     376.44,   387.16,     376.44,   387.16
2008, 09,   39706, 2008.7077,   377.58,   387.63,     377.27,   387.31,     377.58,   387.63
2008, 10,   39736, 2008.7896,   381.66,   386.67,     382.45,   387.45,     381.66,   386.67
2008, 11,   39767, 2008.8743,   388.29,   388.63,     387.25,   387.59,     388.29,   388.63
2008, 12,   39797, 2008.9563,   390.02,   387.46,     390.29,   387.72,     390.02,   387.46
2009, 01,   39828, 2009.0411,   393.30,   389.25,     391.91,   387.85,     393.30,   389.25
2009, 02,   39859, 2009.1260,   392.50,   387.75,     392.72,   387.98,     392.50,   387.75
2009, 03,   39887, 2009.2027,   393.58,   388.40,     393.26,   388.08,     393.58,   388.40
2009, 04,   39918, 2009.2877,   394.02,   388.66,     393.56,   388.20,     394.02,   388.66
2009, 05,   39948, 2009.3699,   394.13,   388.60,     393.84,   388.31,     394.13,   388.60
2009, 06,   39979, 2009.4548,   391.54,   388.33,     391.63,   388.42,     391.54,   388.33
2009, 07,   40009, 2009.5370,   384.90,   388.83,     384.60,   388.53,     384.90,   388.83
2009, 08,   40040, 2009.6219,   377.90,   388.64,     377.92,   388.66,     377.90,   388.64
2009, 09,   40071, 2009.7068,   377.87,   388.01,     378.65,   388.79,     377.87,   388.01
2009, 10,   40101, 2009.7890,   383.11,   388.18,     383.85,   388.92,     383.11,   388.18
2009, 11,   40132, 2009.8740,   387.40,   387.76,     388.72,   389.08,     387.40,   387.76
2009, 12,   40162, 2009.9562,      NaN,      NaN,     391.82,   389.24,     391.82,   389.24
2010, 01,   40193, 2010.0411,   392.52,   388.44,     393.50,   389.42,     392.52,   388.44
2010, 02,   40224, 2010.1260,   393.65,   388.87,     394.39,   389.61,     393.65,   388.87
2010, 03,   40252, 2010.2027,   393.81,   388.60,     395.00,   389.80,     393.81,   388.60
2010, 04,   40283, 2010.2877,   395.20,   389.81,     395.40,   390.01,     395.20,   389.81
2010, 05,   40313, 2010.3699,   395.76,   390.20,     395.78,   390.23,     395.76,   390.20
2010, 06,   40344, 2010.4548,   394.61,   391.39,     393.68,   390.45,     394.61,   391.39
2010, 07,   40374, 2010.5370,   386.39,   390.35,     386.71,   390.67,     386.39,   390.35
2010, 08,   40405, 2010.6219,   380.81,   391.61,     380.09,   390.89,     380.81,   391.61
2010, 09,   40436, 2010.7068,   382.32,   392.52,     380.91,   391.10,     382.32,   392.52
2010, 10,   40466, 2010.7890,   387.14,   392.23,     386.21,   391.31,     387.14,   392.23
2010, 11,   40497, 2010.8740,   391.52,   391.89,     391.14,   391.50,     391.52,   391.89
2010, 12,   40527, 2010.9562,   394.13,   391.54,     394.28,   391.69,     394.13,   391.54
2011, 01,   40558, 2011.0411,   395.38,   391.28,     395.98,   391.88,     395.38,   391.28
2011, 02,   40589, 2011.1260,   396.30,   391.50,     396.86,   392.06,     396.30,   391.50
2011, 03,   40617, 2011.2027,   397.61,   392.38,     397.45,   392.22,     397.61,   392.38
2011, 04,   40648, 2011.2877,   398.25,   392.83,     397.81,   392.39,     398.25,   392.83
2011, 05,   40678, 2011.3699,   398.56,   392.97,     398.14,   392.55,     398.56,   392.97
2011, 06,   40709, 2011.4548,   395.20,   391.95,     395.97,   392.72,     395.20,   391.95
2011, 07,   40739, 2011.5370,      NaN,      NaN,     388.91,   392.89,     388.91,   392.89
2011, 08,   40770, 2011.6219,   380.71,   391.57,     382.19,   393.05,     380.71,   391.57
2011, 09,   40801, 2011.7068,   381.94,   392.19,     382.97,   393.23,     381.94,   392.19
2011, 10,   40831, 2011.7890,   388.09,   393.21,     388.27,   393.39,     388.09,   393.21
2011, 11,   40862, 2011.8740,   393.76,   394.12,     393.20,   393.57,     393.76,   394.12
2011, 12,   40892, 2011.9562,   396.69,   394.08,     396.35,   393.74,     396.69,   394.08
2012, 01,   40923, 2012.0410,   399.09,   394.97,     398.05,   393.92,     399.09,   394.97
2012, 02,   40954, 2012.1257,   398.78,   393.96,     398.94,   394.11,     398.78,   393.96
2012, 03,   40983, 2012.2049,   399.38,   394.11,     399.55,   394.28,     399.38,   394.11
2012, 04,   41014, 2012.2896,   400.10,   394.64,     399.93,   394.48,     400.10,   394.64
2012, 05,   41044, 2012.3716,   400.35,   394.74,     400.28,   394.67,     400.35,   394.74
2012, 06,   41075, 2012.4563,   397.34,   394.17,     398.05,   394.88,     397.34,   394.17
2012, 07,   41105, 2012.5383,   389.62,   393.75,     390.95,   395.09,     389.62,   393.75
2012, 08,   41136, 2012.6230,   382.58,   393.55,     384.34,   395.31,     382.58,   393.55
2012, 09,   41167, 2012.7077,   386.00,   396.27,     385.27,   395.54,     386.00,   396.27
2012, 10,   41197, 2012.7896,   390.42,   395.54,     390.66,   395.77,     390.42,   395.54
2012, 11,   41228, 2012.8743,   395.99,   396.35,     395.67,   396.02,     395.99,   396.35
2012, 12,   41258, 2012.9563,   399.33,   396.70,     398.88,   396.26,     399.33,   396.70
2013, 01,   41289, 2013.0411,   400.92,   396.77,     400.65,   396.51,     400.92,   396.77
2013, 02,   41320, 2013.1260,   401.42,   396.56,     401.62,   396.76,     401.42,   396.56
2013, 03,   41348, 2013.2027,   401.50,   396.21,     402.28,   396.99,     401.50,   396.21
2013, 04,   41379, 2013.2877,   401.96,   396.48,     402.72,   397.24,     401.96,   396.48
2013, 05,   41409, 2013.3699,      NaN,      NaN,     403.14,   397.49,     403.14,   397.49
2013, 06,   41440, 2013.4548,   400.73,   397.45,     401.01,   397.73,     400.73,   397.45
2013, 07,   41470, 2013.5370,   394.81,   398.84,     393.95,   397.97,     394.81,   398.84
2013, 08,   41501, 2013.6219,   387.80,   398.83,     387.40,   398.43,     387.80,   398.83
2013, 09,   41532, 2013.7068,   387.88,   398.26,     388.30,   398.68,     387.88,   398.26
2013, 10,   41562, 2013.7890,   394.17,   399.48,     393.60,   398.91,     394.17,   399.48
2013, 11,   41593, 2013.8740,   399.69,   400.05,     398.75,   399.11,     399.69,   400.05
2013, 12,   41623, 2013.9562,   401.54,   398.89,     401.97,   399.31,     401.54,   398.89
2014, 01,   41654, 2014.0411,      NaN,      NaN,     403.67,   399.49,     403.67,   399.49
2014, 02,   41685, 2014.1260,   404.43,   399.58,     404.53,   399.68,     404.43,   399.58
2014, 03,   41713, 2014.2027,   406.71,   401.22,     405.32,   399.83,     406.71,   401.22
2014, 04,   41744, 2014.2877,   404.88,   399.25,     405.61,   399.98,     404.88,   399.25
2014, 05,   41774, 2014.3699,   405.53,   399.76,     405.89,   400.12,     405.53,   399.76
2014, 06,   41805, 2014.4548,   403.43,   400.18,     403.52,   400.26,     403.43,   400.18
2014, 07,   41835, 2014.5370,   396.18,   400.42,     396.15,   400.40,     396.18,   400.42
2014, 08,   41866, 2014.6219,   389.70,   400.64,     389.60,   400.54,     389.70,   400.64
2014, 09,   41897, 2014.7068,      NaN,      NaN,     390.48,   400.68,     390.48,   400.68
2014, 10,   41927, 2014.7890,      NaN,      NaN,     395.61,   400.81,     395.61,   400.81
2014, 11,   41958, 2014.8740,   399.27,   399.57,     400.66,   400.96,     399.27,   399.57
2014, 12,   41988, 2014.9562,   403.93,   401.19,     403.83,   401.10,     403.93,   401.19
2015, 01,   42019, 2015.0411,   403.98,   399.92,     405.31,   401.25,     403.98,   399.92
2015, 02,   42050, 2015.1260,   408.03,   403.04,     406.40,   401.41,     408.03,   403.04
2015, 03,   42078, 2015.2027,   407.97,   402.36,     407.17,   401.56,     407.97,   402.36
2015, 04,   42109, 2015.2877,   406.89,   401.20,     407.41,   401.72,     406.89,   401.20
2015, 05,   42139, 2015.3699,   407.44,   401.73,     407.59,   401.88,     407.44,   401.73
2015, 06,   42170, 2015.4548,   404.65,   401.70,     405.00,   402.05,     404.65,   401.70
2015, 07,   42200, 2015.5370,   397.65,   402.36,     397.51,   402.22,     397.65,   402.36
2015, 08,   42231, 2015.6219,   391.13,   402.36,     391.17,   402.40,     391.13,   402.36
2015, 09,   42262, 2015.7068,   392.41,   402.79,     392.19,   402.58,     392.41,   402.79
2015, 10,   42292, 2015.7890,   397.23,   402.41,     397.57,   402.75,     397.23,   402.41
2015, 11,   42323, 2015.8740,   403.91,   404.12,     402.72,   402.93,     403.91,   404.12
2015, 12,   42353, 2015.9562,   406.28,   403.46,     405.92,   403.10,     406.28,   403.46
2016, 01,   42384, 2016.0410,   406.72,   402.48,     407.52,   403.29,     406.72,   402.48
2016, 02,   42415, 2016.1257,   408.97,   403.82,     408.63,   403.48,     408.97,   403.82
2016, 03,   42444, 2016.2049,   409.07,   403.33,     409.42,   403.67,     409.07,   403.33
2016, 04,   42475, 2016.2896,   409.60,   403.83,     409.68,   403.91,     409.60,   403.83
2016, 05,   42505, 2016.3716,   409.30,   403.60,     409.86,   404.16,     409.30,   403.60
2016, 06,   42536, 2016.4563,   406.67,   403.85,     407.26,   404.44,     406.67,   403.85
2016, 07,   42566, 2016.5383,   399.43,   404.22,     399.95,   404.74,     399.43,   404.22
2016, 08,   42597, 2016.6230,   393.56,   404.93,     393.70,   405.07,     393.56,   404.93
2016, 09,   42628, 2016.7077,   394.46,   404.86,     395.01,   405.42,     394.46,   404.86
2016, 10,   42658, 2016.7896,   400.70,   405.91,     400.54,   405.75,     400.70,   405.91
2016, 11,   42689, 2016.8743,   405.81,   406.09,     405.81,   406.09,     405.81,   406.09
2016, 12,   42719, 2016.9563,   409.45,   406.69,     409.17,   406.41,     409.45,   406.69
2017, 01,   42750, 2017.0411,   412.46,   408.17,     411.02,   406.73,     412.46,   408.17
2017, 02,   42781, 2017.1260,   412.39,   407.01,     412.38,   407.00,     412.39,   407.01
2017, 03,   42809, 2017.2027,   413.66,   407.81,     413.08,   407.23,     413.66,   407.81
2017, 04,   42840, 2017.2877,   413.53,   407.80,     413.22,   407.48,     413.53,   407.80
2017, 05,   42870, 2017.3699,   413.79,   408.01,     413.45,   407.67,     413.79,   408.01
2017, 06,   42901, 2017.4548,   410.66,   407.72,     410.76,   407.82,     410.66,   407.72
2017, 07,   42931, 2017.5370,   403.61,   408.37,     403.20,   407.96,     403.61,   408.37
2017, 08,   42962, 2017.6219,   396.87,   408.21,     396.75,   408.09,     396.87,   408.21
2017, 09,   42993, 2017.7068,   397.73,   408.11,     397.84,   408.21,     397.73,   408.11
2017, 10,   43023, 2017.7890,   402.60,   407.86,     403.07,   408.33,     402.60,   407.86
2017, 11,   43054, 2017.8740,   407.81,   408.15,     408.11,   408.45,     407.81,   408.15
2017, 12,   43084, 2017.9562,   410.26,   407.58,     411.27,   408.60,     410.26,   407.58
2018, 01,   43115, 2018.0411,   413.52,   409.18,     413.11,   408.77,     413.52,   409.18
2018, 02,   43146, 2018.1260,   413.36,   407.86,     414.45,   408.95,     413.36,   407.86
2018, 03,   43174, 2018.2027,   413.98,   408.08,     415.02,   409.11,     413.98,   408.08
2018, 04,   43205, 2018.2877,   415.78,   410.01,     415.08,   409.31,     415.78,   410.01
2018, 05,   43235, 2018.3699,   415.24,   409.41,     415.35,   409.52,     415.24,   409.41
2018, 06,   43266, 2018.4548,   413.48,   410.59,     412.61,   409.72,     413.48,   410.59
2018, 07,   43296, 2018.5370,   406.33,   411.23,     405.01,   409.91,     406.33,   411.23
2018, 08,   43327, 2018.6219,   398.61,   410.00,     398.70,   410.09,     398.61,   410.00
2018, 09,   43358, 2018.7068,   400.18,   410.56,     399.88,   410.25,     400.18,   410.56
2018, 10,   43388, 2018.7890,   404.17,   409.50,     405.08,   410.41,     404.17,   409.50
2018, 11,   43419, 2018.8740,   409.84,   410.18,     410.25,   410.59,     409.84,   410.18
2018, 12,   43449, 2018.9562,   413.55,   410.88,     413.44,   410.77,     413.55,   410.88
2019, 01,   43480, 2019.0411,   414.61,   410.40,     415.17,   410.96,     414.61,   410.40
2019, 02,   43511, 2019.1260,   415.90,   410.50,     416.61,   411.21,     415.90,   410.50
2019, 03,   43539, 2019.2027,   417.54,   411.63,     417.32,   411.41,     417.54,   411.63
2019, 04,   43570, 2019.2877,   418.44,   412.64,     417.42,   411.63,     418.44,   412.64
2019, 05,   43600, 2019.3699,   417.57,   411.65,     417.77,   411.85,     417.57,   411.65
2019, 06,   43631, 2019.4548,   414.42,   411.51,     414.99,   412.08,     414.42,   411.51
2019, 07,   43661, 2019.5370,   407.82,   412.81,     407.32,   412.31,     407.82,   412.81
2019, 08,   43692, 2019.6219,   400.88,   412.27,     401.16,   412.55,     400.88,   412.27
2019, 09,   43723, 2019.7068,   402.30,   412.60,     402.48,   412.79,     402.30,   412.60
2019, 10,   43753, 2019.7890,   407.52,   412.82,     407.73,   413.03,     407.52,   412.82
2019, 11,   43784, 2019.8740,   412.75,   413.08,     412.93,   413.27,     412.75,   413.08
2019, 12,   43814, 2019.9562,   416.07,   413.31,     416.27,   413.50,     416.07,   413.31
2020, 01,   43845, 2020.0410,   418.37,   414.10,     418.01,   413.74,     418.37,   414.10
2020, 02,   43876, 2020.1257,   420.62,   415.27,     419.32,   413.98,     420.62,   415.27
2020, 03,   43905, 2020.2049,   419.49,   413.65,     420.03,   414.18,     419.49,   413.65
2020, 04,   43936, 2020.2896,   420.49,   414.67,     420.22,   414.40,     420.49,   414.67
2020, 05,   43966, 2020.3716,   420.25,   414.32,     420.54,   414.61,     420.25,   414.32
2020, 06,   43997, 2020.4563,   416.86,   414.05,     417.63,   414.82,     416.86,   414.05
2020, 07,   44027, 2020.5383,   408.89,   414.03,     409.90,   415.03,     408.89,   414.03
2020, 08,   44058, 2020.6230,   403.55,   415.01,     403.79,   415.25,     403.55,   415.01
2020, 09,   44089, 2020.7077,   406.98,   417.29,     405.16,   415.46,     406.98,   417.29
2020, 10,   44119, 2020.7896,   410.79,   416.07,     410.38,   415.66,     410.79,   416.07
2020, 11,   44150, 2020.8743,   416.50,   416.82,     415.52,   415.84,     416.50,   416.82
2020, 12,   44180, 2020.9563,   418.20,   415.42,     418.78,   416.00,     418.20,   415.42
2021, 01,   44211, 2021.0411,   418.80,   414.51,     420.45,   416.16,     418.80,   414.51
2021, 02,   44242, 2021.1260,   423.94,   418.56,     421.68,   416.31,     423.94,   418.56
2021, 03,   44270, 2021.2027,   422.09,   416.23,     422.31,   416.45,     422.09,   416.23
2021, 04,   44301, 2021.2877,   422.12,   416.28,     422.44,   416.60,     422.12,   416.28
2021, 05,   44331, 2021.3699,   423.24,   417.28,     422.71,   416.75,     423.24,   417.28
2021, 06,   44362, 2021.4548,   420.08,   417.15,     419.84,   416.91,     420.08,   417.15
2021, 07,   44392, 2021.5370,   411.49,   416.52,     412.04,   417.07,     411.49,   416.52
2021, 08,   44423, 2021.6219,   404.74,   416.21,     405.78,   417.25,     404.74,   416.21
2021, 09,   44454, 2021.7068,   407.88,   418.27,     407.05,   417.44,     407.88,   418.27
2021, 10,   44484, 2021.7890,   412.68,   418.02,     412.29,   417.63,     412.68,   418.02
2021, 11,   44515, 2021.8740,      NaN,      NaN,     417.49,   417.82,     417.49,   417.82
2021, 12,   44545, 2021.9562,      NaN,      NaN,     420.80,   418.02,     420.80,   418.02
2022, 01,   44576, 2022.0411,      NaN,      NaN,     422.52,   418.22,     422.52,   418.22
2022, 02,   44607, 2022.1260,      NaN,      NaN,     423.81,   418.42,     423.81,   418.42
2022, 03,   44635, 2022.2027,   424.33,   418.44,     424.49,   418.60,     424.33,   418.44
2022, 04,   44666, 2022.2877,   424.99,   419.13,     424.66,   418.80,     424.99,   419.13
2022, 05,   44696, 2022.3699,   425.11,   419.13,     424.97,   418.98,     425.11,   419.13
2022, 06,   44727, 2022.4548,   423.39,   420.45,     422.11,   419.17,     423.39,   420.45
2022, 07,   44757, 2022.5370,   413.23,   418.27,     414.30,   419.34,     413.23,   418.27
2022, 08,   44788, 2022.6219,   408.21,   419.73,     408.01,   419.52,     408.21,   419.73
2022, 09,   44819, 2022.7068,   408.89,   419.32,     409.28,   419.70,     408.89,   419.32
2022, 10,   44849, 2022.7890,   414.71,   420.07,     414.52,   419.88,     414.71,   420.07
2022, 11,   44880, 2022.8740,   420.42,   420.76,     419.73,   420.07,     420.42,   420.76
2022, 12,   44910, 2022.9562,   423.11,   420.31,     423.05,   420.26,     423.11,   420.31
2023, 01,   44941, 2023.0411,   424.90,   420.58,     424.78,   420.46,     424.90,   420.58
2023, 02,   44972, 2023.1260,   425.74,   420.33,     426.08,   420.67,     425.74,   420.33
2023, 03,   45000, 2023.2027,   426.15,   420.23,     426.78,   420.87,     426.15,   420.23
2023, 04,   45031, 2023.2877,   427.05,   421.17,     426.99,   421.11,     427.05,   421.17
2023, 05,   45061, 2023.3699,   427.18,   421.18,     427.35,   421.35,     427.18,   421.18
2023, 06,   45092, 2023.4548,   424.29,   421.33,     424.55,   421.60,     424.29,   421.33
2023, 07,   45122, 2023.5370,      NaN,      NaN,     416.79,   421.86,     416.79,   421.86
2023, 08,   45153, 2023.6219,   411.02,   422.58,     410.56,   422.12,     411.02,   422.58
2023, 09,   45184, 2023.7068,   412.80,   423.27,     411.92,   422.38,     412.80,   423.27
2023, 10,   45214, 2023.7890,   417.55,   422.92,     417.26,   422.63,     417.55,   422.92
2023, 11,   45245, 2023.8740,   422.30,   422.65,     422.55,   422.89,     422.30,   422.65
2023, 12,   45275, 2023.9562,   427.33,   424.52,     425.93,   423.13,     427.33,   424.52
2024, 01,   45306, 2024.0410,   427.50,   423.16,     427.70,   423.37,     427.50,   423.16
2024, 02,   45337, 2024.1257,   428.49,   423.06,     429.03,   423.60,     428.49,   423.06
2024, 03,   45366, 2024.2049,      NaN,      NaN,     429.76,   423.82,     429.76,   423.82
2024, 04,   45397, 2024.2896,      NaN,      NaN,     429.96,   424.05,     429.96,   424.05
2024, 05,   45427, 2024.3716,      NaN,      NaN,     430.30,   424.28,     430.30,   424.28
2024, 06,   45458, 2024.4563,      NaN,      NaN,     427.37,   424.52,     427.37,   424.52
2024, 07,   45488, 2024.5383,      NaN,      NaN,     419.53,   424.74,     419.53,   424.74
2024, 08,   45519, 2024.6230,      NaN,      NaN,     413.34,   424.98,     413.34,   424.98
2024, 09,   45550, 2024.7077,      NaN,      NaN,     414.75,   425.21,     414.75,   425.21
2024, 10,   45580, 2024.7896,      NaN,      NaN,     420.08,   425.44,     420.08,   425.44
2024, 11,   45611, 2024.8743,      NaN,      NaN,     425.35,   425.67,     425.35,   425.67
2024, 12,   45641, 2024.9563,      NaN,      NaN,     428.72,   425.90,     428.72,   425.90
