"-------------------------------------------------------------------------------------------"
" Monthly average CO2 concentrations (ppm) derived from daily flask and in situ (continuous) data. "
" Point Barrow, Alasks.                                                                     "
"  In situ data is sporadically used only during a limited time period from 1961 to 1967"
"  Outside this period, the record is entirely flask-based"
"                                                                                           "
" Source: R. F. Keeling and S. J. Walker                                                    "
" Scripps CO2 Program ( http://scrippsco2.ucsd.edu )                                        "
" Scripps Institution of Oceanography (SIO)                                                 "
" University of California                                                                  "
" La Jolla, California USA 92093-0244                                                       "
"                                                                                           "
" Status of data and correspondence:                                                        "
"                                                                                           "
" These data are subject to revision based on recalibration of standard gases. Questions    "
" about the data should be directed to Dr. Ralph Keeling (rkeeling AT ucsd.edu) and         "
" Dr. Stephen Walker (sjwalker AT ucsd.edu), Scripps CO2 Program.                           "
"                                                                                           "
" Flask data from archive dated 19-Apr-2024 10:43:25                                        "
"                                                                                           "
"-------------------------------------------------------------------------------------------"
"                                                                                           "
" Please cite as:                                                                           "
"                                                                                           "
" C. D. Keeling, S. C. Piper, R. B. Bacastow, M. Wahlen, T. P. Whorf, M. Heimann, and       "
" H. A. Meijer, Exchanges of atmospheric CO2 and 13CO2 with the terrestrial biosphere and   "
" oceans from 1978 to 2000.  I. Global aspects, SIO Reference Series, No. 01-06, Scripps    "
" Institution of Oceanography, San Diego, 88 pages, 2001.                                   "
"                                                                                           "
" If it is necessary to cite a peer-reviewed article, please cite as:                       "
"                                                                                           "
" C. D. Keeling, S. C. Piper, R. B. Bacastow, M. Wahlen, T. P. Whorf, M. Heimann, and       "
" H. A. Meijer, Atmospheric CO2 and 13CO2 exchange with the terrestrial biosphere and       "
" oceans from 1978 to 2000: observations and carbon cycle implications, pages 83-113,       "
" in "A History of Atmospheric CO2 and its effects on Plants, Animals, and Ecosystems",     "
" editors, Ehleringer, J.R., T. E. Cerling, M. D. Dearing, Springer Verlag,                 "
" New York, 2005.                                                                           "
"                                                                                           "
"-------------------------------------------------------------------------------------------"
"                                                                                           "
" The data file below contains 10 columns.  Columns 1-4 give the dates in several redundant "
" formats. Column 5 below gives monthly CO2 concentrations in micro-mol CO2 per mole (ppm)  "
" reported on the 2012 SIO manometric mole fraction scale.  This is the standard           "
" version of the data most often sought.  The monthly values have been adjusted             "
" to 24:00 hours on the 15th of each month.  Column 6 gives the same data after a seasonal  "
" adjustment to remove the quasi-regular seasonal cycle.  The adjustment involves           "
" subtracting from the data a 4-harmonic fit with a linear gain factor.  Column 7 is a      "
" smoothed version of the data generated from a stiff cubic spline function plus 4-harmonic "
" functions with linear gain.  Column 8 is the same smoothed version with the seasonal      "
" cycle removed.  Column 9 is identical to Column 5 except that the missing values from     "
" Column 5 have been filled with values from Column 7.  Column 10 is identical to Column 6  "
" except missing values have been filled with values from Column 8.  Missing values are     "
" denoted by -99.99                                                                         "
"                                                                                           "
" CO2 concentrations are reported on the Scripps '12' Calibration scale                     "
"                                                                                           "
  Yr, Mn,    Date,      Date,     CO2,seasonally,        fit,  seasonally,      CO2, seasonally
    ,   ,        ,          ,        ,  adjusted,           ,adjusted fit,   filled,adjusted filled
    ,   ,   Excel,          ,     ppm,      ppm,        ppm,      ppm,       ppm,      ppm
1961, 01,   22296, 1961.0411,      NaN,      NaN,     321.45,   318.50,     321.45,   318.50
1961, 02,   22327, 1961.1260,      NaN,      NaN,     321.96,   318.56,     321.96,   318.56
1961, 03,   22355, 1961.2027,      NaN,      NaN,     322.19,   318.62,     322.19,   318.62
1961, 04,   22386, 1961.2877,      NaN,      NaN,     322.34,   318.69,     322.34,   318.69
1961, 05,   22416, 1961.3699,      NaN,      NaN,     322.71,   318.76,     322.71,   318.76
1961, 06,   22447, 1961.4548,      NaN,      NaN,     321.01,   318.83,     321.01,   318.83
1961, 07,   22477, 1961.5370,   315.23,   318.66,     315.46,   318.89,     315.23,   318.66
1961, 08,   22508, 1961.6219,   310.13,   318.37,     310.72,   318.96,     310.13,   318.37
1961, 09,   22539, 1961.7068,   312.37,   319.37,     312.03,   319.03,     312.37,   319.37
1961, 10,   22569, 1961.7890,   317.14,   320.10,     316.14,   319.09,     317.14,   320.10
1961, 11,   22600, 1961.8740,   319.70,   319.51,     319.33,   319.15,     319.70,   319.51
1961, 12,   22630, 1961.9562,   320.75,   318.75,     321.20,   319.20,     320.75,   318.75
1962, 01,   22661, 1962.0411,      NaN,      NaN,     322.23,   319.25,     322.23,   319.25
1962, 02,   22692, 1962.1260,   323.18,   319.74,     322.74,   319.30,     323.18,   319.74
1962, 03,   22720, 1962.2027,   322.41,   318.80,     322.95,   319.34,     322.41,   318.80
1962, 04,   22751, 1962.2877,   322.88,   319.20,     323.08,   319.40,     322.88,   319.20
1962, 05,   22781, 1962.3699,   323.96,   319.97,     323.44,   319.45,     323.96,   319.97
1962, 06,   22812, 1962.4548,   322.31,   320.11,     321.71,   319.51,     322.31,   320.11
1962, 07,   22842, 1962.5370,   316.17,   319.64,     316.10,   319.57,     316.17,   319.64
1962, 08,   22873, 1962.6219,   310.07,   318.40,     311.32,   319.64,     310.07,   318.40
1962, 09,   22904, 1962.7068,   312.33,   319.41,     312.65,   319.73,     312.33,   319.41
1962, 10,   22934, 1962.7890,   316.55,   319.53,     316.84,   319.82,     316.55,   319.53
1962, 11,   22965, 1962.8740,   320.37,   320.18,     320.12,   319.93,     320.37,   320.18
1962, 12,   22995, 1962.9562,   321.93,   319.91,     322.06,   320.04,     321.93,   319.91
1963, 01,   23026, 1963.0411,   322.68,   319.66,     323.17,   320.16,     322.68,   319.66
1963, 02,   23057, 1963.1260,   324.00,   320.52,     323.75,   320.28,     324.00,   320.52
1963, 03,   23085, 1963.2027,   324.87,   321.23,     324.02,   320.38,     324.87,   321.23
1963, 04,   23116, 1963.2877,   324.05,   320.33,     324.21,   320.49,     324.05,   320.33
1963, 05,   23146, 1963.3699,   324.71,   320.67,     324.63,   320.60,     324.71,   320.67
1963, 06,   23177, 1963.4548,   322.64,   320.41,     322.93,   320.70,     322.64,   320.41
1963, 07,   23207, 1963.5370,   317.88,   321.39,     317.29,   320.79,     317.88,   321.39
1963, 08,   23238, 1963.6219,   312.28,   320.69,     312.47,   320.88,     312.28,   320.69
1963, 09,   23269, 1963.7068,   313.59,   320.74,     313.82,   320.97,     313.59,   320.74
1963, 10,   23299, 1963.7890,   317.24,   320.26,     318.04,   321.05,     317.24,   320.26
1963, 11,   23330, 1963.8740,      NaN,      NaN,     321.32,   321.13,     321.32,   321.13
1963, 12,   23360, 1963.9562,      NaN,      NaN,     323.25,   321.21,     323.25,   321.21
1964, 01,   23391, 1964.0410,      NaN,      NaN,     324.33,   321.28,     324.33,   321.28
1964, 02,   23422, 1964.1257,      NaN,      NaN,     324.86,   321.35,     324.86,   321.35
1964, 03,   23451, 1964.2049,      NaN,      NaN,     325.10,   321.42,     325.10,   321.42
1964, 04,   23482, 1964.2896,      NaN,      NaN,     325.25,   321.49,     325.25,   321.49
1964, 05,   23512, 1964.3716,      NaN,      NaN,     325.62,   321.55,     325.62,   321.55
1964, 06,   23543, 1964.4563,      NaN,      NaN,     323.78,   321.61,     323.78,   321.61
1964, 07,   23573, 1964.5383,      NaN,      NaN,     318.02,   321.66,     318.02,   321.66
1964, 08,   23604, 1964.6230,      NaN,      NaN,     313.20,   321.72,     313.20,   321.72
1964, 09,   23635, 1964.7077,      NaN,      NaN,     314.58,   321.77,     314.58,   321.77
1964, 10,   23665, 1964.7896,      NaN,      NaN,     318.80,   321.82,     318.80,   321.82
1964, 11,   23696, 1964.8743,      NaN,      NaN,     322.06,   321.86,     322.06,   321.86
1964, 12,   23726, 1964.9563,   321.76,   319.69,     323.96,   321.90,     321.76,   319.69
1965, 01,   23757, 1965.0411,   324.67,   321.59,     325.02,   321.94,     324.67,   321.59
1965, 02,   23788, 1965.1260,      NaN,      NaN,     325.52,   321.97,     325.52,   321.97
1965, 03,   23816, 1965.2027,      NaN,      NaN,     325.71,   322.00,     325.71,   322.00
1965, 04,   23847, 1965.2877,      NaN,      NaN,     325.82,   322.02,     325.82,   322.02
1965, 05,   23877, 1965.3699,      NaN,      NaN,     326.15,   322.03,     326.15,   322.03
1965, 06,   23908, 1965.4548,   325.50,   323.23,     324.31,   322.03,     325.50,   323.23
1965, 07,   23938, 1965.5370,   319.14,   322.71,     318.45,   322.03,     319.14,   322.71
1965, 08,   23969, 1965.6219,   313.65,   322.23,     313.43,   322.01,     313.65,   322.23
1965, 09,   24000, 1965.7068,   314.01,   321.31,     314.69,   321.99,     314.01,   321.31
1965, 10,   24030, 1965.7890,   319.20,   322.28,     318.90,   321.98,     319.20,   322.28
1965, 11,   24061, 1965.8740,   322.29,   322.10,     322.17,   321.97,     322.29,   322.10
1965, 12,   24091, 1965.9562,   323.10,   321.01,     324.07,   321.98,     323.10,   321.01
1966, 01,   24122, 1966.0411,   325.13,   322.02,     325.13,   322.02,     325.13,   322.02
1966, 02,   24153, 1966.1260,   324.81,   321.23,     325.65,   322.07,     324.81,   321.23
1966, 03,   24181, 1966.2027,   325.60,   321.85,     325.89,   322.14,     325.60,   321.85
1966, 04,   24212, 1966.2877,   326.12,   322.29,     326.07,   322.23,     326.12,   322.29
1966, 05,   24242, 1966.3699,      NaN,      NaN,     326.50,   322.34,     326.50,   322.34
1966, 06,   24273, 1966.4548,   325.85,   323.56,     324.75,   322.45,     325.85,   323.56
1966, 07,   24303, 1966.5370,   319.55,   323.16,     318.96,   322.57,     319.55,   323.16
1966, 08,   24334, 1966.6219,   314.60,   323.27,     314.02,   322.69,     314.60,   323.27
1966, 09,   24365, 1966.7068,   315.46,   322.83,     315.43,   322.81,     315.46,   322.83
1966, 10,   24395, 1966.7890,   320.22,   323.33,     319.81,   322.92,     320.22,   323.33
1966, 11,   24426, 1966.8740,   323.18,   322.99,     323.23,   323.03,     323.18,   322.99
1966, 12,   24456, 1966.9562,   325.37,   323.26,     325.26,   323.15,     325.37,   323.26
1967, 01,   24487, 1967.0411,   326.06,   322.92,     326.43,   323.29,     326.06,   322.92
1967, 02,   24518, 1967.1260,   326.59,   322.97,     327.05,   323.44,     326.59,   322.97
1967, 03,   24546, 1967.2027,   326.62,   322.82,     327.38,   323.59,     326.62,   322.82
1967, 04,   24577, 1967.2877,   327.26,   323.39,     327.65,   323.77,     327.26,   323.39
1967, 05,   24607, 1967.3699,   328.27,   324.07,     328.17,   323.96,     328.27,   324.07
1967, 06,   24638, 1967.4548,   326.54,   324.22,     326.49,   324.17,     326.54,   324.22
1967, 07,   24668, 1967.5370,   321.42,   325.07,     320.73,   324.38,     321.42,   325.07
1967, 08,   24699, 1967.6219,   316.35,   325.10,     315.83,   324.59,     316.35,   325.10
1967, 09,   24730, 1967.7068,   317.07,   324.51,     317.35,   324.80,     317.07,   324.51
1967, 10,   24760, 1967.7890,      NaN,      NaN,     321.86,   324.99,     321.86,   324.99
1967, 11,   24791, 1967.8740,      NaN,      NaN,     325.39,   325.19,     325.39,   325.19
1967, 12,   24821, 1967.9562,      NaN,      NaN,     327.51,   325.38,     327.51,   325.38
1968, 01,   24852, 1968.0410,      NaN,      NaN,     328.75,   325.58,     328.75,   325.58
1968, 02,   24883, 1968.1257,      NaN,      NaN,     329.42,   325.77,     329.42,   325.77
1968, 03,   24912, 1968.2049,      NaN,      NaN,     329.77,   325.94,     329.77,   325.94
1968, 04,   24943, 1968.2896,      NaN,      NaN,     330.04,   326.12,     330.04,   326.12
1968, 05,   24973, 1968.3716,      NaN,      NaN,     330.54,   326.29,     330.54,   326.29
1968, 06,   25004, 1968.4563,      NaN,      NaN,     328.74,   326.47,     328.74,   326.47
1968, 07,   25034, 1968.5383,      NaN,      NaN,     322.85,   326.64,     322.85,   326.64
1968, 08,   25065, 1968.6230,      NaN,      NaN,     317.94,   326.81,     317.94,   326.81
1968, 09,   25096, 1968.7077,      NaN,      NaN,     319.49,   326.97,     319.49,   326.97
1968, 10,   25126, 1968.7896,      NaN,      NaN,     323.99,   327.13,     323.99,   327.13
1968, 11,   25157, 1968.8743,      NaN,      NaN,     327.50,   327.29,     327.50,   327.29
1968, 12,   25187, 1968.9563,      NaN,      NaN,     329.59,   327.44,     329.59,   327.44
1969, 01,   25218, 1969.0411,      NaN,      NaN,     330.80,   327.59,     330.80,   327.59
1969, 02,   25249, 1969.1260,      NaN,      NaN,     331.43,   327.74,     331.43,   327.74
1969, 03,   25277, 1969.2027,      NaN,      NaN,     331.74,   327.88,     331.74,   327.88
1969, 04,   25308, 1969.2877,      NaN,      NaN,     331.97,   328.02,     331.97,   328.02
1969, 05,   25338, 1969.3699,      NaN,      NaN,     332.44,   328.16,     332.44,   328.16
1969, 06,   25369, 1969.4548,      NaN,      NaN,     330.66,   328.30,     330.66,   328.30
1969, 07,   25399, 1969.5370,      NaN,      NaN,     324.71,   328.43,     324.71,   328.43
1969, 08,   25430, 1969.6219,      NaN,      NaN,     319.63,   328.56,     319.63,   328.56
1969, 09,   25461, 1969.7068,      NaN,      NaN,     321.10,   328.69,     321.10,   328.69
1969, 10,   25491, 1969.7890,      NaN,      NaN,     325.61,   328.81,     325.61,   328.81
1969, 11,   25522, 1969.8740,      NaN,      NaN,     329.14,   328.94,     329.14,   328.94
1969, 12,   25552, 1969.9562,      NaN,      NaN,     331.23,   329.06,     331.23,   329.06
1970, 01,   25583, 1970.0411,      NaN,      NaN,     332.41,   329.18,     332.41,   329.18
1970, 02,   25614, 1970.1260,      NaN,      NaN,     333.02,   329.29,     333.02,   329.29
1970, 03,   25642, 1970.2027,      NaN,      NaN,     333.30,   329.40,     333.30,   329.40
1970, 04,   25673, 1970.2877,      NaN,      NaN,     333.50,   329.51,     333.50,   329.51
1970, 05,   25703, 1970.3699,      NaN,      NaN,     333.95,   329.62,     333.95,   329.62
1970, 06,   25734, 1970.4548,      NaN,      NaN,     332.11,   329.72,     332.11,   329.72
1970, 07,   25764, 1970.5370,      NaN,      NaN,     326.07,   329.83,     326.07,   329.83
1970, 08,   25795, 1970.6219,      NaN,      NaN,     320.91,   329.93,     320.91,   329.93
1970, 09,   25826, 1970.7068,      NaN,      NaN,     322.36,   330.03,     322.36,   330.03
1970, 10,   25856, 1970.7890,      NaN,      NaN,     326.89,   330.12,     326.89,   330.12
1970, 11,   25887, 1970.8740,      NaN,      NaN,     330.42,   330.22,     330.42,   330.22
1970, 12,   25917, 1970.9562,      NaN,      NaN,     332.50,   330.31,     332.50,   330.31
1971, 01,   25948, 1971.0411,      NaN,      NaN,     333.67,   330.40,     333.67,   330.40
1971, 02,   25979, 1971.1260,      NaN,      NaN,     334.25,   330.49,     334.25,   330.49
1971, 03,   26007, 1971.2027,      NaN,      NaN,     334.51,   330.57,     334.51,   330.57
1971, 04,   26038, 1971.2877,      NaN,      NaN,     334.68,   330.65,     334.68,   330.65
1971, 05,   26068, 1971.3699,      NaN,      NaN,     335.11,   330.74,     335.11,   330.74
1971, 06,   26099, 1971.4548,      NaN,      NaN,     333.23,   330.82,     333.23,   330.82
1971, 07,   26129, 1971.5370,      NaN,      NaN,     327.10,   330.89,     327.10,   330.89
1971, 08,   26160, 1971.6219,      NaN,      NaN,     321.86,   330.97,     321.86,   330.97
1971, 09,   26191, 1971.7068,      NaN,      NaN,     323.31,   331.05,     323.31,   331.05
1971, 10,   26221, 1971.7890,      NaN,      NaN,     327.86,   331.12,     327.86,   331.12
1971, 11,   26252, 1971.8740,      NaN,      NaN,     331.40,   331.19,     331.40,   331.19
1971, 12,   26282, 1971.9562,      NaN,      NaN,     333.47,   331.26,     333.47,   331.26
1972, 01,   26313, 1972.0410,      NaN,      NaN,     334.63,   331.33,     334.63,   331.33
1972, 02,   26344, 1972.1257,      NaN,      NaN,     335.19,   331.39,     335.19,   331.39
1972, 03,   26373, 1972.2049,      NaN,      NaN,     335.44,   331.46,     335.44,   331.46
1972, 04,   26404, 1972.2896,      NaN,      NaN,     335.59,   331.52,     335.59,   331.52
1972, 05,   26434, 1972.3716,      NaN,      NaN,     335.99,   331.58,     335.99,   331.58
1972, 06,   26465, 1972.4563,      NaN,      NaN,     334.00,   331.64,     334.00,   331.64
1972, 07,   26495, 1972.5383,      NaN,      NaN,     327.76,   331.70,     327.76,   331.70
1972, 08,   26526, 1972.6230,      NaN,      NaN,     322.54,   331.76,     322.54,   331.76
1972, 09,   26557, 1972.7077,      NaN,      NaN,     324.04,   331.81,     324.04,   331.81
1972, 10,   26587, 1972.7896,      NaN,      NaN,     328.60,   331.87,     328.60,   331.87
1972, 11,   26618, 1972.8743,      NaN,      NaN,     332.14,   331.92,     332.14,   331.92
1972, 12,   26648, 1972.9563,      NaN,      NaN,     334.20,   331.97,     334.20,   331.97
1973, 01,   26679, 1973.0411,      NaN,      NaN,     335.35,   332.02,     335.35,   332.02
1973, 02,   26710, 1973.1260,      NaN,      NaN,     335.91,   332.07,     335.91,   332.07
1973, 03,   26738, 1973.2027,      NaN,      NaN,     336.14,   332.12,     336.14,   332.12
1973, 04,   26769, 1973.2877,      NaN,      NaN,     336.27,   332.16,     336.27,   332.16
1973, 05,   26799, 1973.3699,      NaN,      NaN,     336.66,   332.21,     336.66,   332.21
1973, 06,   26830, 1973.4548,      NaN,      NaN,     334.71,   332.26,     334.71,   332.26
1973, 07,   26860, 1973.5370,      NaN,      NaN,     328.43,   332.30,     328.43,   332.30
1973, 08,   26891, 1973.6219,      NaN,      NaN,     323.06,   332.34,     323.06,   332.34
1973, 09,   26922, 1973.7068,      NaN,      NaN,     324.50,   332.39,     324.50,   332.39
1973, 10,   26952, 1973.7890,      NaN,      NaN,     329.10,   332.43,     329.10,   332.43
1973, 11,   26983, 1973.8740,      NaN,      NaN,     332.68,   332.47,     332.68,   332.47
1973, 12,   27013, 1973.9562,      NaN,      NaN,     334.76,   332.51,     334.76,   332.51
1974, 01,   27044, 1974.0411,   336.19,   332.82,     335.91,   332.55,     336.19,   332.82
1974, 02,   27075, 1974.1260,      NaN,      NaN,     336.46,   332.59,     336.46,   332.59
1974, 03,   27103, 1974.2027,   337.07,   333.02,     336.68,   332.62,     337.07,   333.02
1974, 04,   27134, 1974.2877,   336.34,   332.19,     336.80,   332.66,     336.34,   332.19
1974, 05,   27164, 1974.3699,   337.00,   332.50,     337.19,   332.70,     337.00,   332.50
1974, 06,   27195, 1974.4548,   336.35,   333.87,     335.21,   332.73,     336.35,   333.87
1974, 07,   27225, 1974.5370,   330.97,   334.88,     328.87,   332.77,     330.97,   334.88
1974, 08,   27256, 1974.6219,   323.05,   332.42,     323.44,   332.81,     323.05,   332.42
1974, 09,   27287, 1974.7068,   324.03,   331.99,     324.88,   332.84,     324.03,   331.99
1974, 10,   27317, 1974.7890,   327.85,   331.21,     329.53,   332.88,     327.85,   331.21
1974, 11,   27348, 1974.8740,   332.61,   332.40,     333.14,   332.93,     332.61,   332.40
1974, 12,   27378, 1974.9562,   335.02,   332.74,     335.24,   332.97,     335.02,   332.74
1975, 01,   27409, 1975.0411,   337.15,   333.76,     336.41,   333.02,     337.15,   333.76
1975, 02,   27440, 1975.1260,   338.75,   334.84,     336.97,   333.06,     338.75,   334.84
1975, 03,   27468, 1975.2027,   336.55,   332.46,     337.20,   333.11,     336.55,   332.46
1975, 04,   27499, 1975.2877,   337.32,   333.14,     337.34,   333.16,     337.32,   333.14
1975, 05,   27529, 1975.3699,   337.42,   332.88,     337.75,   333.21,     337.42,   332.88
1975, 06,   27560, 1975.4548,   335.49,   332.99,     335.77,   333.26,     335.49,   332.99
1975, 07,   27590, 1975.5370,   329.88,   333.82,     329.38,   333.32,     329.88,   333.82
1975, 08,   27621, 1975.6219,   324.21,   333.67,     323.93,   333.38,     324.21,   333.67
1975, 09,   27652, 1975.7068,   324.98,   333.02,     325.41,   333.45,     324.98,   333.02
1975, 10,   27682, 1975.7890,   329.34,   332.73,     330.12,   333.51,     329.34,   332.73
1975, 11,   27713, 1975.8740,   333.63,   333.41,     333.79,   333.58,     333.63,   333.41
1975, 12,   27743, 1975.9562,   335.72,   333.43,     335.95,   333.65,     335.72,   333.43
1976, 01,   27774, 1976.0410,   337.09,   333.67,     337.15,   333.73,     337.09,   333.67
1976, 02,   27805, 1976.1257,   337.36,   333.42,     337.75,   333.81,     337.36,   333.42
1976, 03,   27834, 1976.2049,   338.40,   334.27,     338.02,   333.88,     338.40,   334.27
1976, 04,   27865, 1976.2896,   339.37,   335.14,     338.19,   333.96,     339.37,   335.14
1976, 05,   27895, 1976.3716,   338.68,   334.10,     338.62,   334.04,     338.68,   334.10
1976, 06,   27926, 1976.4563,   336.60,   334.15,     336.57,   334.13,     336.60,   334.15
1976, 07,   27956, 1976.5383,   330.91,   335.00,     330.12,   334.21,     330.91,   335.00
1976, 08,   27987, 1976.6230,   324.39,   333.96,     324.73,   334.30,     324.39,   333.96
1976, 09,   28018, 1976.7077,   326.41,   334.48,     326.32,   334.40,     326.41,   334.48
1976, 10,   28048, 1976.7896,   329.69,   333.08,     331.10,   334.49,     329.69,   333.08
1976, 11,   28079, 1976.8743,   333.59,   333.36,     334.81,   334.59,     333.59,   333.36
1976, 12,   28109, 1976.9563,   337.71,   335.39,     337.01,   334.69,     337.71,   335.39
1977, 01,   28140, 1977.0411,   338.10,   334.64,     338.25,   334.80,     338.10,   334.64
1977, 02,   28171, 1977.1260,   337.29,   333.31,     338.89,   334.91,     337.29,   333.31
1977, 03,   28199, 1977.2027,   337.94,   333.77,     339.18,   335.01,     337.94,   333.77
1977, 04,   28230, 1977.2877,      NaN,      NaN,     339.39,   335.13,     339.39,   335.13
1977, 05,   28260, 1977.3699,   340.35,   335.73,     339.87,   335.25,     340.35,   335.73
1977, 06,   28291, 1977.4548,   337.99,   335.44,     337.93,   335.38,     337.99,   335.44
1977, 07,   28321, 1977.5370,      NaN,      NaN,     331.49,   335.50,     331.49,   335.50
1977, 08,   28352, 1977.6219,   326.49,   336.12,     326.01,   335.64,     326.49,   336.12
1977, 09,   28383, 1977.7068,   326.93,   335.12,     327.58,   335.77,     326.93,   335.12
1977, 10,   28413, 1977.7890,   333.48,   336.93,     332.45,   335.90,     333.48,   336.93
1977, 11,   28444, 1977.8740,   335.03,   334.82,     336.25,   336.03,     335.03,   334.82
1977, 12,   28474, 1977.9562,   339.85,   337.51,     338.50,   336.17,     339.85,   337.51
1978, 01,   28505, 1978.0411,   339.24,   335.75,     339.79,   336.30,     339.24,   335.75
1978, 02,   28536, 1978.1260,   340.68,   336.66,     340.46,   336.44,     340.68,   336.66
1978, 03,   28564, 1978.2027,   342.78,   338.57,     340.77,   336.57,     342.78,   338.57
1978, 04,   28595, 1978.2877,      NaN,      NaN,     341.00,   336.70,     341.00,   336.70
1978, 05,   28625, 1978.3699,      NaN,      NaN,     341.50,   336.83,     341.50,   336.83
1978, 06,   28656, 1978.4548,      NaN,      NaN,     339.54,   336.97,     339.54,   336.97
1978, 07,   28686, 1978.5370,      NaN,      NaN,     333.05,   337.10,     333.05,   337.10
1978, 08,   28717, 1978.6219,      NaN,      NaN,     327.51,   337.23,     327.51,   337.23
1978, 09,   28748, 1978.7068,      NaN,      NaN,     329.10,   337.36,     329.10,   337.36
1978, 10,   28778, 1978.7890,      NaN,      NaN,     334.01,   337.49,     334.01,   337.49
1978, 11,   28809, 1978.8740,   339.61,   339.39,     337.84,   337.62,     339.61,   339.39
1978, 12,   28839, 1978.9562,   339.32,   336.96,     340.10,   337.74,     339.32,   336.96
1979, 01,   28870, 1979.0411,   340.60,   337.08,     341.39,   337.87,     340.60,   337.08
1979, 02,   28901, 1979.1260,   341.58,   337.53,     342.05,   338.00,     341.58,   337.53
1979, 03,   28929, 1979.2027,   343.31,   339.06,     342.36,   338.11,     343.31,   339.06
1979, 04,   28960, 1979.2877,   342.50,   338.16,     342.58,   338.24,     342.50,   338.16
1979, 05,   28990, 1979.3699,   343.45,   338.75,     343.07,   338.36,     343.45,   338.75
1979, 06,   29021, 1979.4548,   342.88,   340.29,     341.08,   338.48,     342.88,   340.29
1979, 07,   29051, 1979.5370,   335.27,   339.35,     334.52,   338.60,     335.27,   339.35
1979, 08,   29082, 1979.6219,      NaN,      NaN,     328.92,   338.73,     328.92,   338.73
1979, 09,   29113, 1979.7068,   329.22,   337.55,     330.52,   338.85,     329.22,   337.55
1979, 10,   29143, 1979.7890,   333.78,   337.30,     335.46,   338.97,     333.78,   337.30
1979, 11,   29174, 1979.8740,   337.62,   337.40,     339.32,   339.10,     337.62,   337.40
1979, 12,   29204, 1979.9562,   341.89,   339.51,     341.61,   339.23,     341.89,   339.51
1980, 01,   29235, 1980.0410,   341.70,   338.15,     342.91,   339.36,     341.70,   338.15
1980, 02,   29266, 1980.1257,   343.33,   339.24,     343.58,   339.50,     343.33,   339.24
1980, 03,   29295, 1980.2049,   344.26,   339.97,     343.91,   339.62,     344.26,   339.97
1980, 04,   29326, 1980.2896,      NaN,      NaN,     344.14,   339.76,     344.14,   339.76
1980, 05,   29356, 1980.3716,   343.99,   339.24,     344.63,   339.88,     343.99,   339.24
1980, 06,   29387, 1980.4563,   342.61,   340.07,     342.55,   340.02,     342.61,   340.07
1980, 07,   29417, 1980.5383,   336.81,   341.05,     335.90,   340.14,     336.81,   341.05
1980, 08,   29448, 1980.6230,   331.75,   341.67,     330.34,   340.26,     331.75,   341.67
1980, 09,   29479, 1980.7077,   332.29,   340.65,     332.02,   340.38,     332.29,   340.65
1980, 10,   29509, 1980.7896,   337.80,   341.32,     336.98,   340.49,     337.80,   341.32
1980, 11,   29540, 1980.8743,   341.42,   341.19,     340.84,   340.60,     341.42,   341.19
1980, 12,   29570, 1980.9563,   344.70,   342.30,     343.11,   340.71,     344.70,   342.30
1981, 01,   29601, 1981.0411,   344.64,   341.06,     344.39,   340.81,     344.64,   341.06
1981, 02,   29632, 1981.1260,   344.39,   340.26,     345.03,   340.91,     344.39,   340.26
1981, 03,   29660, 1981.2027,   344.67,   340.34,     345.32,   341.00,     344.67,   340.34
1981, 04,   29691, 1981.2877,   346.12,   341.70,     345.51,   341.09,     346.12,   341.70
1981, 05,   29721, 1981.3699,   346.25,   341.46,     345.98,   341.19,     346.25,   341.46
1981, 06,   29752, 1981.4548,   343.82,   341.17,     343.93,   341.29,     343.82,   341.17
1981, 07,   29782, 1981.5370,   335.25,   339.41,     337.22,   341.38,     335.25,   339.41
1981, 08,   29813, 1981.6219,   330.24,   340.22,     331.51,   341.48,     330.24,   340.22
1981, 09,   29844, 1981.7068,   333.30,   341.78,     333.11,   341.59,     333.30,   341.78
1981, 10,   29874, 1981.7890,   338.28,   341.85,     338.12,   341.69,     338.28,   341.85
1981, 11,   29905, 1981.8740,   341.39,   341.17,     342.02,   341.80,     341.39,   341.17
1981, 12,   29935, 1981.9562,   344.12,   341.70,     344.32,   341.90,     344.12,   341.70
1982, 01,   29966, 1982.0411,   344.88,   341.27,     345.62,   342.01,     344.88,   341.27
1982, 02,   29997, 1982.1260,   347.81,   343.65,     346.28,   342.12,     347.81,   343.65
1982, 03,   30025, 1982.2027,   347.54,   343.18,     346.57,   342.21,     347.54,   343.18
1982, 04,   30056, 1982.2877,   347.47,   343.01,     346.77,   342.32,     347.47,   343.01
1982, 05,   30086, 1982.3699,   347.50,   342.67,     347.24,   342.41,     347.50,   342.67
1982, 06,   30117, 1982.4548,   345.78,   343.11,     345.18,   342.51,     345.78,   343.11
1982, 07,   30147, 1982.5370,   339.33,   343.53,     338.41,   342.61,     339.33,   343.53
1982, 08,   30178, 1982.6219,   332.58,   342.64,     332.64,   342.71,     332.58,   342.64
1982, 09,   30209, 1982.7068,   332.85,   341.41,     334.26,   342.81,     332.85,   341.41
1982, 10,   30239, 1982.7890,   338.52,   342.13,     339.31,   342.92,     338.52,   342.13
1982, 11,   30270, 1982.8740,   342.70,   342.47,     343.26,   343.03,     342.70,   342.47
1982, 12,   30300, 1982.9562,   345.02,   342.58,     345.59,   343.15,     345.02,   342.58
1983, 01,   30331, 1983.0411,   346.81,   343.17,     346.92,   343.28,     346.81,   343.17
1983, 02,   30362, 1983.1260,   346.81,   342.61,     347.61,   343.41,     346.81,   342.61
1983, 03,   30390, 1983.2027,   347.75,   343.35,     347.94,   343.54,     347.75,   343.35
1983, 04,   30421, 1983.2877,   347.98,   343.48,     348.18,   343.68,     347.98,   343.48
1983, 05,   30451, 1983.3699,   348.17,   343.30,     348.70,   343.82,     348.17,   343.30
1983, 06,   30482, 1983.4548,   348.13,   345.44,     346.66,   343.97,     348.13,   345.44
1983, 07,   30512, 1983.5370,   340.13,   344.37,     339.89,   344.12,     340.13,   344.37
1983, 08,   30543, 1983.6219,   331.93,   342.08,     334.11,   344.26,     331.93,   342.08
1983, 09,   30574, 1983.7068,   335.80,   344.43,     335.78,   344.41,     335.80,   344.43
1983, 10,   30604, 1983.7890,   341.27,   344.91,     340.91,   344.55,     341.27,   344.91
1983, 11,   30635, 1983.8740,   345.87,   345.64,     344.91,   344.68,     345.87,   345.64
1983, 12,   30665, 1983.9562,   346.37,   343.91,     347.28,   344.81,     346.37,   343.91
1984, 01,   30696, 1984.0410,   349.38,   345.70,     348.61,   344.94,     349.38,   345.70
1984, 02,   30727, 1984.1257,   350.97,   346.74,     349.29,   345.06,     350.97,   346.74
1984, 03,   30756, 1984.2049,   350.28,   345.84,     349.60,   345.16,     350.28,   345.84
1984, 04,   30787, 1984.2896,   349.75,   345.21,     349.81,   345.27,     349.75,   345.21
1984, 05,   30817, 1984.3716,   350.84,   345.93,     350.28,   345.37,     350.84,   345.93
1984, 06,   30848, 1984.4563,   348.79,   346.16,     348.09,   345.46,     348.79,   346.16
1984, 07,   30878, 1984.5383,   340.13,   344.52,     341.17,   345.55,     340.13,   344.52
1984, 08,   30909, 1984.6230,   335.51,   345.78,     335.38,   345.65,     335.51,   345.78
1984, 09,   30940, 1984.7077,   337.17,   345.83,     337.09,   345.75,     337.17,   345.83
1984, 10,   30970, 1984.7896,   341.45,   345.08,     342.21,   345.84,     341.45,   345.08
1984, 11,   31001, 1984.8743,   344.62,   344.38,     346.19,   345.94,     344.62,   344.38
1984, 12,   31031, 1984.9563,   347.97,   345.49,     348.53,   346.05,     347.97,   345.49
1985, 01,   31062, 1985.0411,   349.53,   345.83,     349.87,   346.16,     349.53,   345.83
1985, 02,   31093, 1985.1260,   349.14,   344.87,     350.54,   346.27,     349.14,   344.87
1985, 03,   31121, 1985.2027,   350.58,   346.11,     350.86,   346.38,     350.58,   346.11
1985, 04,   31152, 1985.2877,   351.15,   346.58,     351.08,   346.51,     351.15,   346.58
1985, 05,   31182, 1985.3699,   352.54,   347.59,     351.59,   346.63,     352.54,   347.59
1985, 06,   31213, 1985.4548,   349.74,   347.00,     349.49,   346.75,     349.74,   347.00
1985, 07,   31243, 1985.5370,   343.70,   348.00,     342.57,   346.87,     343.70,   348.00
1985, 08,   31274, 1985.6219,   337.23,   347.56,     336.67,   347.00,     337.23,   347.56
1985, 09,   31305, 1985.7068,   338.18,   346.96,     338.35,   347.12,     338.18,   346.96
1985, 10,   31335, 1985.7890,   343.56,   347.26,     343.55,   347.25,     343.56,   347.26
1985, 11,   31366, 1985.8740,   347.27,   347.04,     347.61,   347.37,     347.27,   347.04
1985, 12,   31396, 1985.9562,   348.51,   346.01,     350.00,   347.50,     348.51,   346.01
1986, 01,   31427, 1986.0411,   349.55,   345.81,     351.37,   347.63,     349.55,   345.81
1986, 02,   31458, 1986.1260,   352.25,   347.95,     352.07,   347.76,     352.25,   347.95
1986, 03,   31486, 1986.2027,   354.05,   349.53,     352.39,   347.88,     354.05,   349.53
1986, 04,   31517, 1986.2877,   353.22,   348.61,     352.62,   348.01,     353.22,   348.61
1986, 05,   31547, 1986.3699,   353.88,   348.88,     353.14,   348.14,     353.88,   348.88
1986, 06,   31578, 1986.4548,   350.84,   348.08,     351.03,   348.27,     350.84,   348.08
1986, 07,   31608, 1986.5370,   344.56,   348.90,     344.06,   348.40,     344.56,   348.90
1986, 08,   31639, 1986.6219,   337.33,   347.75,     338.11,   348.53,     337.33,   347.75
1986, 09,   31670, 1986.7068,   340.78,   349.63,     339.81,   348.66,     340.78,   349.63
1986, 10,   31700, 1986.7890,   346.00,   349.73,     345.06,   348.79,     346.00,   349.73
1986, 11,   31731, 1986.8740,   348.31,   348.07,     349.16,   348.92,     348.31,   348.07
1986, 12,   31761, 1986.9562,   351.37,   348.84,     351.58,   349.06,     351.37,   348.84
1987, 01,   31792, 1987.0411,   353.01,   349.24,     352.97,   349.20,     353.01,   349.24
1987, 02,   31823, 1987.1260,   353.28,   348.93,     353.68,   349.34,     353.28,   348.93
1987, 03,   31851, 1987.2027,   354.49,   349.94,     354.03,   349.48,     354.49,   349.94
1987, 04,   31882, 1987.2877,   354.01,   349.37,     354.28,   349.63,     354.01,   349.37
1987, 05,   31912, 1987.3699,   354.90,   349.86,     354.83,   349.79,     354.90,   349.86
1987, 06,   31943, 1987.4548,   353.45,   350.66,     352.74,   349.96,     353.45,   350.66
1987, 07,   31973, 1987.5370,   346.46,   350.83,     345.75,   350.13,     346.46,   350.83
1987, 08,   32004, 1987.6219,   339.38,   349.88,     339.81,   350.32,     339.38,   349.88
1987, 09,   32035, 1987.7068,   340.78,   349.71,     341.59,   350.51,     340.78,   349.71
1987, 10,   32065, 1987.7890,   345.57,   349.34,     346.95,   350.71,     345.57,   349.34
1987, 11,   32096, 1987.8740,   349.41,   349.18,     351.17,   350.93,     349.41,   349.18
1987, 12,   32126, 1987.9562,   352.59,   350.04,     353.70,   351.15,     352.59,   350.04
1988, 01,   32157, 1988.0410,   355.16,   351.36,     355.19,   351.38,     355.16,   351.36
1988, 02,   32188, 1988.1257,   356.88,   352.50,     356.00,   351.63,     356.88,   352.50
1988, 03,   32217, 1988.2049,   356.31,   351.72,     356.45,   351.86,     356.31,   351.72
1988, 04,   32248, 1988.2896,   357.71,   353.02,     356.80,   352.11,     357.71,   353.02
1988, 05,   32278, 1988.3716,   356.67,   351.59,     357.43,   352.35,     356.67,   351.59
1988, 06,   32309, 1988.4563,   354.99,   352.28,     355.31,   352.60,     354.99,   352.28
1988, 07,   32339, 1988.5383,   347.84,   352.38,     348.31,   352.84,     347.84,   352.38
1988, 08,   32370, 1988.6230,   342.50,   353.12,     342.48,   353.09,     342.50,   353.12
1988, 09,   32401, 1988.7077,   345.54,   354.49,     344.38,   353.34,     345.54,   354.49
1988, 10,   32431, 1988.7896,   350.26,   354.02,     349.81,   353.57,     350.26,   354.02
1988, 11,   32462, 1988.8743,   354.97,   354.72,     354.05,   353.79,     354.97,   354.72
1988, 12,   32492, 1988.9563,   357.96,   355.38,     356.58,   354.01,     357.96,   355.38
1989, 01,   32523, 1989.0411,   359.80,   355.96,     358.05,   354.21,     359.80,   355.96
1989, 02,   32554, 1989.1260,   358.05,   353.64,     358.83,   354.41,     358.05,   353.64
1989, 03,   32582, 1989.2027,   359.88,   355.25,     359.21,   354.58,     359.88,   355.25
1989, 04,   32613, 1989.2877,   359.76,   355.04,     359.49,   354.76,     359.76,   355.04
1989, 05,   32643, 1989.3699,   359.46,   354.34,     360.05,   354.92,     359.46,   354.34
1989, 06,   32674, 1989.4548,   360.05,   357.22,     357.91,   355.08,     360.05,   357.22
1989, 07,   32704, 1989.5370,   352.15,   356.60,     350.78,   355.23,     352.15,   356.60
1989, 08,   32735, 1989.6219,   341.90,   352.57,     344.70,   355.37,     341.90,   352.57
1989, 09,   32766, 1989.7068,   344.94,   354.01,     346.44,   355.51,     344.94,   354.01
1989, 10,   32796, 1989.7890,   352.06,   355.88,     351.81,   355.64,     352.06,   355.88
1989, 11,   32827, 1989.8740,   355.92,   355.68,     356.00,   355.76,     355.92,   355.68
1989, 12,   32857, 1989.9562,   358.54,   355.95,     358.47,   355.88,     358.54,   355.95
1990, 01,   32888, 1990.0411,   359.40,   355.53,     359.86,   356.00,     359.40,   355.53
1990, 02,   32919, 1990.1260,   360.89,   356.44,     360.56,   356.11,     360.89,   356.44
1990, 03,   32947, 1990.2027,   361.71,   357.05,     360.87,   356.21,     361.71,   357.05
1990, 04,   32978, 1990.2877,   361.47,   356.71,     361.07,   356.31,     361.47,   356.71
1990, 05,   33008, 1990.3699,   362.14,   356.98,     361.57,   356.40,     362.14,   356.98
1990, 06,   33039, 1990.4548,   356.68,   353.83,     359.35,   356.50,     356.68,   353.83
1990, 07,   33069, 1990.5370,   351.05,   355.54,     352.10,   356.58,     351.05,   355.54
1990, 08,   33100, 1990.6219,   346.57,   357.33,     345.91,   356.67,     346.57,   357.33
1990, 09,   33131, 1990.7068,   347.45,   356.59,     347.61,   356.76,     347.45,   356.59
1990, 10,   33161, 1990.7890,   353.36,   357.22,     352.98,   356.83,     353.36,   357.22
1990, 11,   33192, 1990.8740,   356.45,   356.21,     357.15,   356.91,     356.45,   356.21
1990, 12,   33222, 1990.9562,   359.83,   357.22,     359.59,   356.98,     359.83,   357.22
1991, 01,   33253, 1991.0411,   361.37,   357.47,     360.95,   357.05,     361.37,   357.47
1991, 02,   33284, 1991.1260,   360.99,   356.50,     361.60,   357.11,     360.99,   356.50
1991, 03,   33312, 1991.2027,   362.40,   357.69,     361.87,   357.17,     362.40,   357.69
1991, 04,   33343, 1991.2877,   361.85,   357.05,     362.03,   357.23,     361.85,   357.05
1991, 05,   33373, 1991.3699,   362.14,   356.93,     362.49,   357.28,     362.14,   356.93
1991, 06,   33404, 1991.4548,   359.99,   357.12,     360.21,   357.33,     359.99,   357.12
1991, 07,   33434, 1991.5370,   352.74,   357.26,     352.86,   357.38,     352.74,   357.26
1991, 08,   33465, 1991.6219,   346.78,   357.63,     346.58,   357.42,     346.78,   357.63
1991, 09,   33496, 1991.7068,   347.75,   356.97,     348.25,   357.47,     347.75,   356.97
1991, 10,   33526, 1991.7890,   353.62,   357.51,     353.62,   357.50,     353.62,   357.51
1991, 11,   33557, 1991.8740,   358.88,   358.64,     357.78,   357.54,     358.88,   358.64
1991, 12,   33587, 1991.9562,   360.32,   357.69,     360.20,   357.57,     360.32,   357.69
1992, 01,   33618, 1992.0410,   361.99,   358.06,     361.52,   357.59,     361.99,   358.06
1992, 02,   33649, 1992.1257,   362.29,   357.77,     362.14,   357.62,     362.29,   357.77
1992, 03,   33678, 1992.2049,   362.30,   357.55,     362.37,   357.63,     362.30,   357.55
1992, 04,   33709, 1992.2896,   362.98,   358.13,     362.50,   357.65,     362.98,   358.13
1992, 05,   33739, 1992.3716,   362.44,   357.19,     362.92,   357.67,     362.44,   357.19
1992, 06,   33770, 1992.4563,   360.90,   358.09,     360.49,   357.69,     360.90,   358.09
1992, 07,   33800, 1992.5383,   353.20,   357.89,     353.02,   357.70,     353.20,   357.89
1992, 08,   33831, 1992.6230,   347.14,   358.10,     346.76,   357.73,     347.14,   358.10
1992, 09,   33862, 1992.7077,   347.58,   356.83,     348.50,   357.75,     347.58,   356.83
1992, 10,   33892, 1992.7896,   353.31,   357.19,     353.90,   357.78,     353.31,   357.19
1992, 11,   33923, 1992.8743,   356.73,   356.48,     358.07,   357.81,     356.73,   356.48
1992, 12,   33953, 1992.9563,   360.88,   358.22,     360.50,   357.85,     360.88,   358.22
1993, 01,   33984, 1993.0411,   362.78,   358.82,     361.85,   357.89,     362.78,   358.82
1993, 02,   34015, 1993.1260,   362.23,   357.67,     362.50,   357.94,     362.23,   357.67
1993, 03,   34043, 1993.2027,   363.53,   358.75,     362.77,   357.99,     363.53,   358.75
1993, 04,   34074, 1993.2877,   363.32,   358.44,     362.93,   358.05,     363.32,   358.44
1993, 05,   34104, 1993.3699,   363.73,   358.43,     363.40,   358.11,     363.73,   358.43
1993, 06,   34135, 1993.4548,   360.63,   357.71,     361.10,   358.18,     360.63,   357.71
1993, 07,   34165, 1993.5370,   351.85,   356.44,     353.66,   358.25,     351.85,   356.44
1993, 08,   34196, 1993.6219,   347.22,   358.24,     347.32,   358.34,     347.22,   358.24
1993, 09,   34227, 1993.7068,   348.49,   357.86,     349.07,   358.44,     348.49,   357.86
1993, 10,   34257, 1993.7890,   354.23,   358.18,     354.59,   358.54,     354.23,   358.18
1993, 11,   34288, 1993.8740,   358.40,   358.15,     358.91,   358.66,     358.40,   358.15
1993, 12,   34318, 1993.9562,   361.47,   358.80,     361.45,   358.78,     361.47,   358.80
1994, 01,   34349, 1994.0411,   362.16,   358.17,     362.90,   358.91,     362.16,   358.17
1994, 02,   34380, 1994.1260,   364.34,   359.75,     363.65,   359.06,     364.34,   359.75
1994, 03,   34408, 1994.2027,   365.19,   360.38,     364.01,   359.19,     365.19,   360.38
1994, 04,   34439, 1994.2877,   364.56,   359.64,     364.27,   359.35,     364.56,   359.64
1994, 05,   34469, 1994.3699,   364.53,   359.20,     364.84,   359.50,     364.53,   359.20
1994, 06,   34500, 1994.4548,   363.04,   360.10,     362.62,   359.67,     363.04,   360.10
1994, 07,   34530, 1994.5370,   354.22,   358.85,     355.21,   359.84,     354.22,   358.85
1994, 08,   34561, 1994.6219,   347.67,   358.78,     348.92,   360.03,     347.67,   358.78
1994, 09,   34592, 1994.7068,   350.04,   359.49,     350.77,   360.22,     350.04,   359.49
1994, 10,   34622, 1994.7890,   356.19,   360.17,     356.43,   360.40,     356.19,   360.17
1994, 11,   34653, 1994.8740,   359.36,   359.11,     360.85,   360.60,     359.36,   359.11
1994, 12,   34683, 1994.9562,   364.73,   362.04,     363.49,   360.80,     364.73,   362.04
1995, 01,   34714, 1995.0411,   365.43,   361.41,     365.02,   361.00,     365.43,   361.41
1995, 02,   34745, 1995.1260,   366.91,   362.28,     365.83,   361.19,     366.91,   362.28
1995, 03,   34773, 1995.2027,   366.73,   361.87,     366.22,   361.37,     366.73,   361.87
1995, 04,   34804, 1995.2877,   367.20,   362.24,     366.52,   361.56,     367.20,   362.24
1995, 05,   34834, 1995.3699,   366.24,   360.87,     367.12,   361.75,     366.24,   360.87
1995, 06,   34865, 1995.4548,   364.52,   361.55,     364.90,   361.93,     364.52,   361.55
1995, 07,   34895, 1995.5370,   357.47,   362.14,     357.44,   362.11,     357.47,   362.14
1995, 08,   34926, 1995.6219,   350.76,   361.96,     351.09,   362.29,     350.76,   361.96
1995, 09,   34957, 1995.7068,   353.54,   363.06,     352.95,   362.47,     353.54,   363.06
1995, 10,   34987, 1995.7890,   357.54,   361.55,     358.63,   362.64,     357.54,   361.55
1995, 11,   35018, 1995.8740,      NaN,      NaN,     363.06,   362.81,     363.06,   362.81
1995, 12,   35048, 1995.9562,   365.38,   362.67,     365.69,   362.97,     365.38,   362.67
1996, 01,   35079, 1996.0410,   367.08,   363.02,     367.19,   363.14,     367.08,   363.02
1996, 02,   35110, 1996.1257,      NaN,      NaN,     367.97,   363.30,     367.97,   363.30
1996, 03,   35139, 1996.2049,   367.95,   363.05,     368.34,   363.45,     367.95,   363.05
1996, 04,   35170, 1996.2896,   368.12,   363.12,     368.60,   363.60,     368.12,   363.12
1996, 05,   35200, 1996.3716,   369.88,   364.46,     369.16,   363.74,     369.88,   364.46
1996, 06,   35231, 1996.4563,   367.62,   364.73,     366.77,   363.88,     367.62,   364.73
1996, 07,   35261, 1996.5383,   360.55,   365.38,     359.17,   364.01,     360.55,   365.38
1996, 08,   35292, 1996.6230,   353.11,   364.43,     352.82,   364.13,     353.11,   364.43
1996, 09,   35323, 1996.7077,   355.17,   364.71,     354.71,   364.25,     355.17,   364.71
1996, 10,   35353, 1996.7896,   362.24,   366.25,     360.36,   364.36,     362.24,   366.25
1996, 11,   35384, 1996.8743,   363.41,   363.14,     364.74,   364.47,     363.41,   363.14
1996, 12,   35414, 1996.9563,   366.93,   364.19,     367.32,   364.58,     366.93,   364.19
1997, 01,   35445, 1997.0411,   370.29,   366.21,     368.77,   364.68,     370.29,   366.21
1997, 02,   35476, 1997.1260,   369.45,   364.74,     369.49,   364.79,     369.45,   364.74
1997, 03,   35504, 1997.2027,   368.46,   363.53,     369.81,   364.88,     368.46,   363.53
1997, 04,   35535, 1997.2877,   370.46,   365.42,     370.03,   364.99,     370.46,   365.42
1997, 05,   35565, 1997.3699,   369.80,   364.34,     370.57,   365.11,     369.80,   364.34
1997, 06,   35596, 1997.4548,   368.72,   365.71,     368.24,   365.23,     368.72,   365.71
1997, 07,   35626, 1997.5370,   359.93,   364.67,     360.61,   365.35,     359.93,   364.67
1997, 08,   35657, 1997.6219,   352.27,   363.64,     354.11,   365.48,     352.27,   363.64
1997, 09,   35688, 1997.7068,   357.49,   367.15,     355.96,   365.63,     357.49,   367.15
1997, 10,   35718, 1997.7890,   361.18,   365.26,     361.70,   365.77,     361.18,   365.26
1997, 11,   35749, 1997.8740,   366.51,   366.25,     366.19,   365.93,     366.51,   366.25
1997, 12,   35779, 1997.9562,   367.43,   364.67,     368.85,   366.10,     367.43,   364.67
1998, 01,   35810, 1998.0411,   369.89,   365.77,     370.39,   366.27,     369.89,   365.77
1998, 02,   35841, 1998.1260,   372.47,   367.73,     371.20,   366.46,     372.47,   367.73
1998, 03,   35869, 1998.2027,   370.87,   365.90,     371.61,   366.64,     370.87,   365.90
1998, 04,   35900, 1998.2877,   371.26,   366.18,     371.92,   366.84,     371.26,   366.18
1998, 05,   35930, 1998.3699,   371.79,   366.29,     372.55,   367.04,     371.79,   366.29
1998, 06,   35961, 1998.4548,   370.55,   367.51,     370.30,   367.26,     370.55,   367.51
1998, 07,   35991, 1998.5370,   360.16,   364.94,     362.70,   367.47,     360.16,   364.94
1998, 08,   36022, 1998.6219,   356.32,   367.78,     356.23,   367.69,     356.32,   367.78
1998, 09,   36053, 1998.7068,      NaN,      NaN,     358.17,   367.91,     358.17,   367.91
1998, 10,   36083, 1998.7890,   364.81,   368.92,     364.01,   368.12,     364.81,   368.92
1998, 11,   36114, 1998.8740,   368.90,   368.65,     368.59,   368.33,     368.90,   368.65
1998, 12,   36144, 1998.9562,   373.16,   370.38,     371.30,   368.52,     373.16,   370.38
1999, 01,   36175, 1999.0411,   374.18,   370.03,     372.86,   368.71,     374.18,   370.03
1999, 02,   36206, 1999.1260,   373.57,   368.79,     373.67,   368.89,     373.57,   368.79
1999, 03,   36234, 1999.2027,   374.01,   369.01,     374.05,   369.05,     374.01,   369.01
1999, 04,   36265, 1999.2877,   374.59,   369.48,     374.32,   369.21,     374.59,   369.48
1999, 05,   36295, 1999.3699,   375.45,   369.90,     374.90,   369.35,     375.45,   369.90
1999, 06,   36326, 1999.4548,   373.12,   370.06,     372.56,   369.50,     373.12,   370.06
1999, 07,   36356, 1999.5370,   363.19,   368.00,     364.82,   369.63,     363.19,   368.00
1999, 08,   36387, 1999.6219,   358.66,   370.21,     358.21,   369.76,     358.66,   370.21
1999, 09,   36418, 1999.7068,   360.32,   370.13,     360.07,   369.88,     360.32,   370.13
1999, 10,   36448, 1999.7890,   364.74,   368.88,     365.86,   369.99,     364.74,   368.88
1999, 11,   36479, 1999.8740,      NaN,      NaN,     370.37,   370.11,     370.37,   370.11
1999, 12,   36509, 1999.9562,   373.07,   370.27,     373.02,   370.22,     373.07,   370.27
2000, 01,   36540, 2000.0410,   374.57,   370.39,     374.50,   370.33,     374.57,   370.39
2000, 02,   36571, 2000.1257,   376.51,   371.70,     375.24,   370.43,     376.51,   371.70
2000, 03,   36600, 2000.2049,   374.77,   369.73,     375.58,   370.53,     374.77,   369.73
2000, 04,   36631, 2000.2896,   375.70,   370.54,     375.80,   370.64,     375.70,   370.54
2000, 05,   36661, 2000.3716,   376.86,   371.27,     376.32,   370.74,     376.86,   371.27
2000, 06,   36692, 2000.4563,   373.28,   370.29,     373.82,   370.84,     373.28,   370.29
2000, 07,   36722, 2000.5383,   365.40,   370.39,     365.95,   370.94,     365.40,   370.39
2000, 08,   36753, 2000.6230,   360.03,   371.70,     359.38,   371.05,     360.03,   371.70
2000, 09,   36784, 2000.7077,   361.95,   371.79,     361.32,   371.16,     361.95,   371.79
2000, 10,   36814, 2000.7896,   366.91,   371.04,     367.14,   371.27,     366.91,   371.04
2000, 11,   36845, 2000.8743,   370.67,   370.40,     371.67,   371.39,     370.67,   370.40
2000, 12,   36875, 2000.9563,   373.61,   370.79,     374.34,   371.51,     373.61,   370.79
2001, 01,   36906, 2001.0411,   375.37,   371.16,     375.85,   371.64,     375.37,   371.16
2001, 02,   36937, 2001.1260,   376.75,   371.90,     376.63,   371.78,     376.75,   371.90
2001, 03,   36965, 2001.2027,   376.86,   371.78,     376.99,   371.91,     376.86,   371.78
2001, 04,   36996, 2001.2877,   377.75,   372.56,     377.24,   372.05,     377.75,   372.56
2001, 05,   37026, 2001.3699,   377.62,   371.99,     377.83,   372.20,     377.62,   371.99
2001, 06,   37057, 2001.4548,   375.43,   372.33,     375.46,   372.36,     375.43,   372.33
2001, 07,   37087, 2001.5370,   367.94,   372.82,     367.63,   372.51,     367.94,   372.82
2001, 08,   37118, 2001.6219,   360.85,   372.57,     360.95,   372.67,     360.85,   372.57
2001, 09,   37149, 2001.7068,   363.49,   373.45,     362.88,   372.84,     363.49,   373.45
2001, 10,   37179, 2001.7890,   369.04,   373.23,     368.81,   373.01,     369.04,   373.23
2001, 11,   37210, 2001.8740,   372.59,   372.32,     373.44,   373.18,     372.59,   372.32
2001, 12,   37240, 2001.9562,   376.47,   373.63,     376.19,   373.35,     376.47,   373.63
2002, 01,   37271, 2002.0411,   378.42,   374.18,     377.77,   373.53,     378.42,   374.18
2002, 02,   37302, 2002.1260,   377.89,   373.01,     378.60,   373.71,     377.89,   373.01
2002, 03,   37330, 2002.2027,   379.17,   374.05,     379.00,   373.88,     379.17,   374.05
2002, 04,   37361, 2002.2877,   379.15,   373.92,     379.30,   374.07,     379.15,   373.92
2002, 05,   37391, 2002.3699,   379.25,   373.58,     379.93,   374.26,     379.25,   373.58
2002, 06,   37422, 2002.4548,   376.47,   373.34,     377.59,   374.46,     376.47,   373.34
2002, 07,   37452, 2002.5370,   370.82,   375.74,     369.73,   374.65,     370.82,   375.74
2002, 08,   37483, 2002.6219,   362.72,   374.53,     363.05,   374.85,     362.72,   374.53
2002, 09,   37514, 2002.7068,   366.00,   376.03,     365.02,   375.05,     366.00,   376.03
2002, 10,   37544, 2002.7890,   370.80,   375.03,     371.02,   375.25,     370.80,   375.03
2002, 11,   37575, 2002.8740,   375.76,   375.49,     375.72,   375.45,     375.76,   375.49
2002, 12,   37605, 2002.9562,   377.20,   374.34,     378.51,   375.64,     377.20,   374.34
2003, 01,   37636, 2003.0411,   379.09,   374.82,     380.11,   375.84,     379.09,   374.82
2003, 02,   37667, 2003.1260,   382.36,   377.44,     380.95,   376.03,     382.36,   377.44
2003, 03,   37695, 2003.2027,   381.49,   376.34,     381.36,   376.20,     381.49,   376.34
2003, 04,   37726, 2003.2877,   381.56,   376.29,     381.65,   376.39,     381.56,   376.29
2003, 05,   37756, 2003.3699,   382.31,   376.59,     382.27,   376.56,     382.31,   376.59
2003, 06,   37787, 2003.4548,   380.78,   377.63,     379.88,   376.73,     380.78,   377.63
2003, 07,   37817, 2003.5370,   370.98,   375.94,     371.94,   376.89,     370.98,   375.94
2003, 08,   37848, 2003.6219,   364.77,   376.66,     365.16,   377.06,     364.77,   376.66
2003, 09,   37879, 2003.7068,   368.39,   378.50,     367.10,   377.21,     368.39,   378.50
2003, 10,   37909, 2003.7890,   372.62,   376.88,     373.10,   377.36,     372.62,   376.88
2003, 11,   37940, 2003.8740,   378.70,   378.43,     377.77,   377.50,     378.70,   378.43
2003, 12,   37970, 2003.9562,   382.58,   379.70,     380.52,   377.64,     382.58,   379.70
2004, 01,   38001, 2004.0410,   382.67,   378.36,     382.08,   377.77,     382.67,   378.36
2004, 02,   38032, 2004.1257,   383.28,   378.32,     382.86,   377.91,     383.28,   378.32
2004, 03,   38061, 2004.2049,   382.23,   377.03,     383.23,   378.03,     382.23,   377.03
2004, 04,   38092, 2004.2896,   383.88,   378.57,     383.49,   378.17,     383.88,   378.57
2004, 05,   38122, 2004.3716,   383.55,   377.80,     384.06,   378.31,     383.55,   377.80
2004, 06,   38153, 2004.4563,   380.47,   377.40,     381.53,   378.45,     380.47,   377.40
2004, 07,   38183, 2004.5383,   371.70,   376.84,     373.47,   378.60,     371.70,   376.84
2004, 08,   38214, 2004.6230,   366.57,   378.58,     366.75,   378.77,     366.57,   378.58
2004, 09,   38245, 2004.7077,   367.97,   378.10,     368.80,   378.93,     367.97,   378.10
2004, 10,   38275, 2004.7896,   373.68,   377.93,     374.85,   379.11,     373.68,   377.93
2004, 11,   38306, 2004.8743,   379.42,   379.13,     379.57,   379.29,     379.42,   379.13
2004, 12,   38336, 2004.9563,   382.53,   379.62,     382.38,   379.47,     382.53,   379.62
2005, 01,   38367, 2005.0411,   384.69,   380.36,     384.00,   379.67,     384.69,   380.36
2005, 02,   38398, 2005.1260,   385.72,   380.73,     384.86,   379.87,     385.72,   380.73
2005, 03,   38426, 2005.2027,   386.00,   380.77,     385.28,   380.05,     386.00,   380.77
2005, 04,   38457, 2005.2877,   385.33,   379.98,     385.60,   380.26,     385.33,   379.98
2005, 05,   38487, 2005.3699,   385.30,   379.50,     386.26,   380.46,     385.30,   379.50
2005, 06,   38518, 2005.4548,   383.27,   380.07,     383.87,   380.68,     383.27,   380.07
2005, 07,   38548, 2005.5370,   376.68,   381.71,     375.85,   380.88,     376.68,   381.71
2005, 08,   38579, 2005.6219,   368.71,   380.78,     369.03,   381.10,     368.71,   380.78
2005, 09,   38610, 2005.7068,   370.82,   381.08,     371.06,   381.32,     370.82,   381.08
2005, 10,   38640, 2005.7890,   377.17,   381.49,     377.21,   381.53,     377.17,   381.49
2005, 11,   38671, 2005.8740,      NaN,      NaN,     382.02,   381.75,     382.02,   381.75
2005, 12,   38701, 2005.9562,   385.78,   382.86,     384.89,   381.96,     385.78,   382.86
2006, 01,   38732, 2006.0411,   386.36,   381.99,     386.54,   382.17,     386.36,   381.99
2006, 02,   38763, 2006.1260,   387.64,   382.61,     387.42,   382.39,     387.64,   382.61
2006, 03,   38791, 2006.2027,   387.75,   382.48,     387.85,   382.58,     387.75,   382.48
2006, 04,   38822, 2006.2877,   387.45,   382.07,     388.17,   382.78,     387.45,   382.07
2006, 05,   38852, 2006.3699,   388.85,   383.02,     388.82,   382.98,     388.85,   383.02
2006, 06,   38883, 2006.4548,   386.69,   383.47,     386.40,   383.18,     386.69,   383.47
2006, 07,   38913, 2006.5370,   379.34,   384.41,     378.31,   383.37,     379.34,   384.41
2006, 08,   38944, 2006.6219,   371.60,   383.76,     371.41,   383.56,     371.60,   383.76
2006, 09,   38975, 2006.7068,   374.59,   384.93,     373.42,   383.75,     374.59,   384.93
2006, 10,   39005, 2006.7890,   379.18,   383.54,     379.57,   383.92,     379.18,   383.54
2006, 11,   39036, 2006.8740,   384.66,   384.39,     384.37,   384.10,     384.66,   384.39
2006, 12,   39066, 2006.9562,   387.69,   384.74,     387.21,   384.26,     387.69,   384.74
2007, 01,   39097, 2007.0411,   390.13,   385.73,     388.83,   384.43,     390.13,   385.73
2007, 02,   39128, 2007.1260,   390.22,   385.16,     389.65,   384.59,     390.22,   385.16
2007, 03,   39156, 2007.2027,   389.90,   384.60,     390.04,   384.73,     389.90,   384.60
2007, 04,   39187, 2007.2877,   390.07,   384.64,     390.31,   384.89,     390.07,   384.64
2007, 05,   39217, 2007.3699,   390.00,   384.12,     390.93,   385.05,     390.00,   384.12
2007, 06,   39248, 2007.4548,   386.51,   383.27,     388.45,   385.21,     386.51,   383.27
2007, 07,   39278, 2007.5370,   377.92,   383.02,     380.26,   385.37,     377.92,   383.02
2007, 08,   39309, 2007.6219,   373.29,   385.53,     373.29,   385.53,     373.29,   385.53
2007, 09,   39340, 2007.7068,   375.80,   386.20,     375.29,   385.70,     375.80,   386.20
2007, 10,   39370, 2007.7890,   381.32,   385.70,     381.47,   385.86,     381.32,   385.70
2007, 11,   39401, 2007.8740,   385.19,   384.92,     386.30,   386.02,     385.19,   384.92
2007, 12,   39431, 2007.9562,   390.40,   387.43,     389.15,   386.18,     390.40,   387.43
2008, 01,   39462, 2008.0410,      NaN,      NaN,     390.77,   386.34,     390.77,   386.34
2008, 02,   39493, 2008.1257,   393.02,   387.92,     391.60,   386.50,     393.02,   387.92
2008, 03,   39522, 2008.2049,   392.61,   387.26,     391.99,   386.64,     392.61,   387.26
2008, 04,   39553, 2008.2896,   392.46,   386.99,     392.26,   386.79,     392.46,   386.99
2008, 05,   39583, 2008.3716,   392.75,   386.83,     392.85,   386.93,     392.75,   386.83
2008, 06,   39614, 2008.4563,   389.96,   386.80,     390.24,   387.07,     389.96,   386.80
2008, 07,   39644, 2008.5383,   382.11,   387.40,     381.92,   387.21,     382.11,   387.40
2008, 08,   39675, 2008.6230,   375.87,   388.23,     374.98,   387.34,     375.87,   388.23
2008, 09,   39706, 2008.7077,   377.91,   388.34,     377.04,   387.47,     377.91,   388.34
2008, 10,   39736, 2008.7896,   382.81,   387.19,     383.22,   387.59,     382.81,   387.19
2008, 11,   39767, 2008.8743,   387.46,   387.17,     388.01,   387.72,     387.46,   387.17
2008, 12,   39797, 2008.9563,   391.97,   388.98,     390.83,   387.84,     391.97,   388.98
2009, 01,   39828, 2009.0411,   392.64,   388.17,     392.42,   387.96,     392.64,   388.17
2009, 02,   39859, 2009.1260,   393.15,   388.01,     393.21,   388.07,     393.15,   388.01
2009, 03,   39887, 2009.2027,   393.60,   388.22,     393.57,   388.18,     393.60,   388.22
2009, 04,   39918, 2009.2877,   395.89,   390.39,     393.80,   388.30,     395.89,   390.39
2009, 05,   39948, 2009.3699,   393.96,   388.00,     394.39,   388.42,     393.96,   388.00
2009, 06,   39979, 2009.4548,   391.48,   388.19,     391.84,   388.55,     391.48,   388.19
2009, 07,   40009, 2009.5370,   383.78,   388.96,     383.50,   388.68,     383.78,   388.96
2009, 08,   40040, 2009.6219,   373.95,   386.37,     376.40,   388.82,     373.95,   386.37
2009, 09,   40071, 2009.7068,   378.31,   388.86,     378.42,   388.97,     378.31,   388.86
2009, 10,   40101, 2009.7890,   384.36,   388.81,     384.68,   389.12,     384.36,   388.81
2009, 11,   40132, 2009.8740,   387.22,   386.94,     389.57,   389.29,     387.22,   386.94
2009, 12,   40162, 2009.9562,   392.70,   389.69,     392.48,   389.47,     392.70,   389.69
2010, 01,   40193, 2010.0411,   393.99,   389.50,     394.16,   389.66,     393.99,   389.50
2010, 02,   40224, 2010.1260,   394.03,   388.86,     395.04,   389.87,     394.03,   388.86
2010, 03,   40252, 2010.2027,   394.73,   389.30,     395.48,   390.06,     394.73,   389.30
2010, 04,   40283, 2010.2877,   396.23,   390.69,     395.82,   390.28,     396.23,   390.69
2010, 05,   40313, 2010.3699,   395.48,   389.47,     396.50,   390.50,     395.48,   389.47
2010, 06,   40344, 2010.4548,   394.60,   391.29,     394.04,   390.73,     394.60,   391.29
2010, 07,   40374, 2010.5370,   384.27,   389.48,     385.74,   390.95,     384.27,   389.48
2010, 08,   40405, 2010.6219,   376.50,   389.00,     378.68,   391.18,     376.50,   389.00
2010, 09,   40436, 2010.7068,   382.92,   393.55,     380.79,   391.41,     382.92,   393.55
2010, 10,   40466, 2010.7890,   387.91,   392.39,     387.15,   391.63,     387.91,   392.39
2010, 11,   40497, 2010.8740,   393.22,   392.94,     392.13,   391.84,     393.22,   392.94
2010, 12,   40527, 2010.9562,   397.13,   394.10,     395.07,   392.04,     397.13,   394.10
2011, 01,   40558, 2011.0411,   398.27,   393.74,     396.76,   392.24,     398.27,   393.74
2011, 02,   40589, 2011.1260,   397.19,   391.98,     397.63,   392.42,     397.19,   391.98
2011, 03,   40617, 2011.2027,   398.27,   392.81,     398.04,   392.58,     398.27,   392.81
2011, 04,   40648, 2011.2877,   399.14,   393.56,     398.33,   392.76,     399.14,   393.56
2011, 05,   40678, 2011.3699,   398.68,   392.64,     398.96,   392.92,     398.68,   392.64
2011, 06,   40709, 2011.4548,   394.69,   391.35,     396.42,   393.08,     394.69,   391.35
2011, 07,   40739, 2011.5370,   386.40,   391.65,     387.99,   393.24,     386.40,   391.65
2011, 08,   40770, 2011.6219,   380.36,   392.95,     380.81,   393.40,     380.36,   392.95
2011, 09,   40801, 2011.7068,   383.38,   394.08,     382.86,   393.56,     383.38,   394.08
2011, 10,   40831, 2011.7890,   390.04,   394.55,     389.21,   393.72,     390.04,   394.55
2011, 11,   40862, 2011.8740,   395.48,   395.19,     394.16,   393.88,     395.48,   395.19
2011, 12,   40892, 2011.9562,   397.46,   394.40,     397.09,   394.04,     397.46,   394.40
2012, 01,   40923, 2012.0410,   399.12,   394.57,     398.76,   394.20,     399.12,   394.57
2012, 02,   40954, 2012.1257,   398.85,   393.60,     399.61,   394.37,     398.85,   393.60
2012, 03,   40983, 2012.2049,   399.23,   393.73,     400.03,   394.53,     399.23,   393.73
2012, 04,   41014, 2012.2896,   400.17,   394.55,     400.34,   394.71,     400.17,   394.55
2012, 05,   41044, 2012.3716,   400.86,   394.78,     400.98,   394.90,     400.86,   394.78
2012, 06,   41075, 2012.4563,   397.27,   394.02,     398.34,   395.09,     397.27,   394.02
2012, 07,   41105, 2012.5383,   386.95,   392.39,     389.85,   395.29,     386.95,   392.39
2012, 08,   41136, 2012.6230,   381.37,   394.08,     382.79,   395.50,     381.37,   394.08
2012, 09,   41167, 2012.7077,   386.73,   397.45,     385.00,   395.72,     386.73,   397.45
2012, 10,   41197, 2012.7896,   391.65,   396.15,     391.44,   395.94,     391.65,   396.15
2012, 11,   41228, 2012.8743,   397.49,   397.19,     396.47,   396.17,     397.49,   397.19
2012, 12,   41258, 2012.9563,   399.32,   396.25,     399.47,   396.39,     399.32,   396.25
2013, 01,   41289, 2013.0411,   399.96,   395.37,     401.21,   396.62,     399.96,   395.37
2013, 02,   41320, 2013.1260,   402.47,   397.19,     402.14,   396.86,     402.47,   397.19
2013, 03,   41348, 2013.2027,   403.11,   397.57,     402.61,   397.07,     403.11,   397.57
2013, 04,   41379, 2013.2877,   402.45,   396.79,     402.96,   397.31,     402.45,   396.79
2013, 05,   41409, 2013.3699,   403.32,   397.19,     403.66,   397.53,     403.32,   397.19
2013, 06,   41440, 2013.4548,   400.70,   397.32,     401.15,   397.77,     400.70,   397.32
2013, 07,   41470, 2013.5370,   391.81,   397.13,     392.67,   397.99,     391.81,   397.13
2013, 08,   41501, 2013.6219,   388.02,   400.63,     385.94,   398.55,     388.02,   400.63
2013, 09,   41532, 2013.7068,   388.86,   398.74,     388.92,   398.80,     388.86,   398.74
2013, 10,   41562, 2013.7890,   395.34,   399.65,     394.70,   399.01,     395.34,   399.65
2013, 11,   41593, 2013.8740,   399.76,   399.14,     399.85,   399.22,     399.76,   399.14
2013, 12,   41623, 2013.9562,   403.89,   400.08,     403.18,   399.37,     403.89,   400.08
2014, 01,   41654, 2014.0411,   402.62,   397.86,     404.33,   399.57,     402.62,   397.86
2014, 02,   41685, 2014.1260,   406.39,   400.95,     405.15,   399.71,     406.39,   400.95
2014, 03,   41713, 2014.2027,   405.18,   399.51,     405.51,   399.84,     405.18,   399.51
2014, 04,   41744, 2014.2877,   405.93,   400.24,     405.65,   399.96,     405.93,   400.24
2014, 05,   41774, 2014.3699,   405.77,   399.80,     406.05,   400.08,     405.77,   399.80
2014, 06,   41805, 2014.4548,   403.24,   400.94,     402.49,   400.19,     403.24,   400.94
2014, 07,   41835, 2014.5370,   393.88,   400.58,     393.59,   400.29,     393.88,   400.58
2014, 08,   41866, 2014.6219,   388.68,   401.40,     387.63,   400.35,     388.68,   401.40
2014, 09,   41897, 2014.7068,   389.94,   399.83,     390.56,   400.44,     389.94,   399.83
2014, 10,   41927, 2014.7890,   394.83,   398.75,     396.60,   400.52,     394.83,   398.75
2014, 11,   41958, 2014.8740,   401.79,   400.73,     401.68,   400.63,     401.79,   400.73
2014, 12,   41988, 2014.9562,   403.65,   399.79,     404.58,   400.72,     403.65,   399.79
2015, 01,   42019, 2015.0411,   405.32,   400.64,     405.53,   400.86,     405.32,   400.64
2015, 02,   42050, 2015.1260,   408.15,   402.70,     406.44,   400.99,     408.15,   402.70
2015, 03,   42078, 2015.2027,   407.02,   401.34,     406.79,   401.12,     407.02,   401.34
2015, 04,   42109, 2015.2877,   407.30,   401.83,     406.73,   401.26,     407.30,   401.83
2015, 05,   42139, 2015.3699,   407.43,   401.66,     407.20,   401.43,     407.43,   401.66
2015, 06,   42170, 2015.4548,   403.09,   401.03,     403.66,   401.60,     403.09,   401.03
2015, 07,   42200, 2015.5370,   392.69,   399.94,     394.55,   401.80,     392.69,   399.94
2015, 08,   42231, 2015.6219,   389.62,   402.65,     389.00,   402.02,     389.62,   402.65
2015, 09,   42262, 2015.7068,   392.51,   402.38,     392.39,   402.26,     392.51,   402.38
2015, 10,   42292, 2015.7890,   397.50,   401.31,     398.70,   402.51,     397.50,   401.31
2015, 11,   42323, 2015.8740,   404.36,   403.09,     404.07,   402.80,     404.36,   403.09
2015, 12,   42353, 2015.9562,   408.39,   404.66,     406.84,   403.11,     408.39,   404.66
2016, 01,   42384, 2016.0410,   408.44,   403.83,     407.94,   403.34,     408.44,   403.83
2016, 02,   42415, 2016.1257,   408.58,   402.96,     409.25,   403.63,     408.58,   402.96
2016, 03,   42444, 2016.2049,   408.37,   402.56,     409.74,   403.93,     408.37,   402.56
2016, 04,   42475, 2016.2896,   409.85,   404.25,     409.86,   404.25,     409.85,   404.25
2016, 05,   42505, 2016.3716,   409.29,   403.38,     410.48,   404.57,     409.29,   403.38
2016, 06,   42536, 2016.4563,   407.40,   405.49,     406.83,   404.92,     407.40,   405.49
2016, 07,   42566, 2016.5383,   396.35,   403.74,     397.87,   405.26,     396.35,   403.74
2016, 08,   42597, 2016.6230,   392.61,   405.72,     392.51,   405.62,     392.61,   405.72
2016, 09,   42628, 2016.7077,   397.32,   407.05,     396.24,   405.97,     397.32,   407.05
2016, 10,   42658, 2016.7896,   404.52,   407.98,     402.82,   406.29,     404.52,   407.98
2016, 11,   42689, 2016.8743,   406.98,   405.79,     407.80,   406.61,     406.98,   405.79
2016, 12,   42719, 2016.9563,   410.70,   407.22,     410.38,   406.89,     410.70,   407.22
2017, 01,   42750, 2017.0411,   413.41,   408.94,     411.63,   407.16,     413.41,   408.94
2017, 02,   42781, 2017.1260,   414.46,   408.83,     413.03,   407.39,     414.46,   408.83
2017, 03,   42809, 2017.2027,   414.73,   408.79,     413.51,   407.57,     414.73,   408.79
2017, 04,   42840, 2017.2877,   413.78,   408.15,     413.38,   407.75,     413.78,   408.15
2017, 05,   42870, 2017.3699,   413.36,   407.39,     413.87,   407.90,     413.36,   407.39
2017, 06,   42901, 2017.4548,   411.04,   408.86,     410.23,   408.05,     411.04,   408.86
2017, 07,   42931, 2017.5370,   400.02,   407.32,     400.87,   408.17,     400.02,   407.32
2017, 08,   42962, 2017.6219,   394.61,   407.76,     395.14,   408.30,     394.61,   407.76
2017, 09,   42993, 2017.7068,   397.25,   407.14,     398.57,   408.45,     397.25,   407.14
2017, 10,   43023, 2017.7890,   403.57,   407.24,     404.94,   408.61,     403.57,   407.24
2017, 11,   43054, 2017.8740,   410.40,   409.25,     409.92,   408.77,     410.40,   409.25
2017, 12,   43084, 2017.9562,   410.03,   406.54,     412.45,   408.96,     410.03,   406.54
2018, 01,   43115, 2018.0411,   412.58,   407.99,     413.75,   409.16,     412.58,   407.99
2018, 02,   43146, 2018.1260,   416.06,   410.40,     415.04,   409.38,     416.06,   410.40
2018, 03,   43174, 2018.2027,   414.13,   408.12,     415.59,   409.57,     414.13,   408.12
2018, 04,   43205, 2018.2877,   415.91,   410.24,     415.47,   409.80,     415.91,   410.24
2018, 05,   43235, 2018.3699,   416.11,   410.21,     415.93,   410.03,     416.11,   410.21
2018, 06,   43266, 2018.4548,   413.88,   411.78,     412.37,   410.27,     413.88,   411.78
2018, 07,   43296, 2018.5370,   403.97,   411.35,     403.10,   410.47,     403.97,   411.35
2018, 08,   43327, 2018.6219,   397.52,   410.83,     397.37,   410.68,     397.52,   410.83
2018, 09,   43358, 2018.7068,   401.03,   411.03,     400.88,   410.88,     401.03,   411.03
2018, 10,   43388, 2018.7890,   406.07,   409.78,     407.33,   411.04,     406.07,   409.78
2018, 11,   43419, 2018.8740,   415.34,   414.22,     412.33,   411.21,     415.34,   414.22
2018, 12,   43449, 2018.9562,      NaN,      NaN,     414.97,   411.37,     414.97,   411.37
2019, 01,   43480, 2019.0411,   417.83,   413.36,     416.01,   411.54,     417.83,   413.36
2019, 02,   43511, 2019.1260,   416.65,   410.89,     417.54,   411.78,     416.65,   410.89
2019, 03,   43539, 2019.2027,   418.23,   412.07,     418.10,   411.94,     418.23,   412.07
2019, 04,   43570, 2019.2877,   417.70,   411.92,     417.91,   412.12,     417.70,   411.92
2019, 05,   43600, 2019.3699,   417.71,   411.72,     418.29,   412.31,     417.71,   411.72
2019, 06,   43631, 2019.4548,   414.28,   412.19,     414.60,   412.51,     414.28,   412.19
2019, 07,   43661, 2019.5370,      NaN,      NaN,     405.17,   412.72,     405.17,   412.72
2019, 08,   43692, 2019.6219,   398.66,   412.09,     399.51,   412.94,     398.66,   412.09
2019, 09,   43723, 2019.7068,   405.00,   414.94,     403.24,   413.17,     405.00,   414.94
2019, 10,   43753, 2019.7890,   410.12,   413.86,     409.65,   413.39,     410.12,   413.86
2019, 11,   43784, 2019.8740,   414.01,   412.85,     414.79,   413.62,     414.01,   412.85
2019, 12,   43814, 2019.9562,   416.63,   412.93,     417.56,   413.85,     416.63,   412.93
2020, 01,   43845, 2020.0410,   419.16,   414.56,     418.68,   414.08,     419.16,   414.56
2020, 02,   43876, 2020.1257,   419.56,   413.81,     420.06,   414.31,     419.56,   413.81
2020, 03,   43905, 2020.2049,   420.78,   414.59,     420.71,   414.52,     420.78,   414.59
2020, 04,   43936, 2020.2896,   421.21,   415.40,     420.55,   414.74,     421.21,   415.40
2020, 05,   43966, 2020.3716,   420.93,   414.93,     420.95,   414.95,     420.93,   414.93
2020, 06,   43997, 2020.4563,   417.14,   415.18,     417.11,   415.15,     417.14,   415.18
2020, 07,   44027, 2020.5383,   407.20,   414.93,     407.62,   415.35,     407.20,   414.93
2020, 08,   44058, 2020.6230,   401.66,   415.15,     402.05,   415.54,     401.66,   415.15
2020, 09,   44089, 2020.7077,   407.29,   417.21,     405.82,   415.73,     407.29,   417.21
2020, 10,   44119, 2020.7896,   413.98,   417.70,     412.19,   415.91,     413.98,   417.70
2020, 11,   44150, 2020.8743,   416.98,   415.80,     417.27,   416.09,     416.98,   415.80
2020, 12,   44180, 2020.9563,   419.16,   415.44,     419.99,   416.27,     419.16,   415.44
2021, 01,   44211, 2021.0411,   420.17,   415.55,     421.08,   416.46,     420.17,   415.55
2021, 02,   44242, 2021.1260,   420.86,   415.09,     422.44,   416.67,     420.86,   415.09
2021, 03,   44270, 2021.2027,   422.67,   416.45,     423.10,   416.87,     422.67,   416.45
2021, 04,   44301, 2021.2877,   423.43,   417.60,     422.94,   417.11,     423.43,   417.60
2021, 05,   44331, 2021.3699,   423.53,   417.50,     423.38,   417.35,     423.53,   417.50
2021, 06,   44362, 2021.4548,   419.74,   417.63,     419.70,   417.59,     419.74,   417.63
2021, 07,   44392, 2021.5370,   411.49,   419.11,     410.22,   417.83,     411.49,   419.11
2021, 08,   44423, 2021.6219,   404.04,   417.58,     404.53,   418.07,     404.04,   417.58
2021, 09,   44454, 2021.7068,   408.22,   418.23,     408.29,   418.31,     408.22,   418.23
2021, 10,   44484, 2021.7890,   414.11,   417.89,     414.76,   418.54,     414.11,   417.89
2021, 11,   44515, 2021.8740,   419.73,   418.56,     419.94,   418.77,     419.73,   418.56
2021, 12,   44545, 2021.9562,   421.89,   418.15,     422.72,   418.98,     421.89,   418.15
2022, 01,   44576, 2022.0411,   425.10,   420.46,     423.83,   419.19,     425.10,   420.46
2022, 02,   44607, 2022.1260,   426.10,   420.31,     425.19,   419.39,     426.10,   420.31
2022, 03,   44635, 2022.2027,   425.92,   419.67,     425.80,   419.55,     425.92,   419.67
2022, 04,   44666, 2022.2877,   424.89,   419.03,     425.57,   419.72,     424.89,   419.03
2022, 05,   44696, 2022.3699,   426.04,   419.98,     425.93,   419.87,     426.04,   419.98
2022, 06,   44727, 2022.4548,   423.09,   420.98,     422.12,   420.01,     423.09,   420.98
2022, 07,   44757, 2022.5370,   411.82,   419.47,     412.50,   420.14,     411.82,   419.47
2022, 08,   44788, 2022.6219,   406.35,   419.95,     406.68,   420.27,     406.35,   419.95
2022, 09,   44819, 2022.7068,   410.28,   420.34,     410.34,   420.40,     410.28,   420.34
2022, 10,   44849, 2022.7890,   417.61,   421.40,     416.73,   420.52,     417.61,   421.40
2022, 11,   44880, 2022.8740,   422.80,   421.62,     421.83,   420.65,     422.80,   421.62
2022, 12,   44910, 2022.9562,   424.21,   420.46,     424.53,   420.78,     424.21,   420.46
2023, 01,   44941, 2023.0411,   424.45,   419.79,     425.58,   420.92,     424.45,   419.79
2023, 02,   44972, 2023.1260,   425.42,   419.60,     426.90,   421.08,     425.42,   419.60
2023, 03,   45000, 2023.2027,   429.10,   422.82,     427.51,   421.24,     429.10,   422.82
2023, 04,   45031, 2023.2877,   428.03,   422.15,     427.30,   421.42,     428.03,   422.15
2023, 05,   45061, 2023.3699,   427.65,   421.56,     427.71,   421.62,     427.65,   421.56
2023, 06,   45092, 2023.4548,   423.51,   421.38,     423.97,   421.85,     423.51,   421.38
2023, 07,   45122, 2023.5370,   413.43,   421.10,     414.41,   422.08,     413.43,   421.10
2023, 08,   45153, 2023.6219,   409.01,   422.66,     408.69,   422.34,     409.01,   422.66
2023, 09,   45184, 2023.7068,   413.15,   423.25,     412.52,   422.62,     413.15,   423.25
2023, 10,   45214, 2023.7890,   418.41,   422.22,     419.09,   422.90,     418.41,   422.22
2023, 11,   45245, 2023.8740,   425.92,   424.74,     424.38,   423.20,     425.92,   424.74
2023, 12,   45275, 2023.9562,   428.08,   424.31,     427.26,   423.50,     428.08,   424.31
2024, 01,   45306, 2024.0410,   429.35,   424.67,     428.48,   423.80,     429.35,   424.67
2024, 02,   45337, 2024.1257,   429.78,   423.95,     429.95,   424.11,     429.78,   423.95
2024, 03,   45366, 2024.2049,   430.30,   424.00,     430.68,   424.39,     430.30,   424.00
2024, 04,   45397, 2024.2896,   430.80,   424.90,     430.60,   424.69,     430.80,   424.90
2024, 05,   45427, 2024.3716,      NaN,      NaN,     431.08,   424.99,     431.08,   424.99
2024, 06,   45458, 2024.4563,      NaN,      NaN,     427.28,   425.29,     427.28,   425.29
2024, 07,   45488, 2024.5383,      NaN,      NaN,     417.72,   425.58,     417.72,   425.58
2024, 08,   45519, 2024.6230,      NaN,      NaN,     412.17,   425.88,     412.17,   425.88
2024, 09,   45550, 2024.7077,      NaN,      NaN,     416.11,   426.19,     416.11,   426.19
2024, 10,   45580, 2024.7896,      NaN,      NaN,     422.70,   426.48,     422.70,   426.48
2024, 11,   45611, 2024.8743,      NaN,      NaN,     427.98,   426.78,     427.98,   426.78
2024, 12,   45641, 2024.9563,      NaN,      NaN,     430.86,   427.07,     430.86,   427.07
