"-------------------------------------------------------------------------------------------"
" Monthly average 13C concentrations (per mil) derived from flask air samples               "
" Fanning Island                                                                            "
"                                                                                           "
" Source: R. F. Keeling and S. J. Walker                   "
" Scripps CO2 Program ( http://scrippsco2.ucsd.edu )                                        "
" Scripps Institution of Oceanography (SIO)                                                 "
" University of California                                                                  "
" La Jolla, California USA 92093-0244                                                       "
"                                                                                           "
" Status of isotopic data and correspondence:                                               "
"                                                                                           "
" Isotopic data are reported on the Scripps Isotope scale                                   "
" See:                                                                                      "
" T. Lueker, R. Keeling, A. Bollenbacher, S. Walker, E. Morgan,                             "
" M. Brooks, Calibration Methodology for the Scripps 13C/12C and 18O/16O                    "
" stable Isotope program 1992-2018, 2020                                                    "
" Flask data from archive dated 19-Apr-2024 10:43:25                                        "
"                                                                                           "
" They are subject to revision based on recalibration of standard gases. Questions          "
" about the data should be directed to Dr. Ralph Keeling (rkeeling AT ucsd.edu) and         "
" and Dr. Stephen Walker (sjwalker AT ucsd.edu), Scripps CO2 Program.                       "
"                                                                                           "
"-------------------------------------------------------------------------------------------"
"                                                                                           "
" Please cite as:                                                                           "
"                                                                                           "
" C. D. Keeling, S. C. Piper, R. B. Bacastow, M. Wahlen, T. P. Whorf, M. Heimann, and       "
" H. A. Meijer, Exchanges of atmospheric CO2 and 13CO2 with the terrestrial biosphere and   "
" oceans from 1978 to 2000.  I. Global aspects, SIO Reference Series, No. 01-06, Scripps    "
" Institution of Oceanography, San Diego, 88 pages, 2001.                                   "
"                                                                                           "
" If it is necessary to cite a peer-reviewed article, please cite as:                       "
"                                                                                           "
" C. D. Keeling, S. C. Piper, R. B. Bacastow, M. Wahlen, T. P. Whorf, M. Heimann, and       "
" H. A. Meijer, Atmospheric CO2 and 13CO2 exchange with the terrestrial biosphere and       "
" oceans from 1978 to 2000: observations and carbon cycle implications, pages 83-113,       "
" in "A History of Atmospheric CO2 and its effects on Plants, Animals, and Ecosystems",     "
" editors, Ehleringer, J.R., T. E. Cerling, M. D. Dearing, Springer Verlag,                 "
" New York, 2005.                                                                           "
"                                                                                           "
"-------------------------------------------------------------------------------------------"
"                                                                                           "
" The data file below contains 10 columns.  Columns 1-4 give the dates in several redundant "
" formats. Column 5 below gives monthly isotope concentrations in per-mil.  This is the     "
" standard version of the data most often sought.  The monthly values have been adjusted    "
" to 24:00 hours on the 15th of each month.  Column 6 gives the same data after a seasonal  "
" adjustment to remove the quasi-regular seasonal cycle.  The adjustment involves           "
" subtracting from the data a 4-harmonic fit with a linear gain factor.  Column 7 is a      "
" smoothed version of the data generated from a stiff cubic spline function plus 4-harmonic "
" functions with linear gain.  Column 8 is the same smoothed version with the seasonal      "
" cycle removed.  Column 9 is identical to Column 5 except that the missing values from     "
" Column 5 have been filled with values from Column 7.  Column 10 is identical to Column 6  "
" except missing values have been filled with values from Column 8.  Missing values are     "
" denoted by -99.99                                                                         "
" "
" Isotopic data are reported on the Scripps Isotope scale"
" See:"
" T. Lueker, R. Keeling, A. Bollenbacher, S. Walker, E. Morgan,"
" M. Brooks, Calibration Methodology for the Scripps 13C/12C and 18O/16O"
" stable Isotope program 1992-2018, 2020"
" "
  Yr, Mn,    Date,      Date,     13C,seasonally,        fit,  seasonally,      13C, seasonally
    ,   ,        ,          ,        ,  adjusted,           ,adjusted fit,   filled,adjusted filled
    ,   ,   Excel,          , per-mil,  per-mil,    per-mil,  per-mil,   per-mil,  per-mil
1977, 01,   28140, 1977.0411,      NaN,      NaN,      -7.65,    -7.68,      -7.65,    -7.68
1977, 02,   28171, 1977.1260,      NaN,      NaN,      -7.67,    -7.66,      -7.67,    -7.66
1977, 03,   28199, 1977.2027,      NaN,      NaN,      -7.70,    -7.64,      -7.70,    -7.64
1977, 04,   28230, 1977.2877,      NaN,      NaN,      -7.71,    -7.62,      -7.71,    -7.62
1977, 05,   28260, 1977.3699,      NaN,      NaN,      -7.70,    -7.60,      -7.70,    -7.60
1977, 06,   28291, 1977.4548,      NaN,      NaN,      -7.64,    -7.59,      -7.64,    -7.59
1977, 07,   28321, 1977.5370,      NaN,      NaN,      -7.57,    -7.57,      -7.57,    -7.57
1977, 08,   28352, 1977.6219,    -7.50,    -7.55,      -7.50,    -7.55,      -7.50,    -7.55
1977, 09,   28383, 1977.7068,    -7.47,    -7.54,      -7.46,    -7.53,      -7.47,    -7.54
1977, 10,   28413, 1977.7890,    -7.45,    -7.52,      -7.45,    -7.51,      -7.45,    -7.52
1977, 11,   28444, 1977.8740,    -7.46,    -7.52,      -7.44,    -7.49,      -7.46,    -7.52
1977, 12,   28474, 1977.9562,    -7.42,    -7.46,      -7.43,    -7.48,      -7.42,    -7.46
1978, 01,   28505, 1978.0411,      NaN,      NaN,      -7.44,    -7.46,      -7.44,    -7.46
1978, 02,   28536, 1978.1260,      NaN,      NaN,      -7.47,    -7.45,      -7.47,    -7.45
1978, 03,   28564, 1978.2027,    -7.48,    -7.42,      -7.50,    -7.45,      -7.48,    -7.42
1978, 04,   28595, 1978.2877,    -7.53,    -7.44,      -7.54,    -7.44,      -7.53,    -7.44
1978, 05,   28625, 1978.3699,    -7.54,    -7.45,      -7.54,    -7.45,      -7.54,    -7.45
1978, 06,   28656, 1978.4548,    -7.40,    -7.34,      -7.51,    -7.46,      -7.40,    -7.34
1978, 07,   28686, 1978.5370,    -7.45,    -7.45,      -7.47,    -7.47,      -7.45,    -7.45
1978, 08,   28717, 1978.6219,    -7.48,    -7.53,      -7.44,    -7.49,      -7.48,    -7.53
1978, 09,   28748, 1978.7068,    -7.46,    -7.52,      -7.44,    -7.51,      -7.46,    -7.52
1978, 10,   28778, 1978.7890,    -7.50,    -7.57,      -7.45,    -7.52,      -7.50,    -7.57
1978, 11,   28809, 1978.8740,    -7.47,    -7.52,      -7.47,    -7.53,      -7.47,    -7.52
1978, 12,   28839, 1978.9562,    -7.50,    -7.54,      -7.49,    -7.53,      -7.50,    -7.54
1979, 01,   28870, 1979.0411,      NaN,      NaN,      -7.51,    -7.53,      -7.51,    -7.53
1979, 02,   28901, 1979.1260,    -7.58,    -7.57,      -7.54,    -7.53,      -7.58,    -7.57
1979, 03,   28929, 1979.2027,    -7.55,    -7.49,      -7.58,    -7.52,      -7.55,    -7.49
1979, 04,   28960, 1979.2877,    -7.62,    -7.53,      -7.60,    -7.51,      -7.62,    -7.53
1979, 05,   28990, 1979.3699,    -7.58,    -7.49,      -7.59,    -7.50,      -7.58,    -7.49
1979, 06,   29021, 1979.4548,    -7.55,    -7.50,      -7.55,    -7.50,      -7.55,    -7.50
1979, 07,   29051, 1979.5370,    -7.45,    -7.45,      -7.49,    -7.49,      -7.45,    -7.45
1979, 08,   29082, 1979.6219,    -7.43,    -7.48,      -7.45,    -7.50,      -7.43,    -7.48
1979, 09,   29113, 1979.7068,    -7.42,    -7.49,      -7.44,    -7.51,      -7.42,    -7.49
1979, 10,   29143, 1979.7890,    -7.44,    -7.51,      -7.46,    -7.52,      -7.44,    -7.51
1979, 11,   29174, 1979.8740,    -7.44,    -7.50,      -7.49,    -7.54,      -7.44,    -7.50
1979, 12,   29204, 1979.9562,    -7.54,    -7.58,      -7.52,    -7.57,      -7.54,    -7.58
1980, 01,   29235, 1980.0410,    -7.60,    -7.62,      -7.57,    -7.59,      -7.60,    -7.62
1980, 02,   29266, 1980.1257,    -7.67,    -7.65,      -7.62,    -7.61,      -7.67,    -7.65
1980, 03,   29295, 1980.2049,    -7.67,    -7.61,      -7.68,    -7.62,      -7.67,    -7.61
1980, 04,   29326, 1980.2896,    -7.72,    -7.62,      -7.72,    -7.63,      -7.72,    -7.62
1980, 05,   29356, 1980.3716,      NaN,      NaN,      -7.72,    -7.63,      -7.72,    -7.63
1980, 06,   29387, 1980.4563,    -7.69,    -7.63,      -7.68,    -7.63,      -7.69,    -7.63
1980, 07,   29417, 1980.5383,      NaN,      NaN,      -7.62,    -7.62,      -7.62,    -7.62
1980, 08,   29448, 1980.6230,    -7.59,    -7.63,      -7.56,    -7.61,      -7.59,    -7.63
1980, 09,   29479, 1980.7077,    -7.55,    -7.62,      -7.53,    -7.60,      -7.55,    -7.62
1980, 10,   29509, 1980.7896,    -7.52,    -7.59,      -7.52,    -7.59,      -7.52,    -7.59
1980, 11,   29540, 1980.8743,    -7.54,    -7.60,      -7.52,    -7.58,      -7.54,    -7.60
1980, 12,   29570, 1980.9563,    -7.47,    -7.51,      -7.52,    -7.57,      -7.47,    -7.51
1981, 01,   29601, 1981.0411,    -7.56,    -7.58,      -7.54,    -7.56,      -7.56,    -7.58
1981, 02,   29632, 1981.1260,    -7.52,    -7.50,      -7.58,    -7.56,      -7.52,    -7.50
1981, 03,   29660, 1981.2027,    -7.68,    -7.62,      -7.62,    -7.56,      -7.68,    -7.62
1981, 04,   29691, 1981.2877,    -7.61,    -7.52,      -7.67,    -7.57,      -7.61,    -7.52
1981, 05,   29721, 1981.3699,      NaN,      NaN,      -7.67,    -7.58,      -7.67,    -7.58
1981, 06,   29752, 1981.4548,    -7.74,    -7.69,      -7.65,    -7.59,      -7.74,    -7.69
1981, 07,   29782, 1981.5370,    -7.58,    -7.58,      -7.60,    -7.60,      -7.58,    -7.58
1981, 08,   29813, 1981.6219,    -7.57,    -7.62,      -7.56,    -7.61,      -7.57,    -7.62
1981, 09,   29844, 1981.7068,    -7.58,    -7.65,      -7.54,    -7.61,      -7.58,    -7.65
1981, 10,   29874, 1981.7890,    -7.53,    -7.59,      -7.54,    -7.61,      -7.53,    -7.59
1981, 11,   29905, 1981.8740,    -7.58,    -7.64,      -7.55,    -7.60,      -7.58,    -7.64
1981, 12,   29935, 1981.9562,    -7.52,    -7.56,      -7.55,    -7.60,      -7.52,    -7.56
1982, 01,   29966, 1982.0411,    -7.55,    -7.57,      -7.57,    -7.59,      -7.55,    -7.57
1982, 02,   29997, 1982.1260,    -7.61,    -7.60,      -7.61,    -7.59,      -7.61,    -7.60
1982, 03,   30025, 1982.2027,      NaN,      NaN,      -7.65,    -7.59,      -7.65,    -7.59
1982, 04,   30056, 1982.2877,    -7.66,    -7.56,      -7.69,    -7.60,      -7.66,    -7.56
1982, 05,   30086, 1982.3699,    -7.61,    -7.52,      -7.69,    -7.60,      -7.61,    -7.52
1982, 06,   30117, 1982.4548,    -7.76,    -7.70,      -7.66,    -7.61,      -7.76,    -7.70
1982, 07,   30147, 1982.5370,    -7.72,    -7.72,      -7.61,    -7.61,      -7.72,    -7.72
1982, 08,   30178, 1982.6219,      NaN,      NaN,      -7.57,    -7.62,      -7.57,    -7.62
1982, 09,   30209, 1982.7068,    -7.53,    -7.60,      -7.56,    -7.62,      -7.53,    -7.60
1982, 10,   30239, 1982.7890,      NaN,      NaN,      -7.57,    -7.63,      -7.57,    -7.63
1982, 11,   30270, 1982.8740,      NaN,      NaN,      -7.59,    -7.65,      -7.59,    -7.65
1982, 12,   30300, 1982.9562,      NaN,      NaN,      -7.62,    -7.66,      -7.62,    -7.66
1983, 01,   30331, 1983.0411,      NaN,      NaN,      -7.65,    -7.67,      -7.65,    -7.67
1983, 02,   30362, 1983.1260,    -7.75,    -7.73,      -7.70,    -7.68,      -7.75,    -7.73
1983, 03,   30390, 1983.2027,    -7.74,    -7.68,      -7.74,    -7.69,      -7.74,    -7.68
1983, 04,   30421, 1983.2877,      NaN,      NaN,      -7.78,    -7.69,      -7.78,    -7.69
1983, 05,   30451, 1983.3699,    -7.82,    -7.73,      -7.78,    -7.69,      -7.82,    -7.73
1983, 06,   30482, 1983.4548,      NaN,      NaN,      -7.74,    -7.68,      -7.74,    -7.68
1983, 07,   30512, 1983.5370,      NaN,      NaN,      -7.67,    -7.68,      -7.67,    -7.68
1983, 08,   30543, 1983.6219,    -7.59,    -7.64,      -7.62,    -7.67,      -7.59,    -7.64
1983, 09,   30574, 1983.7068,      NaN,      NaN,      -7.59,    -7.66,      -7.59,    -7.66
1983, 10,   30604, 1983.7890,      NaN,      NaN,      -7.58,    -7.65,      -7.58,    -7.65
1983, 11,   30635, 1983.8740,      NaN,      NaN,      -7.58,    -7.64,      -7.58,    -7.64
1983, 12,   30665, 1983.9562,      NaN,      NaN,      -7.58,    -7.63,      -7.58,    -7.63
