"-------------------------------------------------------------------------------------------"
" Monthly average CO2 concentrations (ppm) derived from flask air samples                   "
" Fanning Island                                                                            "
"                                                                                           "
" Source: R. F. Keeling and S. J. Walker                                                    "
" Scripps CO2 Program ( http://scrippsco2.ucsd.edu )                                        "
" Scripps Institution of Oceanography (SIO)                                                 "
" University of California                                                                  "
" La Jolla, California USA 92093-0244                                                       "
"                                                                                           "
" Status of data and correspondence:                                                        "
"                                                                                           "
" These data are subject to revision based on recalibration of standard gases. Questions    "
" about the data should be directed to Dr. Ralph Keeling (rkeeling AT ucsd.edu) and         "
" Dr. Stephen Walker (sjwalker AT ucsd.edu), Scripps CO2 Program.                           "
"                                                                                           "
" Flask data from archive dated 19-Apr-2024 10:43:25                                        "
"                                                                                           "
"-------------------------------------------------------------------------------------------"
"                                                                                           "
" Please cite as:                                                                           "
"                                                                                           "
" C. D. Keeling, S. C. Piper, R. B. Bacastow, M. Wahlen, T. P. Whorf, M. Heimann, and       "
" H. A. Meijer, Exchanges of atmospheric CO2 and 13CO2 with the terrestrial biosphere and   "
" oceans from 1978 to 2000.  I. Global aspects, SIO Reference Series, No. 01-06, Scripps    "
" Institution of Oceanography, San Diego, 88 pages, 2001.                                   "
"                                                                                           "
" If it is necessary to cite a peer-reviewed article, please cite as:                       "
"                                                                                           "
" C. D. Keeling, S. C. Piper, R. B. Bacastow, M. Wahlen, T. P. Whorf, M. Heimann, and       "
" H. A. Meijer, Atmospheric CO2 and 13CO2 exchange with the terrestrial biosphere and       "
" oceans from 1978 to 2000: observations and carbon cycle implications, pages 83-113,       "
" in "A History of Atmospheric CO2 and its effects on Plants, Animals, and Ecosystems",     "
" editors, Ehleringer, J.R., T. E. Cerling, M. D. Dearing, Springer Verlag,                 "
" New York, 2005.                                                                           "
"                                                                                           "
"-------------------------------------------------------------------------------------------"
"                                                                                           "
" The data file below contains 10 columns.  Columns 1-4 give the dates in several redundant "
" formats. Column 5 below gives monthly CO2 concentrations in micro-mol CO2 per mole (ppm)  "
" reported on the 20 SIO manometric mole fraction scale.  This is the standard           "
" version of the data most often sought.  The monthly values have been adjusted             "
" to 24:00 hours on the 15th of each month.  Column 6 gives the same data after a seasonal  "
" adjustment to remove the quasi-regular seasonal cycle.  The adjustment involves           "
" subtracting from the data a 4-harmonic fit with a linear gain factor.  Column 7 is a      "
" smoothed version of the data generated from a stiff cubic spline function plus 4-harmonic "
" functions with linear gain.  Column 8 is the same smoothed version with the seasonal      "
" cycle removed.  Column 9 is identical to Column 5 except that the missing values from     "
" Column 5 have been filled with values from Column 7.  Column 10 is identical to Column 6  "
" except missing values have been filled with values from Column 8.  Missing values are     "
" denoted by -99.99                                                                         "
  Yr, Mn,    Date,      Date,     CO2,seasonally,        fit,  seasonally,      CO2, seasonally
    ,   ,        ,          ,        ,  adjusted,           ,adjusted fit,   filled,adjusted filled
    ,   ,   Excel,          ,     ppm,      ppm,        ppm,      ppm,       ppm,      ppm
1972, 01,   26313, 1972.0410,      NaN,      NaN,     326.47,   326.60,     326.47,   326.60
1972, 02,   26344, 1972.1257,      NaN,      NaN,     327.11,   326.82,     327.11,   326.82
1972, 03,   26373, 1972.2049,      NaN,      NaN,     328.13,   327.03,     328.13,   327.03
1972, 04,   26404, 1972.2896,      NaN,      NaN,     329.15,   327.25,     329.15,   327.25
1972, 05,   26434, 1972.3716,      NaN,      NaN,     328.94,   327.46,     328.94,   327.46
1972, 06,   26465, 1972.4563,      NaN,      NaN,     328.26,   327.68,     328.26,   327.68
1972, 07,   26495, 1972.5383,   328.05,   327.89,     328.05,   327.90,     328.05,   327.89
1972, 08,   26526, 1972.6230,   327.27,   327.64,     327.74,   328.12,     327.27,   327.64
1972, 09,   26557, 1972.7077,   327.96,   329.09,     327.21,   328.33,     327.96,   329.09
1972, 10,   26587, 1972.7896,   326.92,   328.47,     326.99,   328.54,     326.92,   328.47
1972, 11,   26618, 1972.8743,   326.78,   328.25,     327.29,   328.76,     326.78,   328.25
1972, 12,   26648, 1972.9563,   328.65,   329.47,     328.15,   328.97,     328.65,   329.47
1973, 01,   26679, 1973.0411,   328.79,   328.93,     329.05,   329.18,     328.79,   328.93
1973, 02,   26710, 1973.1260,   329.75,   329.46,     329.69,   329.40,     329.75,   329.46
1973, 03,   26738, 1973.2027,   330.61,   329.53,     330.66,   329.58,     330.61,   329.53
1973, 04,   26769, 1973.2877,   331.96,   330.05,     331.68,   329.77,     331.96,   330.05
1973, 05,   26799, 1973.3699,   331.57,   330.07,     331.44,   329.94,     331.57,   330.07
1973, 06,   26830, 1973.4548,   330.07,   329.49,     330.67,   330.09,     330.07,   329.49
1973, 07,   26860, 1973.5370,   330.17,   330.01,     330.37,   330.21,     330.17,   330.01
1973, 08,   26891, 1973.6219,   330.51,   330.88,     329.93,   330.30,     330.51,   330.88
1973, 09,   26922, 1973.7068,      NaN,      NaN,     329.24,   330.36,     329.24,   330.36
1973, 10,   26952, 1973.7890,      NaN,      NaN,     328.83,   330.39,     328.83,   330.39
1973, 11,   26983, 1973.8740,   329.08,   330.56,     328.93,   330.40,     329.08,   330.56
1973, 12,   27013, 1973.9562,   329.47,   330.29,     329.56,   330.39,     329.47,   330.29
1974, 01,   27044, 1974.0411,   330.33,   330.47,     330.23,   330.37,     330.33,   330.47
1974, 02,   27075, 1974.1260,   330.59,   330.29,     330.63,   330.34,     330.59,   330.29
1974, 03,   27103, 1974.2027,   331.18,   330.10,     331.40,   330.32,     331.18,   330.10
1974, 04,   27134, 1974.2877,   332.80,   330.89,     332.22,   330.31,     332.80,   330.89
1974, 05,   27164, 1974.3699,   330.57,   329.06,     331.82,   330.31,     330.57,   329.06
1974, 06,   27195, 1974.4548,   330.46,   329.88,     330.93,   330.34,     330.46,   329.88
1974, 07,   27225, 1974.5370,   330.57,   330.41,     330.57,   330.41,     330.57,   330.41
1974, 08,   27256, 1974.6219,   330.08,   330.45,     330.13,   330.50,     330.08,   330.45
1974, 09,   27287, 1974.7068,   329.29,   330.42,     329.48,   330.61,     329.29,   330.42
1974, 10,   27317, 1974.7890,   329.31,   330.88,     329.16,   330.73,     329.31,   330.88
1974, 11,   27348, 1974.8740,   330.18,   331.66,     329.37,   330.85,     330.18,   331.66
1974, 12,   27378, 1974.9562,   330.22,   331.05,     330.14,   330.96,     330.22,   331.05
1975, 01,   27409, 1975.0411,   330.92,   331.06,     330.93,   331.07,     330.92,   331.06
1975, 02,   27440, 1975.1260,      NaN,      NaN,     331.47,   331.17,     331.47,   331.17
1975, 03,   27468, 1975.2027,      NaN,      NaN,     332.35,   331.26,     332.35,   331.26
1975, 04,   27499, 1975.2877,   333.20,   331.28,     333.27,   331.36,     333.20,   331.28
1975, 05,   27529, 1975.3699,   333.38,   331.87,     332.96,   331.45,     333.38,   331.87
1975, 06,   27560, 1975.4548,   332.25,   331.66,     332.13,   331.54,     332.25,   331.66
1975, 07,   27590, 1975.5370,   331.23,   331.07,     331.79,   331.62,     331.23,   331.07
1975, 08,   27621, 1975.6219,   331.40,   331.77,     331.35,   331.72,     331.40,   331.77
1975, 09,   27652, 1975.7068,   330.91,   332.04,     330.69,   331.82,     330.91,   332.04
1975, 10,   27682, 1975.7890,   330.20,   331.77,     330.35,   331.92,     330.20,   331.77
1975, 11,   27713, 1975.8740,   330.66,   332.14,     330.53,   332.01,     330.66,   332.14
1975, 12,   27743, 1975.9562,   331.66,   332.49,     331.26,   332.09,     331.66,   332.49
1976, 01,   27774, 1976.0410,   332.30,   332.44,     332.03,   332.16,     332.30,   332.44
1976, 02,   27805, 1976.1257,   331.70,   331.41,     332.52,   332.23,     331.70,   331.41
1976, 03,   27834, 1976.2049,   333.58,   332.46,     333.41,   332.30,     333.58,   332.46
1976, 04,   27865, 1976.2896,   333.74,   331.81,     334.30,   332.37,     333.74,   331.81
1976, 05,   27895, 1976.3716,   334.44,   332.95,     333.94,   332.45,     334.44,   332.95
1976, 06,   27926, 1976.4563,   332.91,   332.33,     333.11,   332.53,     332.91,   332.33
1976, 07,   27956, 1976.5383,   333.29,   333.13,     332.78,   332.62,     333.29,   333.13
1976, 08,   27987, 1976.6230,   332.23,   332.61,     332.35,   332.73,     332.23,   332.61
1976, 09,   28018, 1976.7077,   331.17,   332.31,     331.71,   332.85,     331.17,   332.31
1976, 10,   28048, 1976.7896,   331.37,   332.94,     331.42,   332.99,     331.37,   332.94
1976, 11,   28079, 1976.8743,      NaN,      NaN,     331.68,   333.16,     331.68,   333.16
1976, 12,   28109, 1976.9563,   332.05,   332.88,     332.51,   333.34,     332.05,   332.88
1977, 01,   28140, 1977.0411,   333.33,   333.47,     333.40,   333.54,     333.33,   333.47
1977, 02,   28171, 1977.1260,   334.91,   334.62,     334.03,   333.73,     334.91,   334.62
1977, 03,   28199, 1977.2027,      NaN,      NaN,     334.99,   333.90,     334.99,   333.90
1977, 04,   28230, 1977.2877,      NaN,      NaN,     336.00,   334.07,     336.00,   334.07
1977, 05,   28260, 1977.3699,   335.58,   334.06,     335.75,   334.22,     335.58,   334.06
1977, 06,   28291, 1977.4548,   335.43,   334.84,     334.96,   334.37,     335.43,   334.84
1977, 07,   28321, 1977.5370,   334.62,   334.45,     334.65,   334.48,     334.62,   334.45
1977, 08,   28352, 1977.6219,   334.12,   334.50,     334.22,   334.59,     334.12,   334.50
1977, 09,   28383, 1977.7068,   333.77,   334.91,     333.55,   334.69,     333.77,   334.91
1977, 10,   28413, 1977.7890,   332.94,   334.52,     333.21,   334.79,     332.94,   334.52
1977, 11,   28444, 1977.8740,   333.50,   334.99,     333.40,   334.89,     333.50,   334.99
1977, 12,   28474, 1977.9562,   333.69,   334.52,     334.17,   335.00,     333.69,   334.52
1978, 01,   28505, 1978.0411,   335.16,   335.30,     334.98,   335.12,     335.16,   335.30
1978, 02,   28536, 1978.1260,   336.07,   335.78,     335.54,   335.24,     336.07,   335.78
1978, 03,   28564, 1978.2027,   336.11,   335.02,     336.44,   335.35,     336.11,   335.02
1978, 04,   28595, 1978.2877,   337.94,   336.00,     337.40,   335.47,     337.94,   336.00
1978, 05,   28625, 1978.3699,   336.93,   335.40,     337.10,   335.58,     336.93,   335.40
1978, 06,   28656, 1978.4548,   336.16,   335.56,     336.29,   335.69,     336.16,   335.56
1978, 07,   28686, 1978.5370,   335.93,   335.76,     335.97,   335.81,     335.93,   335.76
1978, 08,   28717, 1978.6219,   335.82,   336.20,     335.55,   335.92,     335.82,   336.20
1978, 09,   28748, 1978.7068,   335.11,   336.25,     334.89,   336.03,     335.11,   336.25
1978, 10,   28778, 1978.7890,   334.77,   336.35,     334.55,   336.13,     334.77,   336.35
1978, 11,   28809, 1978.8740,   334.75,   336.25,     334.74,   336.23,     334.75,   336.25
1978, 12,   28839, 1978.9562,   335.27,   336.10,     335.50,   336.34,     335.27,   336.10
1979, 01,   28870, 1979.0411,   336.02,   336.16,     336.31,   336.45,     336.02,   336.16
1979, 02,   28901, 1979.1260,   337.22,   336.92,     336.87,   336.57,     337.22,   336.92
1979, 03,   28929, 1979.2027,   337.16,   336.06,     337.79,   336.69,     337.16,   336.06
1979, 04,   28960, 1979.2877,   338.19,   336.25,     338.78,   336.83,     338.19,   336.25
1979, 05,   28990, 1979.3699,   339.08,   337.55,     338.52,   336.99,     339.08,   337.55
1979, 06,   29021, 1979.4548,   337.89,   337.29,     337.75,   337.15,     337.89,   337.29
1979, 07,   29051, 1979.5370,   337.57,   337.40,     337.48,   337.32,     337.57,   337.40
1979, 08,   29082, 1979.6219,   336.85,   337.22,     337.11,   337.49,     336.85,   337.22
1979, 09,   29113, 1979.7068,   336.29,   337.44,     336.51,   337.66,     336.29,   337.44
1979, 10,   29143, 1979.7890,      NaN,      NaN,     336.25,   337.84,     336.25,   337.84
1979, 11,   29174, 1979.8740,   336.78,   338.28,     336.52,   338.02,     336.78,   338.28
1979, 12,   29204, 1979.9562,      NaN,      NaN,     337.36,   338.20,     337.36,   338.20
1980, 01,   29235, 1980.0410,      NaN,      NaN,     338.24,   338.38,     338.24,   338.38
1980, 02,   29266, 1980.1257,   338.65,   338.35,     338.85,   338.56,     338.65,   338.35
1980, 03,   29295, 1980.2049,   339.91,   338.78,     339.85,   338.72,     339.91,   338.78
1980, 04,   29326, 1980.2896,      NaN,      NaN,     340.85,   338.89,     340.85,   338.89
1980, 05,   29356, 1980.3716,      NaN,      NaN,     340.57,   339.06,     340.57,   339.06
1980, 06,   29387, 1980.4563,   339.90,   339.31,     339.80,   339.21,     339.90,   339.31
1980, 07,   29417, 1980.5383,   339.95,   339.79,     339.51,   339.35,     339.95,   339.79
1980, 08,   29448, 1980.6230,      NaN,      NaN,     339.10,   339.48,     339.10,   339.48
1980, 09,   29479, 1980.7077,   338.43,   339.59,     338.44,   339.60,     338.43,   339.59
1980, 10,   29509, 1980.7896,   338.04,   339.64,     338.11,   339.71,     338.04,   339.64
1980, 11,   29540, 1980.8743,      NaN,      NaN,     338.30,   339.81,     338.30,   339.81
1980, 12,   29570, 1980.9563,   339.03,   339.87,     339.06,   339.90,     339.03,   339.87
1981, 01,   29601, 1981.0411,      NaN,      NaN,     339.84,   339.98,     339.84,   339.98
1981, 02,   29632, 1981.1260,   340.28,   339.98,     340.36,   340.06,     340.28,   339.98
1981, 03,   29660, 1981.2027,      NaN,      NaN,     341.24,   340.13,     341.24,   340.13
1981, 04,   29691, 1981.2877,      NaN,      NaN,     342.16,   340.20,     342.16,   340.20
1981, 05,   29721, 1981.3699,      NaN,      NaN,     341.81,   340.27,     341.81,   340.27
1981, 06,   29752, 1981.4548,      NaN,      NaN,     340.93,   340.33,     340.93,   340.33
1981, 07,   29782, 1981.5370,   340.81,   340.64,     340.55,   340.38,     340.81,   340.64
1981, 08,   29813, 1981.6219,   339.47,   339.85,     340.05,   340.43,     339.47,   339.85
1981, 09,   29844, 1981.7068,   339.64,   340.79,     339.33,   340.48,     339.64,   340.79
1981, 10,   29874, 1981.7890,   338.94,   340.54,     338.93,   340.53,     338.94,   340.54
1981, 11,   29905, 1981.8740,      NaN,      NaN,     339.07,   340.58,     339.07,   340.58
1981, 12,   29935, 1981.9562,      NaN,      NaN,     339.78,   340.62,     339.78,   340.62
1982, 01,   29966, 1982.0411,      NaN,      NaN,     340.54,   340.68,     340.54,   340.68
1982, 02,   29997, 1982.1260,      NaN,      NaN,     341.04,   340.74,     341.04,   340.74
1982, 03,   30025, 1982.2027,      NaN,      NaN,     341.91,   340.81,     341.91,   340.81
1982, 04,   30056, 1982.2877,      NaN,      NaN,     342.85,   340.89,     342.85,   340.89
1982, 05,   30086, 1982.3699,   342.22,   340.67,     342.53,   340.99,     342.22,   340.67
1982, 06,   30117, 1982.4548,      NaN,      NaN,     341.71,   341.10,     341.71,   341.10
1982, 07,   30147, 1982.5370,      NaN,      NaN,     341.40,   341.23,     341.40,   341.23
1982, 08,   30178, 1982.6219,      NaN,      NaN,     341.00,   341.38,     341.00,   341.38
1982, 09,   30209, 1982.7068,   340.38,   341.54,     340.39,   341.55,     340.38,   341.54
1982, 10,   30239, 1982.7890,      NaN,      NaN,     340.12,   341.73,     340.12,   341.73
1982, 11,   30270, 1982.8740,      NaN,      NaN,     340.41,   341.92,     340.41,   341.92
1982, 12,   30300, 1982.9562,   341.22,   342.06,     341.28,   342.12,     341.22,   342.06
1983, 01,   30331, 1983.0411,      NaN,      NaN,     342.20,   342.34,     342.20,   342.34
1983, 02,   30362, 1983.1260,   342.92,   342.62,     342.86,   342.56,     342.92,   342.62
1983, 03,   30390, 1983.2027,      NaN,      NaN,     343.87,   342.76,     343.87,   342.76
1983, 04,   30421, 1983.2877,      NaN,      NaN,     344.95,   342.98,     344.95,   342.98
1983, 05,   30451, 1983.3699,   344.92,   343.37,     344.75,   343.20,     344.92,   343.37
1983, 06,   30482, 1983.4548,      NaN,      NaN,     344.03,   343.42,     344.03,   343.42
1983, 07,   30512, 1983.5370,      NaN,      NaN,     343.80,   343.64,     343.80,   343.64
1983, 08,   30543, 1983.6219,   343.40,   343.78,     343.47,   343.85,     343.40,   343.78
1983, 09,   30574, 1983.7068,      NaN,      NaN,     342.91,   344.07,     342.91,   344.07
1983, 10,   30604, 1983.7890,      NaN,      NaN,     342.67,   344.28,     342.67,   344.28
1983, 11,   30635, 1983.8740,      NaN,      NaN,     342.98,   344.50,     342.98,   344.50
1983, 12,   30665, 1983.9562,      NaN,      NaN,     343.86,   344.71,     343.86,   344.71
