"-------------------------------------------------------------------------------------------"
" Monthly average 18O concentrations (per mil) derived from flask air samples               "
" Fanning Island                                                                            "
"                                                                                           "
" Source: R. F. Keeling and S. J. Walker                   "
" Scripps CO2 Program ( http://scrippsco2.ucsd.edu )                                        "
" Scripps Institution of Oceanography (SIO)                                                 "
" University of California                                                                  "
" La Jolla, California USA 92093-0244                                                       "
"                                                                                           "
" Status of isotopic data and correspondence:                                               "
"                                                                                           "
" Isotopic data are reported on the Scripps Isotope scale                                   "
" See:                                                                                      "
" T. Lueker, R. Keeling, A. Bollenbacher, S. Walker, E. Morgan,                             "
" M. Brooks, Calibration Methodology for the Scripps 13C/12C and 18O/16O                    "
" stable Isotope program 1992-2018, 2020                                                    "
" Flask data from archive dated 19-Apr-2024 10:43:25                                        "
"                                                                                           "
" They are subject to revision based on recalibration of standard gases. Questions          "
" about the data should be directed to Dr. Ralph Keeling (rkeeling AT ucsd.edu) and         "
" and Dr. Stephen Walker (sjwalker AT ucsd.edu), Scripps CO2 Program.                       "
"                                                                                           "
"-------------------------------------------------------------------------------------------"
"                                                                                           "
" Please cite as:                                                                           "
"                                                                                           "
" C. D. Keeling, S. C. Piper, R. B. Bacastow, M. Wahlen, T. P. Whorf, M. Heimann, and       "
" H. A. Meijer, Exchanges of atmospheric CO2 and 13CO2 with the terrestrial biosphere and   "
" oceans from 1978 to 2000.  I. Global aspects, SIO Reference Series, No. 01-06, Scripps    "
" Institution of Oceanography, San Diego, 88 pages, 2001.                                   "
"                                                                                           "
" If it is necessary to cite a peer-reviewed article, please cite as:                       "
"                                                                                           "
" C. D. Keeling, S. C. Piper, R. B. Bacastow, M. Wahlen, T. P. Whorf, M. Heimann, and       "
" H. A. Meijer, Atmospheric CO2 and 13CO2 exchange with the terrestrial biosphere and       "
" oceans from 1978 to 2000: observations and carbon cycle implications, pages 83-113,       "
" in "A History of Atmospheric CO2 and its effects on Plants, Animals, and Ecosystems",     "
" editors, Ehleringer, J.R., T. E. Cerling, M. D. Dearing, Springer Verlag,                 "
" New York, 2005.                                                                           "
"                                                                                           "
"-------------------------------------------------------------------------------------------"
"                                                                                           "
" The data file below contains 10 columns.  Columns 1-4 give the dates in several redundant "
" formats. Column 5 below gives monthly isotope concentrations in per-mil.  This is the     "
" standard version of the data most often sought.  The monthly values have been adjusted    "
" to 24:00 hours on the 15th of each month.  Column 6 gives the same data after a seasonal  "
" adjustment to remove the quasi-regular seasonal cycle.  The adjustment involves           "
" subtracting from the data a 4-harmonic fit with a linear gain factor.  Column 7 is a      "
" smoothed version of the data generated from a stiff cubic spline function plus 4-harmonic "
" functions with linear gain.  Column 8 is the same smoothed version with the seasonal      "
" cycle removed.  Column 9 is identical to Column 5 except that the missing values from     "
" Column 5 have been filled with values from Column 7.  Column 10 is identical to Column 6  "
" except missing values have been filled with values from Column 8.  Missing values are     "
" denoted by -99.99                                                                         "
" "
" Isotopic data are reported on the Scripps Isotope scale"
" See:"
" T. Lueker, R. Keeling, A. Bollenbacher, S. Walker, E. Morgan,"
" M. Brooks, Calibration Methodology for the Scripps 13C/12C and 18O/16O"
" stable Isotope program 1992-2018, 2020"
" "
  Yr, Mn,    Date,      Date,     18O,seasonally,        fit,  seasonally,      18O, seasonally
    ,   ,        ,          ,        ,  adjusted,           ,adjusted fit,   filled,adjusted filled
    ,   ,   Excel,          , per-mil,  per-mil,    per-mil,  per-mil,   per-mil,  per-mil
1977, 01,   28140, 1977.0411,      NaN,      NaN,       0.12,     0.13,       0.12,     0.13
1977, 02,   28171, 1977.1260,      NaN,      NaN,       0.26,     0.17,       0.26,     0.17
1977, 03,   28199, 1977.2027,      NaN,      NaN,       0.30,     0.21,       0.30,     0.21
1977, 04,   28230, 1977.2877,      NaN,      NaN,       0.22,     0.26,       0.22,     0.26
1977, 05,   28260, 1977.3699,      NaN,      NaN,       0.11,     0.30,       0.11,     0.30
1977, 06,   28291, 1977.4548,      NaN,      NaN,       0.13,     0.34,       0.13,     0.34
1977, 07,   28321, 1977.5370,      NaN,      NaN,       0.31,     0.39,       0.31,     0.39
1977, 08,   28352, 1977.6219,     0.53,     0.41,       0.55,     0.43,       0.53,     0.41
1977, 09,   28383, 1977.7068,     0.50,     0.29,       0.68,     0.47,       0.50,     0.29
1977, 10,   28413, 1977.7890,     0.82,     0.68,       0.65,     0.52,       0.82,     0.68
1977, 11,   28444, 1977.8740,     0.24,     0.25,       0.55,     0.56,       0.24,     0.25
1977, 12,   28474, 1977.9562,     0.33,     0.41,       0.52,     0.60,       0.33,     0.41
1978, 01,   28505, 1978.0411,      NaN,      NaN,       0.62,     0.64,       0.62,     0.64
1978, 02,   28536, 1978.1260,      NaN,      NaN,       0.75,     0.67,       0.75,     0.67
1978, 03,   28564, 1978.2027,     0.63,     0.54,       0.78,     0.69,       0.63,     0.54
1978, 04,   28595, 1978.2877,     0.97,     1.01,       0.67,     0.71,       0.97,     1.01
1978, 05,   28625, 1978.3699,     1.04,     1.23,       0.52,     0.71,       1.04,     1.23
1978, 06,   28656, 1978.4548,     1.00,     1.21,       0.48,     0.70,       1.00,     1.21
1978, 07,   28686, 1978.5370,     0.49,     0.57,       0.60,     0.68,       0.49,     0.57
1978, 08,   28717, 1978.6219,     0.06,    -0.07,       0.78,     0.66,       0.06,    -0.07
1978, 09,   28748, 1978.7068,     0.58,     0.37,       0.85,     0.64,       0.58,     0.37
1978, 10,   28778, 1978.7890,     0.67,     0.54,       0.76,     0.62,       0.67,     0.54
1978, 11,   28809, 1978.8740,     0.60,     0.62,       0.59,     0.61,       0.60,     0.62
1978, 12,   28839, 1978.9562,     0.64,     0.72,       0.52,     0.59,       0.64,     0.72
1979, 01,   28870, 1979.0411,      NaN,      NaN,       0.57,     0.58,       0.57,     0.58
1979, 02,   28901, 1979.1260,     0.63,     0.54,       0.66,     0.58,       0.63,     0.54
1979, 03,   28929, 1979.2027,     0.90,     0.81,       0.66,     0.57,       0.90,     0.81
1979, 04,   28960, 1979.2877,     0.39,     0.43,       0.52,     0.56,       0.39,     0.43
1979, 05,   28990, 1979.3699,     0.82,     1.01,       0.37,     0.56,       0.82,     1.01
1979, 06,   29021, 1979.4548,    -0.06,     0.16,       0.35,     0.56,      -0.06,     0.16
1979, 07,   29051, 1979.5370,    -0.07,     0.01,       0.49,     0.57,      -0.07,     0.01
1979, 08,   29082, 1979.6219,     0.81,     0.69,       0.70,     0.57,       0.81,     0.69
1979, 09,   29113, 1979.7068,     1.03,     0.82,       0.79,     0.58,       1.03,     0.82
1979, 10,   29143, 1979.7890,     1.08,     0.95,       0.72,     0.59,       1.08,     0.95
1979, 11,   29174, 1979.8740,     0.95,     0.96,       0.58,     0.59,       0.95,     0.96
1979, 12,   29204, 1979.9562,    -0.17,    -0.09,       0.51,     0.59,      -0.17,    -0.09
1980, 01,   29235, 1980.0410,     0.90,     0.91,       0.57,     0.58,       0.90,     0.91
1980, 02,   29266, 1980.1257,     0.99,     0.91,       0.65,     0.57,       0.99,     0.91
1980, 03,   29295, 1980.2049,     0.85,     0.77,       0.64,     0.56,       0.85,     0.77
1980, 04,   29326, 1980.2896,    -0.08,    -0.04,       0.49,     0.54,      -0.08,    -0.04
1980, 05,   29356, 1980.3716,      NaN,      NaN,       0.32,     0.52,       0.32,     0.52
1980, 06,   29387, 1980.4563,     0.66,     0.87,       0.28,     0.49,       0.66,     0.87
1980, 07,   29417, 1980.5383,      NaN,      NaN,       0.39,     0.46,       0.39,     0.46
1980, 08,   29448, 1980.6230,     0.51,     0.39,       0.56,     0.44,       0.51,     0.39
1980, 09,   29479, 1980.7077,     0.64,     0.43,       0.62,     0.41,       0.64,     0.43
1980, 10,   29509, 1980.7896,     0.27,     0.14,       0.51,     0.38,       0.27,     0.14
1980, 11,   29540, 1980.8743,     0.60,     0.61,       0.34,     0.35,       0.60,     0.61
1980, 12,   29570, 1980.9563,     0.40,     0.48,       0.25,     0.33,       0.40,     0.48
1981, 01,   29601, 1981.0411,     0.21,     0.23,       0.30,     0.31,       0.21,     0.23
1981, 02,   29632, 1981.1260,     0.42,     0.34,       0.38,     0.30,       0.42,     0.34
1981, 03,   29660, 1981.2027,    -0.02,    -0.10,       0.38,     0.30,      -0.02,    -0.10
1981, 04,   29691, 1981.2877,     0.30,     0.34,       0.26,     0.30,       0.30,     0.34
1981, 05,   29721, 1981.3699,      NaN,      NaN,       0.12,     0.31,       0.12,     0.31
1981, 06,   29752, 1981.4548,    -0.04,     0.17,       0.11,     0.32,      -0.04,     0.17
1981, 07,   29782, 1981.5370,     0.21,     0.29,       0.27,     0.34,       0.21,     0.29
1981, 08,   29813, 1981.6219,     0.65,     0.53,       0.49,     0.37,       0.65,     0.53
1981, 09,   29844, 1981.7068,     0.68,     0.47,       0.60,     0.39,       0.68,     0.47
1981, 10,   29874, 1981.7890,     0.46,     0.32,       0.54,     0.41,       0.46,     0.32
1981, 11,   29905, 1981.8740,     0.05,     0.06,       0.42,     0.43,       0.05,     0.06
1981, 12,   29935, 1981.9562,     0.55,     0.63,       0.37,     0.44,       0.55,     0.63
1982, 01,   29966, 1982.0411,     0.76,     0.77,       0.44,     0.45,       0.76,     0.77
1982, 02,   29997, 1982.1260,     0.73,     0.65,       0.54,     0.46,       0.73,     0.65
1982, 03,   30025, 1982.2027,      NaN,      NaN,       0.54,     0.45,       0.54,     0.45
1982, 04,   30056, 1982.2877,     0.30,     0.34,       0.40,     0.45,       0.30,     0.34
1982, 05,   30086, 1982.3699,     0.10,     0.29,       0.24,     0.43,       0.10,     0.29
1982, 06,   30117, 1982.4548,     0.13,     0.35,       0.20,     0.42,       0.13,     0.35
1982, 07,   30147, 1982.5370,     0.19,     0.26,       0.33,     0.40,       0.19,     0.26
1982, 08,   30178, 1982.6219,      NaN,      NaN,       0.51,     0.39,       0.51,     0.39
1982, 09,   30209, 1982.7068,     0.73,     0.52,       0.58,     0.37,       0.73,     0.52
1982, 10,   30239, 1982.7890,      NaN,      NaN,       0.48,     0.34,       0.48,     0.34
1982, 11,   30270, 1982.8740,      NaN,      NaN,       0.31,     0.32,       0.31,     0.32
1982, 12,   30300, 1982.9562,      NaN,      NaN,       0.23,     0.30,       0.23,     0.30
1983, 01,   30331, 1983.0411,      NaN,      NaN,       0.27,     0.29,       0.27,     0.29
1983, 02,   30362, 1983.1260,    -0.15,    -0.23,       0.37,     0.28,      -0.15,    -0.23
1983, 03,   30390, 1983.2027,     0.12,     0.03,       0.37,     0.29,       0.12,     0.03
1983, 04,   30421, 1983.2877,      NaN,      NaN,       0.26,     0.30,       0.26,     0.30
1983, 05,   30451, 1983.3699,     0.08,     0.27,       0.13,     0.32,       0.08,     0.27
1983, 06,   30482, 1983.4548,      NaN,      NaN,       0.13,     0.35,       0.13,     0.35
1983, 07,   30512, 1983.5370,      NaN,      NaN,       0.30,     0.38,       0.30,     0.38
1983, 08,   30543, 1983.6219,     0.79,     0.67,       0.53,     0.41,       0.79,     0.67
1983, 09,   30574, 1983.7068,      NaN,      NaN,       0.65,     0.44,       0.65,     0.44
1983, 10,   30604, 1983.7890,      NaN,      NaN,       0.61,     0.47,       0.61,     0.47
1983, 11,   30635, 1983.8740,      NaN,      NaN,       0.50,     0.51,       0.50,     0.51
1983, 12,   30665, 1983.9562,      NaN,      NaN,       0.46,     0.54,       0.46,     0.54
