"-------------------------------------------------------------------------------------------"
" Monthly average 18O concentrations (per mil) derived from flask air samples               "
" Christmas Island                                                                          "
"                                                                                           "
" Source: R. F. Keeling and S. J. Walker                   "
" Scripps CO2 Program ( http://scrippsco2.ucsd.edu )                                        "
" Scripps Institution of Oceanography (SIO)                                                 "
" University of California                                                                  "
" La Jolla, California USA 92093-0244                                                       "
"                                                                                           "
" Status of isotopic data and correspondence:                                               "
"                                                                                           "
" Isotopic data are reported on the Scripps Isotope scale                                   "
" See:                                                                                      "
" T. Lueker, R. Keeling, A. Bollenbacher, S. Walker, E. Morgan,                             "
" M. Brooks, Calibration Methodology for the Scripps 13C/12C and 18O/16O                    "
" stable Isotope program 1992-2018, 2020                                                    "
" Flask data from archive dated 19-Apr-2024 10:43:25                                        "
"                                                                                           "
" They are subject to revision based on recalibration of standard gases. Questions          "
" about the data should be directed to Dr. Ralph Keeling (rkeeling AT ucsd.edu) and         "
" and Dr. Stephen Walker (sjwalker AT ucsd.edu), Scripps CO2 Program.                       "
"                                                                                           "
"-------------------------------------------------------------------------------------------"
"                                                                                           "
" Please cite as:                                                                           "
"                                                                                           "
" C. D. Keeling, S. C. Piper, R. B. Bacastow, M. Wahlen, T. P. Whorf, M. Heimann, and       "
" H. A. Meijer, Exchanges of atmospheric CO2 and 13CO2 with the terrestrial biosphere and   "
" oceans from 1978 to 2000.  I. Global aspects, SIO Reference Series, No. 01-06, Scripps    "
" Institution of Oceanography, San Diego, 88 pages, 2001.                                   "
"                                                                                           "
" If it is necessary to cite a peer-reviewed article, please cite as:                       "
"                                                                                           "
" C. D. Keeling, S. C. Piper, R. B. Bacastow, M. Wahlen, T. P. Whorf, M. Heimann, and       "
" H. A. Meijer, Atmospheric CO2 and 13CO2 exchange with the terrestrial biosphere and       "
" oceans from 1978 to 2000: observations and carbon cycle implications, pages 83-113,       "
" in "A History of Atmospheric CO2 and its effects on Plants, Animals, and Ecosystems",     "
" editors, Ehleringer, J.R., T. E. Cerling, M. D. Dearing, Springer Verlag,                 "
" New York, 2005.                                                                           "
"                                                                                           "
"-------------------------------------------------------------------------------------------"
"                                                                                           "
" The data file below contains 10 columns.  Columns 1-4 give the dates in several redundant "
" formats. Column 5 below gives monthly isotope concentrations in per-mil.  This is the     "
" standard version of the data most often sought.  The monthly values have been adjusted    "
" to 24:00 hours on the 15th of each month.  Column 6 gives the same data after a seasonal  "
" adjustment to remove the quasi-regular seasonal cycle.  The adjustment involves           "
" subtracting from the data a 4-harmonic fit with a linear gain factor.  Column 7 is a      "
" smoothed version of the data generated from a stiff cubic spline function plus 4-harmonic "
" functions with linear gain.  Column 8 is the same smoothed version with the seasonal      "
" cycle removed.  Column 9 is identical to Column 5 except that the missing values from     "
" Column 5 have been filled with values from Column 7.  Column 10 is identical to Column 6  "
" except missing values have been filled with values from Column 8.  Missing values are     "
" denoted by -99.99                                                                         "
"                                                                                           "
" CO2 concentrations are reported on the Scripps '12' Calibration scale                     "
"                                                                                           "
  Yr, Mn,    Date,      Date,     18O,seasonally,        fit,  seasonally,      18O, seasonally
    ,   ,        ,          ,        ,  adjusted,           ,adjusted fit,   filled,adjusted filled
    ,   ,   Excel,          , per-mil,  per-mil,    per-mil,  per-mil,   per-mil,  per-mil
1977, 01,   28140, 1977.0411,      NaN,      NaN,       0.23,     0.25,       0.23,     0.25
1977, 02,   28171, 1977.1260,      NaN,      NaN,       0.22,     0.27,       0.22,     0.27
1977, 03,   28199, 1977.2027,      NaN,      NaN,       0.19,     0.29,       0.19,     0.29
1977, 04,   28230, 1977.2877,      NaN,      NaN,       0.16,     0.31,       0.16,     0.31
1977, 05,   28260, 1977.3699,      NaN,      NaN,       0.14,     0.33,       0.14,     0.33
1977, 06,   28291, 1977.4548,      NaN,      NaN,       0.26,     0.35,       0.26,     0.35
1977, 07,   28321, 1977.5370,      NaN,      NaN,       0.45,     0.37,       0.45,     0.37
1977, 08,   28352, 1977.6219,     0.50,     0.32,       0.57,     0.39,       0.50,     0.32
1977, 09,   28383, 1977.7068,     0.50,     0.30,       0.60,     0.41,       0.50,     0.30
1977, 10,   28413, 1977.7890,     0.82,     0.68,       0.57,     0.43,       0.82,     0.68
1977, 11,   28444, 1977.8740,     0.24,     0.21,       0.47,     0.44,       0.24,     0.21
1977, 12,   28474, 1977.9562,     0.33,     0.36,       0.44,     0.46,       0.33,     0.36
1978, 01,   28505, 1978.0411,      NaN,      NaN,       0.46,     0.48,       0.46,     0.48
1978, 02,   28536, 1978.1260,      NaN,      NaN,       0.44,     0.50,       0.44,     0.50
1978, 03,   28564, 1978.2027,     0.63,     0.73,       0.41,     0.52,       0.63,     0.73
1978, 04,   28595, 1978.2877,     0.79,     0.94,       0.38,     0.53,       0.79,     0.94
1978, 05,   28625, 1978.3699,      NaN,      NaN,       0.36,     0.55,       0.36,     0.55
1978, 06,   28656, 1978.4548,      NaN,      NaN,       0.48,     0.57,       0.48,     0.57
1978, 07,   28686, 1978.5370,     0.49,     0.41,       0.67,     0.58,       0.49,     0.41
1978, 08,   28717, 1978.6219,      NaN,      NaN,       0.78,     0.60,       0.78,     0.60
1978, 09,   28748, 1978.7068,     0.58,     0.39,       0.82,     0.62,       0.58,     0.39
1978, 10,   28778, 1978.7890,     0.85,     0.71,       0.78,     0.64,       0.85,     0.71
1978, 11,   28809, 1978.8740,     0.61,     0.58,       0.69,     0.66,       0.61,     0.58
1978, 12,   28839, 1978.9562,     0.65,     0.68,       0.66,     0.68,       0.65,     0.68
1979, 01,   28870, 1979.0411,      NaN,      NaN,       0.68,     0.70,       0.68,     0.70
1979, 02,   28901, 1979.1260,     0.61,     0.67,       0.66,     0.72,       0.61,     0.67
1979, 03,   28929, 1979.2027,     0.89,     1.00,       0.63,     0.74,       0.89,     1.00
1979, 04,   28960, 1979.2877,     0.39,     0.54,       0.60,     0.76,       0.39,     0.54
1979, 05,   28990, 1979.3699,     0.87,     1.06,       0.58,     0.77,       0.87,     1.06
1979, 06,   29021, 1979.4548,      NaN,      NaN,       0.69,     0.78,       0.69,     0.78
1979, 07,   29051, 1979.5370,      NaN,      NaN,       0.88,     0.79,       0.88,     0.79
1979, 08,   29082, 1979.6219,     0.81,     0.63,       0.98,     0.80,       0.81,     0.63
1979, 09,   29113, 1979.7068,     1.03,     0.84,       1.00,     0.80,       1.03,     0.84
1979, 10,   29143, 1979.7890,     1.08,     0.94,       0.95,     0.81,       1.08,     0.94
1979, 11,   29174, 1979.8740,     0.98,     0.95,       0.83,     0.80,       0.98,     0.95
1979, 12,   29204, 1979.9562,      NaN,      NaN,       0.77,     0.79,       0.77,     0.79
1980, 01,   29235, 1980.0410,     0.88,     0.90,       0.76,     0.78,       0.88,     0.90
1980, 02,   29266, 1980.1257,     0.99,     1.04,       0.70,     0.76,       0.99,     1.04
1980, 03,   29295, 1980.2049,     0.84,     0.95,       0.63,     0.74,       0.84,     0.95
1980, 04,   29326, 1980.2896,      NaN,      NaN,       0.55,     0.71,       0.55,     0.71
1980, 05,   29356, 1980.3716,      NaN,      NaN,       0.49,     0.68,       0.49,     0.68
1980, 06,   29387, 1980.4563,     0.68,     0.76,       0.56,     0.64,       0.68,     0.76
1980, 07,   29417, 1980.5383,      NaN,      NaN,       0.70,     0.61,       0.70,     0.61
1980, 08,   29448, 1980.6230,     0.53,     0.35,       0.76,     0.57,       0.53,     0.35
1980, 09,   29479, 1980.7077,     0.63,     0.43,       0.73,     0.54,       0.63,     0.43
1980, 10,   29509, 1980.7896,     0.47,     0.33,       0.65,     0.50,       0.47,     0.33
1980, 11,   29540, 1980.8743,     0.59,     0.57,       0.50,     0.47,       0.59,     0.57
1980, 12,   29570, 1980.9563,     0.40,     0.43,       0.42,     0.44,       0.40,     0.43
1981, 01,   29601, 1981.0411,     0.20,     0.22,       0.40,     0.42,       0.20,     0.22
1981, 02,   29632, 1981.1260,     0.40,     0.46,       0.34,     0.40,       0.40,     0.46
1981, 03,   29660, 1981.2027,    -0.02,     0.08,       0.27,     0.38,      -0.02,     0.08
1981, 04,   29691, 1981.2877,     0.23,     0.39,       0.21,     0.37,       0.23,     0.39
1981, 05,   29721, 1981.3699,      NaN,      NaN,       0.17,     0.36,       0.17,     0.36
1981, 06,   29752, 1981.4548,      NaN,      NaN,       0.27,     0.36,       0.27,     0.36
1981, 07,   29782, 1981.5370,     0.21,     0.12,       0.44,     0.36,       0.21,     0.12
1981, 08,   29813, 1981.6219,     0.63,     0.44,       0.54,     0.36,       0.63,     0.44
1981, 09,   29844, 1981.7068,     0.67,     0.47,       0.56,     0.36,       0.67,     0.47
1981, 10,   29874, 1981.7890,     0.47,     0.32,       0.52,     0.37,       0.47,     0.32
1981, 11,   29905, 1981.8740,     0.05,     0.03,       0.41,     0.38,       0.05,     0.03
1981, 12,   29935, 1981.9562,     0.55,     0.58,       0.36,     0.39,       0.55,     0.58
1982, 01,   29966, 1982.0411,     0.74,     0.76,       0.38,     0.40,       0.74,     0.76
1982, 02,   29997, 1982.1260,     0.68,     0.74,       0.35,     0.41,       0.68,     0.74
1982, 03,   30025, 1982.2027,      NaN,      NaN,       0.31,     0.42,       0.31,     0.42
1982, 04,   30056, 1982.2877,     0.33,     0.49,       0.26,     0.42,       0.33,     0.49
1982, 05,   30086, 1982.3699,     0.09,     0.28,       0.24,     0.43,       0.09,     0.28
1982, 06,   30117, 1982.4548,     0.19,     0.28,       0.35,     0.44,       0.19,     0.28
1982, 07,   30147, 1982.5370,     0.19,     0.10,       0.54,     0.45,       0.19,     0.10
1982, 08,   30178, 1982.6219,      NaN,      NaN,       0.65,     0.47,       0.65,     0.47
1982, 09,   30209, 1982.7068,     0.73,     0.53,       0.68,     0.48,       0.73,     0.53
1982, 10,   30239, 1982.7890,      NaN,      NaN,       0.64,     0.50,       0.64,     0.50
1982, 11,   30270, 1982.8740,      NaN,      NaN,       0.54,     0.51,       0.54,     0.51
1982, 12,   30300, 1982.9562,      NaN,      NaN,       0.50,     0.53,       0.50,     0.53
1983, 01,   30331, 1983.0411,     0.51,     0.53,       0.53,     0.55,       0.51,     0.53
1983, 02,   30362, 1983.1260,     0.50,     0.56,       0.51,     0.57,       0.50,     0.56
1983, 03,   30390, 1983.2027,     0.29,     0.40,       0.48,     0.59,       0.29,     0.40
1983, 04,   30421, 1983.2877,     0.57,     0.73,       0.45,     0.61,       0.57,     0.73
1983, 05,   30451, 1983.3699,     0.36,     0.55,       0.44,     0.63,       0.36,     0.55
1983, 06,   30482, 1983.4548,      NaN,      NaN,       0.56,     0.66,       0.56,     0.66
1983, 07,   30512, 1983.5370,     0.50,     0.42,       0.77,     0.68,       0.50,     0.42
1983, 08,   30543, 1983.6219,     0.90,     0.72,       0.89,     0.70,       0.90,     0.72
1983, 09,   30574, 1983.7068,     1.24,     1.03,       0.92,     0.72,       1.24,     1.03
1983, 10,   30604, 1983.7890,     1.10,     0.95,       0.88,     0.73,       1.10,     0.95
1983, 11,   30635, 1983.8740,     1.07,     1.04,       0.77,     0.74,       1.07,     1.04
1983, 12,   30665, 1983.9562,     0.88,     0.91,       0.72,     0.75,       0.88,     0.91
1984, 01,   30696, 1984.0410,      NaN,      NaN,       0.73,     0.75,       0.73,     0.75
1984, 02,   30727, 1984.1257,     0.69,     0.75,       0.68,     0.74,       0.69,     0.75
1984, 03,   30756, 1984.2049,     0.60,     0.71,       0.63,     0.74,       0.60,     0.71
1984, 04,   30787, 1984.2896,     0.62,     0.78,       0.56,     0.73,       0.62,     0.78
1984, 05,   30817, 1984.3716,     0.42,     0.62,       0.53,     0.72,       0.42,     0.62
1984, 06,   30848, 1984.4563,     0.52,     0.61,       0.62,     0.71,       0.52,     0.61
1984, 07,   30878, 1984.5383,     0.75,     0.66,       0.79,     0.70,       0.75,     0.66
1984, 08,   30909, 1984.6230,     0.94,     0.75,       0.88,     0.69,       0.94,     0.75
1984, 09,   30940, 1984.7077,     0.71,     0.51,       0.89,     0.68,       0.71,     0.51
1984, 10,   30970, 1984.7896,     0.56,     0.41,       0.82,     0.67,       0.56,     0.41
1984, 11,   31001, 1984.8743,     0.63,     0.61,       0.69,     0.66,       0.63,     0.61
1984, 12,   31031, 1984.9563,     0.84,     0.87,       0.63,     0.65,       0.84,     0.87
1985, 01,   31062, 1985.0411,     0.63,     0.65,       0.62,     0.64,       0.63,     0.65
1985, 02,   31093, 1985.1260,     0.63,     0.69,       0.57,     0.63,       0.63,     0.69
1985, 03,   31121, 1985.2027,     0.55,     0.66,       0.50,     0.61,       0.55,     0.66
1985, 04,   31152, 1985.2877,     0.81,     0.97,       0.43,     0.60,       0.81,     0.97
1985, 05,   31182, 1985.3699,     0.38,     0.57,       0.38,     0.58,       0.38,     0.57
1985, 06,   31213, 1985.4548,     0.26,     0.35,       0.47,     0.56,       0.26,     0.35
1985, 07,   31243, 1985.5370,     0.63,     0.54,       0.63,     0.54,       0.63,     0.54
1985, 08,   31274, 1985.6219,     0.66,     0.47,       0.71,     0.52,       0.66,     0.47
1985, 09,   31305, 1985.7068,     0.48,     0.28,       0.71,     0.51,       0.48,     0.28
1985, 10,   31335, 1985.7890,     0.40,     0.25,       0.65,     0.50,       0.40,     0.25
1985, 11,   31366, 1985.8740,     0.44,     0.41,       0.52,     0.49,       0.44,     0.41
1985, 12,   31396, 1985.9562,     0.50,     0.53,       0.46,     0.49,       0.50,     0.53
1986, 01,   31427, 1986.0411,     0.48,     0.50,       0.46,     0.48,       0.48,     0.50
1986, 02,   31458, 1986.1260,     0.47,     0.53,       0.42,     0.48,       0.47,     0.53
1986, 03,   31486, 1986.2027,     0.36,     0.47,       0.37,     0.48,       0.36,     0.47
1986, 04,   31517, 1986.2877,     0.34,     0.50,       0.32,     0.49,       0.34,     0.50
1986, 05,   31547, 1986.3699,     0.42,     0.61,       0.29,     0.49,       0.42,     0.61
1986, 06,   31578, 1986.4548,     0.38,     0.47,       0.40,     0.49,       0.38,     0.47
1986, 07,   31608, 1986.5370,     0.53,     0.44,       0.58,     0.49,       0.53,     0.44
1986, 08,   31639, 1986.6219,     0.84,     0.65,       0.69,     0.50,       0.84,     0.65
1986, 09,   31670, 1986.7068,     0.69,     0.49,       0.71,     0.50,       0.69,     0.49
1986, 10,   31700, 1986.7890,     0.55,     0.40,       0.65,     0.50,       0.55,     0.40
1986, 11,   31731, 1986.8740,     0.40,     0.37,       0.54,     0.51,       0.40,     0.37
1986, 12,   31761, 1986.9562,     0.51,     0.53,       0.49,     0.51,       0.51,     0.53
1987, 01,   31792, 1987.0411,     0.29,     0.31,       0.50,     0.52,       0.29,     0.31
1987, 02,   31823, 1987.1260,     0.71,     0.77,       0.47,     0.53,       0.71,     0.77
1987, 03,   31851, 1987.2027,     0.27,     0.39,       0.42,     0.54,       0.27,     0.39
1987, 04,   31882, 1987.2877,     0.21,     0.38,       0.38,     0.55,       0.21,     0.38
1987, 05,   31912, 1987.3699,    -0.04,     0.16,       0.36,     0.56,      -0.04,     0.16
1987, 06,   31943, 1987.4548,     0.57,     0.67,       0.48,     0.57,       0.57,     0.67
1987, 07,   31973, 1987.5370,     0.74,     0.66,       0.67,     0.58,       0.74,     0.66
1987, 08,   32004, 1987.6219,     0.75,     0.56,       0.78,     0.59,       0.75,     0.56
1987, 09,   32035, 1987.7068,     0.89,     0.68,       0.81,     0.60,       0.89,     0.68
1987, 10,   32065, 1987.7890,     0.83,     0.68,       0.76,     0.61,       0.83,     0.68
1987, 11,   32096, 1987.8740,     0.58,     0.55,       0.64,     0.61,       0.58,     0.55
1987, 12,   32126, 1987.9562,     0.58,     0.61,       0.59,     0.61,       0.58,     0.61
1988, 01,   32157, 1988.0410,     0.59,     0.61,       0.59,     0.61,       0.59,     0.61
1988, 02,   32188, 1988.1257,     0.50,     0.56,       0.55,     0.61,       0.50,     0.56
1988, 03,   32217, 1988.2049,     0.58,     0.70,       0.50,     0.61,       0.58,     0.70
1988, 04,   32248, 1988.2896,     0.55,     0.72,       0.44,     0.61,       0.55,     0.72
1988, 05,   32278, 1988.3716,     0.37,     0.57,       0.40,     0.60,       0.37,     0.57
1988, 06,   32309, 1988.4563,     0.68,     0.77,       0.50,     0.59,       0.68,     0.77
1988, 07,   32339, 1988.5383,     0.55,     0.46,       0.67,     0.58,       0.55,     0.46
1988, 08,   32370, 1988.6230,     0.85,     0.65,       0.76,     0.57,       0.85,     0.65
1988, 09,   32401, 1988.7077,     0.84,     0.64,       0.76,     0.55,       0.84,     0.64
1988, 10,   32431, 1988.7896,     0.67,     0.52,       0.69,     0.54,       0.67,     0.52
1988, 11,   32462, 1988.8743,     0.41,     0.39,       0.55,     0.53,       0.41,     0.39
1988, 12,   32492, 1988.9563,      NaN,      NaN,       0.49,     0.51,       0.49,     0.51
1989, 01,   32523, 1989.0411,      NaN,      NaN,       0.48,     0.50,       0.48,     0.50
1989, 02,   32554, 1989.1260,     0.10,     0.16,       0.43,     0.49,       0.10,     0.16
1989, 03,   32582, 1989.2027,      NaN,      NaN,       0.37,     0.49,       0.37,     0.49
1989, 04,   32613, 1989.2877,      NaN,      NaN,       0.31,     0.48,       0.31,     0.48
1989, 05,   32643, 1989.3699,     0.38,     0.58,       0.27,     0.47,       0.38,     0.58
1989, 06,   32674, 1989.4548,     0.28,     0.37,       0.38,     0.47,       0.28,     0.37
1989, 07,   32704, 1989.5370,     0.69,     0.59,       0.56,     0.47,       0.69,     0.59
1989, 08,   32735, 1989.6219,     0.63,     0.43,       0.66,     0.47,       0.63,     0.43
1989, 09,   32766, 1989.7068,     0.69,     0.48,       0.68,     0.47,       0.69,     0.48
1989, 10,   32796, 1989.7890,     0.60,     0.44,       0.62,     0.47,       0.60,     0.44
1989, 11,   32827, 1989.8740,     0.40,     0.37,       0.50,     0.47,       0.40,     0.37
1989, 12,   32857, 1989.9562,     0.61,     0.64,       0.44,     0.47,       0.61,     0.64
1990, 01,   32888, 1990.0411,     0.58,     0.60,       0.45,     0.47,       0.58,     0.60
1990, 02,   32919, 1990.1260,     0.21,     0.27,       0.42,     0.48,       0.21,     0.27
1990, 03,   32947, 1990.2027,     0.20,     0.31,       0.37,     0.48,       0.20,     0.31
1990, 04,   32978, 1990.2877,     0.30,     0.47,       0.32,     0.49,       0.30,     0.47
1990, 05,   33008, 1990.3699,     0.35,     0.55,       0.29,     0.50,       0.35,     0.55
1990, 06,   33039, 1990.4548,     0.44,     0.54,       0.41,     0.50,       0.44,     0.54
1990, 07,   33069, 1990.5370,     0.63,     0.54,       0.60,     0.51,       0.63,     0.54
1990, 08,   33100, 1990.6219,     0.67,     0.47,       0.71,     0.51,       0.67,     0.47
1990, 09,   33131, 1990.7068,      NaN,      NaN,       0.73,     0.52,       0.73,     0.52
1990, 10,   33161, 1990.7890,     0.73,     0.58,       0.68,     0.52,       0.73,     0.58
1990, 11,   33192, 1990.8740,     0.54,     0.51,       0.56,     0.53,       0.54,     0.51
1990, 12,   33222, 1990.9562,      NaN,      NaN,       0.50,     0.53,       0.50,     0.53
1991, 01,   33253, 1991.0411,     0.54,     0.56,       0.51,     0.53,       0.54,     0.56
1991, 02,   33284, 1991.1260,     0.40,     0.46,       0.47,     0.53,       0.40,     0.46
1991, 03,   33312, 1991.2027,     0.53,     0.65,       0.42,     0.53,       0.53,     0.65
1991, 04,   33343, 1991.2877,     0.42,     0.59,       0.36,     0.53,       0.42,     0.59
1991, 05,   33373, 1991.3699,      NaN,      NaN,       0.32,     0.53,       0.32,     0.53
1991, 06,   33404, 1991.4548,     0.42,     0.52,       0.43,     0.53,       0.42,     0.52
1991, 07,   33434, 1991.5370,     0.42,     0.32,       0.62,     0.53,       0.42,     0.32
1991, 08,   33465, 1991.6219,     0.77,     0.57,       0.73,     0.53,       0.77,     0.57
1991, 09,   33496, 1991.7068,     0.80,     0.59,       0.75,     0.53,       0.80,     0.59
1991, 10,   33526, 1991.7890,     0.73,     0.57,       0.69,     0.54,       0.73,     0.57
1991, 11,   33557, 1991.8740,     0.79,     0.76,       0.57,     0.54,       0.79,     0.76
1991, 12,   33587, 1991.9562,     0.45,     0.47,       0.52,     0.55,       0.45,     0.47
1992, 01,   33618, 1992.0410,     0.36,     0.38,       0.54,     0.56,       0.36,     0.38
1992, 02,   33649, 1992.1257,     0.24,     0.30,       0.52,     0.58,       0.24,     0.30
1992, 03,   33678, 1992.2049,     0.41,     0.52,       0.48,     0.60,       0.41,     0.52
1992, 04,   33709, 1992.2896,     0.20,     0.37,       0.45,     0.62,       0.20,     0.37
1992, 05,   33739, 1992.3716,      NaN,      NaN,       0.44,     0.64,       0.44,     0.64
1992, 06,   33770, 1992.4563,     0.63,     0.73,       0.58,     0.67,       0.63,     0.73
1992, 07,   33800, 1992.5383,     0.77,     0.67,       0.79,     0.69,       0.77,     0.67
1992, 08,   33831, 1992.6230,     1.00,     0.80,       0.92,     0.72,       1.00,     0.80
1992, 09,   33862, 1992.7077,     0.99,     0.77,       0.96,     0.74,       0.99,     0.77
1992, 10,   33892, 1992.7896,     0.89,     0.73,       0.92,     0.76,       0.89,     0.73
1992, 11,   33923, 1992.8743,     0.98,     0.95,       0.81,     0.78,       0.98,     0.95
1992, 12,   33953, 1992.9563,     0.74,     0.77,       0.76,     0.79,       0.74,     0.77
1993, 01,   33984, 1993.0411,     0.80,     0.83,       0.78,     0.80,       0.80,     0.83
1993, 02,   34015, 1993.1260,     0.78,     0.85,       0.74,     0.80,       0.78,     0.85
1993, 03,   34043, 1993.2027,     0.70,     0.82,       0.68,     0.80,       0.70,     0.82
1993, 04,   34074, 1993.2877,     0.39,     0.56,       0.63,     0.80,       0.39,     0.56
1993, 05,   34104, 1993.3699,     0.53,     0.74,       0.59,     0.79,       0.53,     0.74
1993, 06,   34135, 1993.4548,     0.75,     0.85,       0.69,     0.79,       0.75,     0.85
1993, 07,   34165, 1993.5370,     0.90,     0.80,       0.87,     0.78,       0.90,     0.80
1993, 08,   34196, 1993.6219,     1.05,     0.85,       0.97,     0.76,       1.05,     0.85
1993, 09,   34227, 1993.7068,     1.04,     0.82,       0.97,     0.75,       1.04,     0.82
1993, 10,   34257, 1993.7890,     0.86,     0.70,       0.89,     0.73,       0.86,     0.70
1993, 11,   34288, 1993.8740,     0.79,     0.76,       0.74,     0.71,       0.79,     0.76
1993, 12,   34318, 1993.9562,     0.52,     0.55,       0.67,     0.69,       0.52,     0.55
1994, 01,   34349, 1994.0411,     0.60,     0.62,       0.65,     0.67,       0.60,     0.62
1994, 02,   34380, 1994.1260,     0.79,     0.86,       0.59,     0.65,       0.79,     0.86
1994, 03,   34408, 1994.2027,     0.35,     0.47,       0.52,     0.64,       0.35,     0.47
1994, 04,   34439, 1994.2877,     0.47,     0.65,       0.44,     0.62,       0.47,     0.65
1994, 05,   34469, 1994.3699,     0.37,     0.57,       0.39,     0.60,       0.37,     0.57
1994, 06,   34500, 1994.4548,     0.42,     0.52,       0.48,     0.58,       0.42,     0.52
1994, 07,   34530, 1994.5370,     0.58,     0.48,       0.66,     0.57,       0.58,     0.48
1994, 08,   34561, 1994.6219,     0.38,     0.18,       0.76,     0.56,       0.38,     0.18
1994, 09,   34592, 1994.7068,     0.79,     0.58,       0.77,     0.55,       0.79,     0.58
1994, 10,   34622, 1994.7890,     0.64,     0.48,       0.71,     0.55,       0.64,     0.48
1994, 11,   34653, 1994.8740,      NaN,      NaN,       0.58,     0.54,       0.58,     0.54
1994, 12,   34683, 1994.9562,      NaN,      NaN,       0.52,     0.55,       0.52,     0.55
1995, 01,   34714, 1995.0411,      NaN,      NaN,       0.53,     0.55,       0.53,     0.55
1995, 02,   34745, 1995.1260,      NaN,      NaN,       0.49,     0.55,       0.49,     0.55
1995, 03,   34773, 1995.2027,      NaN,      NaN,       0.44,     0.55,       0.44,     0.55
1995, 04,   34804, 1995.2877,      NaN,      NaN,       0.38,     0.56,       0.38,     0.56
1995, 05,   34834, 1995.3699,      NaN,      NaN,       0.35,     0.56,       0.35,     0.56
1995, 06,   34865, 1995.4548,      NaN,      NaN,       0.47,     0.57,       0.47,     0.57
1995, 07,   34895, 1995.5370,     0.56,     0.46,       0.66,     0.57,       0.56,     0.46
1995, 08,   34926, 1995.6219,     0.86,     0.66,       0.77,     0.57,       0.86,     0.66
1995, 09,   34957, 1995.7068,     0.82,     0.60,       0.79,     0.57,       0.82,     0.60
1995, 10,   34987, 1995.7890,     0.75,     0.59,       0.73,     0.57,       0.75,     0.59
1995, 11,   35018, 1995.8740,      NaN,      NaN,       0.59,     0.56,       0.59,     0.56
1995, 12,   35048, 1995.9562,     0.55,     0.58,       0.52,     0.55,       0.55,     0.58
1996, 01,   35079, 1996.0410,     0.74,     0.76,       0.52,     0.54,       0.74,     0.76
1996, 02,   35110, 1996.1257,     0.49,     0.56,       0.46,     0.53,       0.49,     0.56
1996, 03,   35139, 1996.2049,     0.30,     0.42,       0.39,     0.52,       0.30,     0.42
1996, 04,   35170, 1996.2896,      NaN,      NaN,       0.32,     0.50,       0.32,     0.50
1996, 05,   35200, 1996.3716,     0.28,     0.49,       0.28,     0.49,       0.28,     0.49
1996, 06,   35231, 1996.4563,     0.33,     0.42,       0.38,     0.48,       0.33,     0.42
1996, 07,   35261, 1996.5383,     0.38,     0.28,       0.56,     0.47,       0.38,     0.28
1996, 08,   35292, 1996.6230,     0.55,     0.35,       0.66,     0.46,       0.55,     0.35
1996, 09,   35323, 1996.7077,      NaN,      NaN,       0.68,     0.45,       0.68,     0.45
1996, 10,   35353, 1996.7896,      NaN,      NaN,       0.61,     0.45,       0.61,     0.45
1996, 11,   35384, 1996.8743,      NaN,      NaN,       0.48,     0.45,       0.48,     0.45
1996, 12,   35414, 1996.9563,      NaN,      NaN,       0.42,     0.45,       0.42,     0.45
1997, 01,   35445, 1997.0411,     0.43,     0.45,       0.43,     0.46,       0.43,     0.45
1997, 02,   35476, 1997.1260,     0.30,     0.36,       0.39,     0.46,       0.30,     0.36
1997, 03,   35504, 1997.2027,     0.50,     0.62,       0.34,     0.47,       0.50,     0.62
1997, 04,   35535, 1997.2877,     0.33,     0.51,       0.29,     0.47,       0.33,     0.51
1997, 05,   35565, 1997.3699,      NaN,      NaN,       0.27,     0.48,       0.27,     0.48
1997, 06,   35596, 1997.4548,     0.51,     0.61,       0.38,     0.49,       0.51,     0.61
1997, 07,   35626, 1997.5370,     0.62,     0.52,       0.59,     0.49,       0.62,     0.52
1997, 08,   35657, 1997.6219,     0.74,     0.54,       0.71,     0.50,       0.74,     0.54
1997, 09,   35688, 1997.7068,     0.55,     0.33,       0.74,     0.51,       0.55,     0.33
1997, 10,   35718, 1997.7890,     0.54,     0.37,       0.69,     0.53,       0.54,     0.37
1997, 11,   35749, 1997.8740,     0.28,     0.25,       0.57,     0.54,       0.28,     0.25
1997, 12,   35779, 1997.9562,     0.20,     0.23,       0.53,     0.56,       0.20,     0.23
1998, 01,   35810, 1998.0411,      NaN,      NaN,       0.55,     0.57,       0.55,     0.57
1998, 02,   35841, 1998.1260,      NaN,      NaN,       0.53,     0.59,       0.53,     0.59
1998, 03,   35869, 1998.2027,     0.30,     0.42,       0.49,     0.61,       0.30,     0.42
1998, 04,   35900, 1998.2877,     0.27,     0.45,       0.44,     0.62,       0.27,     0.45
1998, 05,   35930, 1998.3699,      NaN,      NaN,       0.42,     0.63,       0.42,     0.63
1998, 06,   35961, 1998.4548,     0.69,     0.80,       0.54,     0.64,       0.69,     0.80
1998, 07,   35991, 1998.5370,     0.94,     0.85,       0.74,     0.65,       0.94,     0.85
1998, 08,   36022, 1998.6219,     0.96,     0.75,       0.85,     0.64,       0.96,     0.75
1998, 09,   36053, 1998.7068,     0.92,     0.69,       0.86,     0.63,       0.92,     0.69
1998, 10,   36083, 1998.7890,     0.94,     0.78,       0.79,     0.62,       0.94,     0.78
1998, 11,   36114, 1998.8740,     0.66,     0.63,       0.64,     0.60,       0.66,     0.63
1998, 12,   36144, 1998.9562,     0.49,     0.52,       0.55,     0.58,       0.49,     0.52
1999, 01,   36175, 1999.0411,     0.51,     0.53,       0.54,     0.56,       0.51,     0.53
1999, 02,   36206, 1999.1260,     0.35,     0.42,       0.47,     0.54,       0.35,     0.42
1999, 03,   36234, 1999.2027,     0.32,     0.44,       0.40,     0.52,       0.32,     0.44
1999, 04,   36265, 1999.2877,     0.20,     0.38,       0.32,     0.50,       0.20,     0.38
1999, 05,   36295, 1999.3699,     0.24,     0.46,       0.27,     0.49,       0.24,     0.46
1999, 06,   36326, 1999.4548,     0.30,     0.40,       0.37,     0.48,       0.30,     0.40
1999, 07,   36356, 1999.5370,     0.41,     0.31,       0.56,     0.47,       0.41,     0.31
1999, 08,   36387, 1999.6219,     0.81,     0.60,       0.66,     0.46,       0.81,     0.60
1999, 09,   36418, 1999.7068,     0.69,     0.46,       0.67,     0.45,       0.69,     0.46
1999, 10,   36448, 1999.7890,     0.63,     0.46,       0.60,     0.44,       0.63,     0.46
1999, 11,   36479, 1999.8740,     0.49,     0.46,       0.46,     0.43,       0.49,     0.46
1999, 12,   36509, 1999.9562,     0.39,     0.42,       0.39,     0.42,       0.39,     0.42
2000, 01,   36540, 2000.0410,     0.48,     0.50,       0.39,     0.41,       0.48,     0.50
2000, 02,   36571, 2000.1257,     0.32,     0.39,       0.34,     0.40,       0.32,     0.39
2000, 03,   36600, 2000.2049,     0.24,     0.36,       0.27,     0.40,       0.24,     0.36
2000, 04,   36631, 2000.2896,     0.25,     0.43,       0.21,     0.39,       0.25,     0.43
2000, 05,   36661, 2000.3716,     0.06,     0.28,       0.17,     0.38,       0.06,     0.28
2000, 06,   36692, 2000.4563,     0.26,     0.36,       0.28,     0.38,       0.26,     0.36
2000, 07,   36722, 2000.5383,     0.24,     0.14,       0.48,     0.38,       0.24,     0.14
2000, 08,   36753, 2000.6230,     0.61,     0.39,       0.59,     0.38,       0.61,     0.39
2000, 09,   36784, 2000.7077,     0.49,     0.26,       0.60,     0.38,       0.49,     0.26
2000, 10,   36814, 2000.7896,     0.68,     0.51,       0.55,     0.38,       0.68,     0.51
2000, 11,   36845, 2000.8743,     0.43,     0.40,       0.41,     0.38,       0.43,     0.40
2000, 12,   36875, 2000.9563,     0.26,     0.29,       0.36,     0.39,       0.26,     0.29
2001, 01,   36906, 2001.0411,      NaN,      NaN,       0.37,     0.39,       0.37,     0.39
2001, 02,   36937, 2001.1260,      NaN,      NaN,       0.33,     0.40,       0.33,     0.40
2001, 03,   36965, 2001.2027,      NaN,      NaN,       0.28,     0.41,       0.28,     0.41
2001, 04,   36996, 2001.2877,      NaN,      NaN,       0.23,     0.42,       0.23,     0.42
2001, 05,   37026, 2001.3699,      NaN,      NaN,       0.21,     0.43,       0.21,     0.43
2001, 06,   37057, 2001.4548,      NaN,      NaN,       0.33,     0.44,       0.33,     0.44
2001, 07,   37087, 2001.5370,      NaN,      NaN,       0.55,     0.45,       0.55,     0.45
2001, 08,   37118, 2001.6219,     0.83,     0.61,       0.67,     0.46,       0.83,     0.61
2001, 09,   37149, 2001.7068,      NaN,      NaN,       0.70,     0.47,       0.70,     0.47
2001, 10,   37179, 2001.7890,      NaN,      NaN,       0.65,     0.48,       0.65,     0.48
2001, 11,   37210, 2001.8740,      NaN,      NaN,       0.52,     0.49,       0.52,     0.49
2001, 12,   37240, 2001.9562,      NaN,      NaN,       0.47,     0.50,       0.47,     0.50
2002, 01,   37271, 2002.0411,      NaN,      NaN,       0.49,     0.52,       0.49,     0.52
2002, 02,   37302, 2002.1260,      NaN,      NaN,       0.46,     0.53,       0.46,     0.53
2002, 03,   37330, 2002.2027,      NaN,      NaN,       0.42,     0.55,       0.42,     0.55
2002, 04,   37361, 2002.2877,      NaN,      NaN,       0.38,     0.56,       0.38,     0.56
2002, 05,   37391, 2002.3699,     0.01,     0.23,       0.36,     0.58,       0.01,     0.23
2002, 06,   37422, 2002.4548,     0.51,     0.62,       0.50,     0.60,       0.51,     0.62
2002, 07,   37452, 2002.5370,      NaN,      NaN,       0.72,     0.63,       0.72,     0.63
2002, 08,   37483, 2002.6219,     0.82,     0.61,       0.86,     0.65,       0.82,     0.61
2002, 09,   37514, 2002.7068,      NaN,      NaN,       0.90,     0.67,       0.90,     0.67
2002, 10,   37544, 2002.7890,     0.96,     0.79,       0.86,     0.69,       0.96,     0.79
2002, 11,   37575, 2002.8740,     0.83,     0.79,       0.74,     0.71,       0.83,     0.79
2002, 12,   37605, 2002.9562,     0.70,     0.73,       0.69,     0.72,       0.70,     0.73
2003, 01,   37636, 2003.0411,      NaN,      NaN,       0.71,     0.73,       0.71,     0.73
2003, 02,   37667, 2003.1260,     0.92,     0.99,       0.67,     0.74,       0.92,     0.99
2003, 03,   37695, 2003.2027,     0.75,     0.88,       0.62,     0.74,       0.75,     0.88
2003, 04,   37726, 2003.2877,     0.77,     0.96,       0.55,     0.74,       0.77,     0.96
2003, 05,   37756, 2003.3699,      NaN,      NaN,       0.51,     0.73,       0.51,     0.73
2003, 06,   37787, 2003.4548,      NaN,      NaN,       0.62,     0.72,       0.62,     0.72
2003, 07,   37817, 2003.5370,      NaN,      NaN,       0.81,     0.71,       0.81,     0.71
2003, 08,   37848, 2003.6219,     0.85,     0.63,       0.92,     0.70,       0.85,     0.63
2003, 09,   37879, 2003.7068,     0.96,     0.73,       0.92,     0.69,       0.96,     0.73
2003, 10,   37909, 2003.7890,     0.76,     0.59,       0.85,     0.68,       0.76,     0.59
2003, 11,   37940, 2003.8740,     0.57,     0.53,       0.70,     0.67,       0.57,     0.53
2003, 12,   37970, 2003.9562,     0.55,     0.58,       0.63,     0.66,       0.55,     0.58
2004, 01,   38001, 2004.0410,     0.51,     0.54,       0.63,     0.65,       0.51,     0.54
2004, 02,   38032, 2004.1257,     0.70,     0.77,       0.58,     0.65,       0.70,     0.77
2004, 03,   38061, 2004.2049,     0.56,     0.69,       0.52,     0.64,       0.56,     0.69
2004, 04,   38092, 2004.2896,     0.41,     0.60,       0.46,     0.64,       0.41,     0.60
2004, 05,   38122, 2004.3716,     0.30,     0.52,       0.42,     0.64,       0.30,     0.52
2004, 06,   38153, 2004.4563,     0.72,     0.82,       0.54,     0.64,       0.72,     0.82
2004, 07,   38183, 2004.5383,     0.84,     0.74,       0.74,     0.64,       0.84,     0.74
2004, 08,   38214, 2004.6230,     1.04,     0.83,       0.86,     0.64,       1.04,     0.83
2004, 09,   38245, 2004.7077,     0.71,     0.47,       0.87,     0.64,       0.71,     0.47
2004, 10,   38275, 2004.7896,     0.76,     0.59,       0.81,     0.64,       0.76,     0.59
2004, 11,   38306, 2004.8743,     0.67,     0.64,       0.67,     0.64,       0.67,     0.64
2004, 12,   38336, 2004.9563,     0.42,     0.45,       0.61,     0.64,       0.42,     0.45
2005, 01,   38367, 2005.0411,     0.70,     0.72,       0.62,     0.65,       0.70,     0.72
2005, 02,   38398, 2005.1260,     0.61,     0.68,       0.58,     0.65,       0.61,     0.68
2005, 03,   38426, 2005.2027,     0.45,     0.58,       0.53,     0.65,       0.45,     0.58
2005, 04,   38457, 2005.2877,     0.50,     0.69,       0.47,     0.65,       0.50,     0.69
2005, 05,   38487, 2005.3699,     0.52,     0.75,       0.43,     0.65,       0.52,     0.75
2005, 06,   38518, 2005.4548,     0.54,     0.65,       0.55,     0.65,       0.54,     0.65
2005, 07,   38548, 2005.5370,     0.84,     0.74,       0.75,     0.65,       0.84,     0.74
2005, 08,   38579, 2005.6219,     1.03,     0.81,       0.86,     0.64,       1.03,     0.81
2005, 09,   38610, 2005.7068,     0.98,     0.74,       0.87,     0.63,       0.98,     0.74
2005, 10,   38640, 2005.7890,      NaN,      NaN,       0.80,     0.62,       0.80,     0.62
2005, 11,   38671, 2005.8740,     0.67,     0.63,       0.65,     0.61,       0.67,     0.63
2005, 12,   38701, 2005.9562,     0.60,     0.63,       0.57,     0.60,       0.60,     0.63
2006, 01,   38732, 2006.0411,     0.38,     0.40,       0.56,     0.59,       0.38,     0.40
2006, 02,   38763, 2006.1260,     0.53,     0.60,       0.51,     0.57,       0.53,     0.60
2006, 03,   38791, 2006.2027,     0.42,     0.55,       0.44,     0.56,       0.42,     0.55
2006, 04,   38822, 2006.2877,     0.40,     0.59,       0.37,     0.55,       0.40,     0.59
2006, 05,   38852, 2006.3699,      NaN,      NaN,       0.32,     0.55,       0.32,     0.55
2006, 06,   38883, 2006.4548,     0.38,     0.48,       0.43,     0.54,       0.38,     0.48
2006, 07,   38913, 2006.5370,     0.54,     0.43,       0.64,     0.54,       0.54,     0.43
2006, 08,   38944, 2006.6219,     0.72,     0.51,       0.75,     0.53,       0.72,     0.51
2006, 09,   38975, 2006.7068,     0.72,     0.48,       0.77,     0.53,       0.72,     0.48
2006, 10,   39005, 2006.7890,     0.82,     0.65,       0.71,     0.54,       0.82,     0.65
2006, 11,   39036, 2006.8740,     0.56,     0.53,       0.57,     0.54,       0.56,     0.53
2006, 12,   39066, 2006.9562,     0.33,     0.37,       0.52,     0.55,       0.33,     0.37
2007, 01,   39097, 2007.0411,     0.42,     0.44,       0.53,     0.55,       0.42,     0.44
2007, 02,   39128, 2007.1260,     0.59,     0.66,       0.49,     0.56,       0.59,     0.66
2007, 03,   39156, 2007.2027,     0.54,     0.67,       0.44,     0.57,       0.54,     0.67
2007, 04,   39187, 2007.2877,     0.44,     0.63,       0.38,     0.57,       0.44,     0.63
2007, 05,   39217, 2007.3699,     0.34,     0.57,       0.35,     0.58,       0.34,     0.57
2007, 06,   39248, 2007.4548,     0.58,     0.68,       0.47,     0.58,       0.58,     0.68
2007, 07,   39278, 2007.5370,     0.65,     0.54,       0.68,     0.58,       0.65,     0.54
2007, 08,   39309, 2007.6219,     0.86,     0.64,       0.80,     0.58,       0.86,     0.64
2007, 09,   39340, 2007.7068,     0.83,     0.60,       0.81,     0.58,       0.83,     0.60
2007, 10,   39370, 2007.7890,     0.74,     0.57,       0.74,     0.57,       0.74,     0.57
2007, 11,   39401, 2007.8740,     0.46,     0.43,       0.59,     0.56,       0.46,     0.43
2007, 12,   39431, 2007.9562,     0.55,     0.58,       0.52,     0.55,       0.55,     0.58
2008, 01,   39462, 2008.0410,     0.47,     0.49,       0.52,     0.54,       0.47,     0.49
2008, 02,   39493, 2008.1257,      NaN,      NaN,       0.46,     0.53,       0.46,     0.53
2008, 03,   39522, 2008.2049,     0.58,     0.71,       0.38,     0.51,       0.58,     0.71
2008, 04,   39553, 2008.2896,     0.31,     0.50,       0.30,     0.50,       0.31,     0.50
2008, 05,   39583, 2008.3716,     0.10,     0.33,       0.25,     0.48,       0.10,     0.33
2008, 06,   39614, 2008.4563,     0.34,     0.44,       0.36,     0.46,       0.34,     0.44
2008, 07,   39644, 2008.5383,     0.53,     0.42,       0.55,     0.45,       0.53,     0.42
2008, 08,   39675, 2008.6230,     0.57,     0.35,       0.65,     0.43,       0.57,     0.35
2008, 09,   39706, 2008.7077,     0.65,     0.42,       0.65,     0.42,       0.65,     0.42
2008, 10,   39736, 2008.7896,     0.74,     0.57,       0.58,     0.40,       0.74,     0.57
2008, 11,   39767, 2008.8743,     0.51,     0.47,       0.42,     0.39,       0.51,     0.47
2008, 12,   39797, 2008.9563,     0.42,     0.45,       0.34,     0.37,       0.42,     0.45
2009, 01,   39828, 2009.0411,     0.33,     0.35,       0.34,     0.36,       0.33,     0.35
2009, 02,   39859, 2009.1260,     0.20,     0.27,       0.28,     0.35,       0.20,     0.27
2009, 03,   39887, 2009.2027,     0.02,     0.15,       0.21,     0.34,       0.02,     0.15
2009, 04,   39918, 2009.2877,     0.21,     0.40,       0.14,     0.34,       0.21,     0.40
2009, 05,   39948, 2009.3699,    -0.11,     0.12,       0.11,     0.34,      -0.11,     0.12
2009, 06,   39979, 2009.4548,     0.18,     0.29,       0.23,     0.34,       0.18,     0.29
2009, 07,   40009, 2009.5370,      NaN,      NaN,       0.45,     0.34,       0.45,     0.34
2009, 08,   40040, 2009.6219,      NaN,      NaN,       0.57,     0.35,       0.57,     0.35
2009, 09,   40071, 2009.7068,      NaN,      NaN,       0.60,     0.36,       0.60,     0.36
2009, 10,   40101, 2009.7890,     0.66,     0.48,       0.55,     0.38,       0.66,     0.48
2009, 11,   40132, 2009.8740,     0.34,     0.30,       0.43,     0.39,       0.34,     0.30
2009, 12,   40162, 2009.9562,     0.28,     0.31,       0.38,     0.41,       0.28,     0.31
2010, 01,   40193, 2010.0411,     0.51,     0.53,       0.40,     0.42,       0.51,     0.53
2010, 02,   40224, 2010.1260,     0.16,     0.23,       0.37,     0.44,       0.16,     0.23
2010, 03,   40252, 2010.2027,     0.30,     0.43,       0.33,     0.46,       0.30,     0.43
2010, 04,   40283, 2010.2877,      NaN,      NaN,       0.28,     0.47,       0.28,     0.47
2010, 05,   40313, 2010.3699,     0.46,     0.69,       0.26,     0.49,       0.46,     0.69
2010, 06,   40344, 2010.4548,     0.55,     0.66,       0.39,     0.50,       0.55,     0.66
2010, 07,   40374, 2010.5370,     0.62,     0.52,       0.61,     0.51,       0.62,     0.52
2010, 08,   40405, 2010.6219,     0.82,     0.60,       0.73,     0.51,       0.82,     0.60
2010, 09,   40436, 2010.7068,     0.78,     0.54,       0.75,     0.51,       0.78,     0.54
2010, 10,   40466, 2010.7890,     0.66,     0.48,       0.68,     0.51,       0.66,     0.48
2010, 11,   40497, 2010.8740,     0.50,     0.47,       0.53,     0.50,       0.50,     0.47
2010, 12,   40527, 2010.9562,     0.53,     0.56,       0.46,     0.49,       0.53,     0.56
2011, 01,   40558, 2011.0411,     0.54,     0.57,       0.46,     0.48,       0.54,     0.57
2011, 02,   40589, 2011.1260,     0.49,     0.56,       0.40,     0.47,       0.49,     0.56
2011, 03,   40617, 2011.2027,     0.31,     0.44,       0.32,     0.45,       0.31,     0.44
2011, 04,   40648, 2011.2877,     0.20,     0.40,       0.25,     0.44,       0.20,     0.40
2011, 05,   40678, 2011.3699,     0.03,     0.26,       0.19,     0.43,       0.03,     0.26
2011, 06,   40709, 2011.4548,      NaN,      NaN,       0.30,     0.41,       0.30,     0.41
2011, 07,   40739, 2011.5370,     0.48,     0.38,       0.51,     0.40,       0.48,     0.38
2011, 08,   40770, 2011.6219,     0.53,     0.30,       0.62,     0.39,       0.53,     0.30
2011, 09,   40801, 2011.7068,     0.46,     0.22,       0.63,     0.39,       0.46,     0.22
2011, 10,   40831, 2011.7890,     0.49,     0.31,       0.57,     0.39,       0.49,     0.31
2011, 11,   40862, 2011.8740,     0.50,     0.47,       0.42,     0.39,       0.50,     0.47
2011, 12,   40892, 2011.9562,     0.35,     0.38,       0.36,     0.39,       0.35,     0.38
2012, 01,   40923, 2012.0410,     0.50,     0.52,       0.37,     0.39,       0.50,     0.52
2012, 02,   40954, 2012.1257,     0.12,     0.19,       0.33,     0.40,       0.12,     0.19
2012, 03,   40983, 2012.2049,     0.13,     0.27,       0.27,     0.41,       0.13,     0.27
2012, 04,   41014, 2012.2896,     0.29,     0.48,       0.22,     0.41,       0.29,     0.48
2012, 05,   41044, 2012.3716,     0.39,     0.62,       0.19,     0.42,       0.39,     0.62
2012, 06,   41075, 2012.4563,     0.70,     0.81,       0.32,     0.42,       0.70,     0.81
2012, 07,   41105, 2012.5383,      NaN,      NaN,       0.54,     0.43,       0.54,     0.43
2012, 08,   41136, 2012.6230,     0.57,     0.35,       0.66,     0.43,       0.57,     0.35
2012, 09,   41167, 2012.7077,      NaN,      NaN,       0.68,     0.43,       0.68,     0.43
2012, 10,   41197, 2012.7896,     0.49,     0.31,       0.61,     0.43,       0.49,     0.31
2012, 11,   41228, 2012.8743,     0.45,     0.42,       0.47,     0.44,       0.45,     0.42
2012, 12,   41258, 2012.9563,     0.24,     0.27,       0.41,     0.44,       0.24,     0.27
2013, 01,   41289, 2013.0411,      NaN,      NaN,       0.42,     0.44,       0.42,     0.44
2013, 02,   41320, 2013.1260,      NaN,      NaN,       0.37,     0.44,       0.37,     0.44
2013, 03,   41348, 2013.2027,      NaN,      NaN,       0.31,     0.45,       0.31,     0.45
2013, 04,   41379, 2013.2877,      NaN,      NaN,       0.26,     0.45,       0.26,     0.45
2013, 05,   41409, 2013.3699,      NaN,      NaN,       0.22,     0.46,       0.22,     0.46
2013, 06,   41440, 2013.4548,     0.37,     0.48,       0.35,     0.46,       0.37,     0.48
2013, 07,   41470, 2013.5370,     0.56,     0.46,       0.57,     0.47,       0.56,     0.46
2013, 08,   41501, 2013.6219,     0.64,     0.47,       0.63,     0.45,       0.64,     0.47
2013, 09,   41532, 2013.7068,     0.62,     0.49,       0.60,     0.47,       0.62,     0.49
2013, 10,   41562, 2013.7890,     0.62,     0.31,       0.80,     0.49,       0.62,     0.31
2013, 11,   41593, 2013.8740,      NaN,      NaN,       0.70,     0.51,       0.70,     0.51
2013, 12,   41623, 2013.9562,     0.44,     0.56,       0.39,     0.52,       0.44,     0.56
2014, 01,   41654, 2014.0411,     0.49,     0.60,       0.43,     0.54,       0.49,     0.60
2014, 02,   41685, 2014.1260,      NaN,      NaN,       0.42,     0.55,       0.42,     0.55
2014, 03,   41713, 2014.2027,     0.59,     0.82,       0.33,     0.55,       0.59,     0.82
2014, 04,   41744, 2014.2877,     0.36,     0.54,       0.37,     0.56,       0.36,     0.54
2014, 05,   41774, 2014.3699,     0.35,     0.53,       0.38,     0.56,       0.35,     0.53
2014, 06,   41805, 2014.4548,     0.55,     0.61,       0.49,     0.55,       0.55,     0.61
2014, 07,   41835, 2014.5370,     0.69,     0.52,       0.72,     0.55,       0.69,     0.52
2014, 08,   41866, 2014.6219,     0.70,     0.51,       0.73,     0.54,       0.70,     0.51
2014, 09,   41897, 2014.7068,     0.61,     0.46,       0.69,     0.54,       0.61,     0.46
2014, 10,   41927, 2014.7890,      NaN,      NaN,       0.82,     0.53,       0.82,     0.53
2014, 11,   41958, 2014.8740,      NaN,      NaN,       0.66,     0.51,       0.66,     0.51
2014, 12,   41988, 2014.9562,      NaN,      NaN,       0.38,     0.50,       0.38,     0.50
2015, 01,   42019, 2015.0411,      NaN,      NaN,       0.34,     0.47,       0.34,     0.47
2015, 02,   42050, 2015.1260,     0.45,     0.52,       0.38,     0.45,       0.45,     0.52
2015, 03,   42078, 2015.2027,     0.52,     0.70,       0.25,     0.43,       0.52,     0.70
2015, 04,   42109, 2015.2877,      NaN,      NaN,       0.20,     0.39,       0.20,     0.39
2015, 05,   42139, 2015.3699,      NaN,      NaN,       0.18,     0.36,       0.18,     0.36
2015, 06,   42170, 2015.4548,      NaN,      NaN,       0.21,     0.30,       0.21,     0.30
2015, 07,   42200, 2015.5370,      NaN,      NaN,       0.36,     0.26,       0.36,     0.26
2015, 08,   42231, 2015.6219,      NaN,      NaN,       0.37,     0.22,       0.37,     0.22
2015, 09,   42262, 2015.7068,      NaN,      NaN,       0.34,     0.18,       0.34,     0.18
2015, 10,   42292, 2015.7890,      NaN,      NaN,       0.50,     0.14,       0.50,     0.14
2015, 11,   42323, 2015.8740,     0.51,     0.33,       0.29,     0.11,       0.51,     0.33
2015, 12,   42353, 2015.9562,    -0.58,    -0.36,      -0.14,     0.08,      -0.58,    -0.36
2016, 01,   42384, 2016.0410,    -0.05,    -0.00,       0.13,     0.17,      -0.05,    -0.00
2016, 02,   42415, 2016.1257,      NaN,      NaN,       0.16,     0.17,       0.16,     0.17
2016, 03,   42444, 2016.2049,      NaN,      NaN,        NaN,      NaN,        NaN,      NaN
2016, 04,   42475, 2016.2896,      NaN,      NaN,       0.02,     0.21,       0.02,     0.21
2016, 05,   42505, 2016.3716,      NaN,      NaN,       0.05,     0.23,       0.05,     0.23
2016, 06,   42536, 2016.4563,      NaN,      NaN,       0.18,     0.26,       0.18,     0.26
2016, 07,   42566, 2016.5383,      NaN,      NaN,       0.45,     0.30,       0.45,     0.30
2016, 08,   42597, 2016.6230,      NaN,      NaN,       0.48,     0.33,       0.48,     0.33
2016, 09,   42628, 2016.7077,      NaN,      NaN,       0.53,     0.36,       0.53,     0.36
2016, 10,   42658, 2016.7896,      NaN,      NaN,       0.75,     0.39,       0.75,     0.39
2016, 11,   42689, 2016.8743,     0.57,     0.50,       0.56,     0.48,       0.57,     0.50
2016, 12,   42719, 2016.9563,     0.71,     0.92,       0.21,     0.43,       0.71,     0.92
2017, 01,   42750, 2017.0411,      NaN,      NaN,       0.40,     0.50,       0.40,     0.50
2017, 02,   42781, 2017.1260,      NaN,      NaN,       0.53,     0.54,       0.53,     0.54
2017, 03,   42809, 2017.2027,      NaN,      NaN,       0.36,     0.51,       0.36,     0.51
2017, 04,   42840, 2017.2877,      NaN,      NaN,       0.31,     0.53,       0.31,     0.53
2017, 05,   42870, 2017.3699,     0.17,     0.40,       0.34,     0.56,       0.17,     0.40
2017, 06,   42901, 2017.4548,     0.48,     0.53,       0.53,     0.57,       0.48,     0.53
2017, 07,   42931, 2017.5370,      NaN,      NaN,       0.69,     0.58,       0.69,     0.58
2017, 08,   42962, 2017.6219,      NaN,      NaN,       0.74,     0.59,       0.74,     0.59
2017, 09,   42993, 2017.7068,      NaN,      NaN,       0.78,     0.61,       0.78,     0.61
2017, 10,   43023, 2017.7890,      NaN,      NaN,       0.94,     0.63,       0.94,     0.63
2017, 11,   43054, 2017.8740,      NaN,      NaN,       0.81,     0.65,       0.81,     0.65
2017, 12,   43084, 2017.9562,      NaN,      NaN,       0.48,     0.67,       0.48,     0.67
2018, 01,   43115, 2018.0411,      NaN,      NaN,       0.55,     0.68,       0.55,     0.68
2018, 02,   43146, 2018.1260,      NaN,      NaN,       0.73,     0.69,       0.73,     0.69
2018, 03,   43174, 2018.2027,      NaN,      NaN,       0.67,     0.72,       0.67,     0.72
2018, 04,   43205, 2018.2877,      NaN,      NaN,       0.53,     0.73,       0.53,     0.73
2018, 05,   43235, 2018.3699,      NaN,      NaN,       0.54,     0.73,       0.54,     0.73
2018, 06,   43266, 2018.4548,      NaN,      NaN,       0.67,     0.74,       0.67,     0.74
2018, 07,   43296, 2018.5370,     0.79,     0.69,       0.84,     0.74,       0.79,     0.69
2018, 08,   43327, 2018.6219,     0.88,     0.77,       0.84,     0.73,       0.88,     0.77
2018, 09,   43358, 2018.7068,     0.93,     0.81,       0.85,     0.72,       0.93,     0.81
2018, 10,   43388, 2018.7890,     1.07,     0.78,       1.00,     0.71,       1.07,     0.78
2018, 11,   43419, 2018.8740,     0.65,     0.54,       0.80,     0.69,       0.65,     0.54
2018, 12,   43449, 2018.9562,     0.54,     0.73,       0.47,     0.66,       0.54,     0.73
2019, 01,   43480, 2019.0411,     0.66,     0.80,       0.49,     0.63,       0.66,     0.80
2019, 02,   43511, 2019.1260,      NaN,      NaN,       0.66,     0.59,       0.66,     0.59
2019, 03,   43539, 2019.2027,     0.53,     0.49,       0.60,     0.57,       0.53,     0.49
2019, 04,   43570, 2019.2877,     0.38,     0.62,       0.39,     0.63,       0.38,     0.62
2019, 05,   43600, 2019.3699,     0.30,     0.51,       0.40,     0.60,       0.30,     0.51
2019, 06,   43631, 2019.4548,     0.53,     0.60,       0.51,     0.57,       0.53,     0.60
2019, 07,   43661, 2019.5370,      NaN,      NaN,       0.70,     0.54,       0.70,     0.54
2019, 08,   43692, 2019.6219,     0.60,     0.47,       0.63,     0.50,       0.60,     0.47
2019, 09,   43723, 2019.7068,     0.74,     0.57,       0.64,     0.47,       0.74,     0.57
2019, 10,   43753, 2019.7890,     0.91,     0.48,       0.85,     0.42,       0.91,     0.48
2019, 11,   43784, 2019.8740,     0.87,     0.73,       0.52,     0.38,       0.87,     0.73
2019, 12,   43814, 2019.9562,    -0.34,    -0.00,      -0.02,     0.33,      -0.34,    -0.00
2020, 01,   43845, 2020.0410,     0.08,     0.24,       0.12,     0.27,       0.08,     0.24
2020, 02,   43876, 2020.1257,      NaN,      NaN,       0.30,     0.22,       0.30,     0.22
2020, 03,   43905, 2020.2049,      NaN,      NaN,       0.07,     0.18,       0.07,     0.18
2020, 04,   43936, 2020.2896,      NaN,      NaN,      -0.10,     0.12,      -0.10,     0.12
2020, 05,   43966, 2020.3716,      NaN,      NaN,      -0.12,     0.08,      -0.12,     0.08
2020, 06,   43997, 2020.4563,      NaN,      NaN,      -0.03,     0.03,      -0.03,     0.03
2020, 07,   44027, 2020.5383,      NaN,      NaN,       0.12,    -0.02,       0.12,    -0.02
2020, 08,   44058, 2020.6230,      NaN,      NaN,       0.05,    -0.07,       0.05,    -0.07
2020, 09,   44089, 2020.7077,      NaN,      NaN,       0.04,    -0.13,       0.04,    -0.13
2020, 10,   44119, 2020.7896,      NaN,      NaN,       0.23,    -0.17,       0.23,    -0.17
2020, 11,   44150, 2020.8743,      NaN,      NaN,      -0.09,    -0.22,      -0.09,    -0.22
2020, 12,   44180, 2020.9563,      NaN,      NaN,      -0.60,    -0.27,      -0.60,    -0.27
