"-------------------------------------------------------------------------------------------"
" Monthly average CO2 concentrations (ppm) derived from flask air samples                   "
" Christmas Island                                                                          "
"                                                                                           "
" Source: R. F. Keeling and S. J. Walker                                                    "
" Scripps CO2 Program ( http://scrippsco2.ucsd.edu )                                        "
" Scripps Institution of Oceanography (SIO)                                                 "
" University of California                                                                  "
" La Jolla, California USA 92093-0244                                                       "
"                                                                                           "
" Status of data and correspondence:                                                        "
"                                                                                           "
" These data are subject to revision based on recalibration of standard gases. Questions    "
" about the data should be directed to Dr. Ralph Keeling (rkeeling AT ucsd.edu) and         "
" Dr. Stephen Walker (sjwalker AT ucsd.edu), Scripps CO2 Program.                           "
"                                                                                           "
" Flask data from archive dated 19-Apr-2024 10:43:25                                        "
"                                                                                           "
"-------------------------------------------------------------------------------------------"
"                                                                                           "
" Please cite as:                                                                           "
"                                                                                           "
" C. D. Keeling, S. C. Piper, R. B. Bacastow, M. Wahlen, T. P. Whorf, M. Heimann, and       "
" H. A. Meijer, Exchanges of atmospheric CO2 and 13CO2 with the terrestrial biosphere and   "
" oceans from 1978 to 2000.  I. Global aspects, SIO Reference Series, No. 01-06, Scripps    "
" Institution of Oceanography, San Diego, 88 pages, 2001.                                   "
"                                                                                           "
" If it is necessary to cite a peer-reviewed article, please cite as:                       "
"                                                                                           "
" C. D. Keeling, S. C. Piper, R. B. Bacastow, M. Wahlen, T. P. Whorf, M. Heimann, and       "
" H. A. Meijer, Atmospheric CO2 and 13CO2 exchange with the terrestrial biosphere and       "
" oceans from 1978 to 2000: observations and carbon cycle implications, pages 83-113,       "
" in "A History of Atmospheric CO2 and its effects on Plants, Animals, and Ecosystems",     "
" editors, Ehleringer, J.R., T. E. Cerling, M. D. Dearing, Springer Verlag,                 "
" New York, 2005.                                                                           "
"                                                                                           "
"-------------------------------------------------------------------------------------------"
"                                                                                           "
" The data file below contains 10 columns.  Columns 1-4 give the dates in several redundant "
" formats. Column 5 below gives monthly CO2 concentrations in micro-mol CO2 per mole (ppm)  "
" reported on the 2012 SIO manometric mole fraction scale.  This is the standard           "
" version of the data most often sought.  The monthly values have been adjusted             "
" to 24:00 hours on the 15th of each month.  Column 6 gives the same data after a seasonal  "
" adjustment to remove the quasi-regular seasonal cycle.  The adjustment involves           "
" subtracting from the data a 4-harmonic fit with a linear gain factor.  Column 7 is a      "
" smoothed version of the data generated from a stiff cubic spline function plus 4-harmonic "
" functions with linear gain.  Column 8 is the same smoothed version with the seasonal      "
" cycle removed.  Column 9 is identical to Column 5 except that the missing values from     "
" Column 5 have been filled with values from Column 7.  Column 10 is identical to Column 6  "
" except missing values have been filled with values from Column 8.  Missing values are     "
" denoted by -99.99                                                                         "
"                                                                                           "
" CO2 concentrations are reported on the Scripps '12' Calibration scale                     "
"                                                                                           "
  Yr, Mn,    Date,      Date,     CO2,seasonally,        fit,  seasonally,      CO2, seasonally
    ,   ,        ,          ,        ,  adjusted,           ,adjusted fit,   filled,adjusted filled
    ,   ,   Excel,          ,     ppm,      ppm,        ppm,      ppm,       ppm,      ppm
1974, 01,   27044, 1974.0411,      NaN,      NaN,     330.25,   330.09,     330.25,   330.09
1974, 02,   27075, 1974.1260,      NaN,      NaN,     330.56,   330.20,     330.56,   330.20
1974, 03,   27103, 1974.2027,      NaN,      NaN,     331.27,   330.30,     331.27,   330.30
1974, 04,   27134, 1974.2877,      NaN,      NaN,     331.91,   330.41,     331.91,   330.41
1974, 05,   27164, 1974.3699,      NaN,      NaN,     331.50,   330.51,     331.50,   330.51
1974, 06,   27195, 1974.4548,      NaN,      NaN,     331.12,   330.62,     331.12,   330.62
1974, 07,   27225, 1974.5370,      NaN,      NaN,     330.96,   330.73,     330.96,   330.73
1974, 08,   27256, 1974.6219,      NaN,      NaN,     330.28,   330.84,     330.28,   330.84
1974, 09,   27287, 1974.7068,      NaN,      NaN,     329.80,   330.95,     329.80,   330.95
1974, 10,   27317, 1974.7890,      NaN,      NaN,     329.78,   331.06,     329.78,   331.06
1974, 11,   27348, 1974.8740,      NaN,      NaN,     329.98,   331.16,     329.98,   331.16
1974, 12,   27378, 1974.9562,   331.28,   331.78,     330.77,   331.27,     331.28,   331.78
1975, 01,   27409, 1975.0411,   331.80,   331.64,     331.54,   331.38,     331.80,   331.64
1975, 02,   27440, 1975.1260,   331.86,   331.50,     331.85,   331.49,     331.86,   331.50
1975, 03,   27468, 1975.2027,   331.94,   330.97,     332.57,   331.60,     331.94,   330.97
1975, 04,   27499, 1975.2877,   332.54,   331.04,     333.22,   331.71,     332.54,   331.04
1975, 05,   27529, 1975.3699,   332.29,   331.30,     332.82,   331.83,     332.29,   331.30
1975, 06,   27560, 1975.4548,      NaN,      NaN,     332.45,   331.96,     332.45,   331.96
1975, 07,   27590, 1975.5370,   332.06,   331.83,     332.31,   332.08,     332.06,   331.83
1975, 08,   27621, 1975.6219,   331.25,   331.81,     331.64,   332.20,     331.25,   331.81
1975, 09,   27652, 1975.7068,   331.76,   332.91,     331.17,   332.31,     331.76,   332.91
1975, 10,   27682, 1975.7890,   332.28,   333.55,     331.14,   332.41,     332.28,   333.55
1975, 11,   27713, 1975.8740,   332.53,   333.72,     331.32,   332.50,     332.53,   333.72
1975, 12,   27743, 1975.9562,   332.66,   333.16,     332.08,   332.58,     332.66,   333.16
1976, 01,   27774, 1976.0410,   332.86,   332.71,     332.81,   332.65,     332.86,   332.71
1976, 02,   27805, 1976.1257,   332.27,   331.91,     333.08,   332.72,     332.27,   331.91
1976, 03,   27834, 1976.2049,   333.09,   332.09,     333.78,   332.78,     333.09,   332.09
1976, 04,   27865, 1976.2896,      NaN,      NaN,     334.34,   332.84,     334.34,   332.84
1976, 05,   27895, 1976.3716,      NaN,      NaN,     333.88,   332.90,     333.88,   332.90
1976, 06,   27926, 1976.4563,      NaN,      NaN,     333.46,   332.97,     333.46,   332.97
1976, 07,   27956, 1976.5383,      NaN,      NaN,     333.26,   333.04,     333.26,   333.04
1976, 08,   27987, 1976.6230,      NaN,      NaN,     332.54,   333.12,     332.54,   333.12
1976, 09,   28018, 1976.7077,      NaN,      NaN,     332.04,   333.19,     332.04,   333.19
1976, 10,   28048, 1976.7896,      NaN,      NaN,     332.00,   333.28,     332.00,   333.28
1976, 11,   28079, 1976.8743,      NaN,      NaN,     332.18,   333.37,     332.18,   333.37
1976, 12,   28109, 1976.9563,   332.62,   333.12,     332.96,   333.46,     332.62,   333.12
1977, 01,   28140, 1977.0411,   333.01,   332.85,     333.72,   333.56,     333.01,   332.85
1977, 02,   28171, 1977.1260,   333.44,   333.07,     334.04,   333.67,     333.44,   333.07
1977, 03,   28199, 1977.2027,   335.06,   334.08,     334.76,   333.78,     335.06,   334.08
1977, 04,   28230, 1977.2877,   335.98,   334.48,     335.40,   333.90,     335.98,   334.48
1977, 05,   28260, 1977.3699,   335.30,   334.31,     335.00,   334.01,     335.30,   334.31
1977, 06,   28291, 1977.4548,   334.86,   334.36,     334.62,   334.13,     334.86,   334.36
1977, 07,   28321, 1977.5370,   334.65,   334.42,     334.46,   334.24,     334.65,   334.42
1977, 08,   28352, 1977.6219,   333.60,   334.16,     333.79,   334.35,     333.60,   334.16
1977, 09,   28383, 1977.7068,   333.45,   334.60,     333.31,   334.46,     333.45,   334.60
1977, 10,   28413, 1977.7890,   333.51,   334.79,     333.28,   334.56,     333.51,   334.79
1977, 11,   28444, 1977.8740,   333.52,   334.71,     333.48,   334.67,     333.52,   334.71
1977, 12,   28474, 1977.9562,   334.15,   334.64,     334.28,   334.78,     334.15,   334.64
1978, 01,   28505, 1978.0411,   335.10,   334.94,     335.05,   334.89,     335.10,   334.94
1978, 02,   28536, 1978.1260,   335.59,   335.23,     335.37,   335.01,     335.59,   335.23
1978, 03,   28564, 1978.2027,   335.88,   334.90,     336.10,   335.12,     335.88,   334.90
1978, 04,   28595, 1978.2877,   335.73,   334.22,     336.75,   335.24,     335.73,   334.22
1978, 05,   28625, 1978.3699,   336.19,   335.20,     336.36,   335.37,     336.19,   335.20
1978, 06,   28656, 1978.4548,   335.91,   335.41,     336.01,   335.52,     335.91,   335.41
1978, 07,   28686, 1978.5370,   336.08,   335.85,     335.89,   335.66,     336.08,   335.85
1978, 08,   28717, 1978.6219,   335.77,   336.34,     335.25,   335.81,     335.77,   336.34
1978, 09,   28748, 1978.7068,   335.13,   336.28,     334.80,   335.96,     335.13,   336.28
1978, 10,   28778, 1978.7890,   335.47,   336.75,     334.82,   336.10,     335.47,   336.75
1978, 11,   28809, 1978.8740,   335.06,   336.25,     335.06,   336.25,     335.06,   336.25
1978, 12,   28839, 1978.9562,   335.82,   336.32,     335.89,   336.39,     335.82,   336.32
1979, 01,   28870, 1979.0411,   336.33,   336.17,     336.69,   336.54,     336.33,   336.17
1979, 02,   28901, 1979.1260,   336.94,   336.58,     337.05,   336.69,     336.94,   336.58
1979, 03,   28929, 1979.2027,   337.57,   336.59,     337.80,   336.82,     337.57,   336.59
1979, 04,   28960, 1979.2877,   338.71,   337.20,     338.48,   336.97,     338.71,   337.20
1979, 05,   28990, 1979.3699,   338.56,   337.57,     338.11,   337.12,     338.56,   337.57
1979, 06,   29021, 1979.4548,   337.86,   337.36,     337.76,   337.27,     337.86,   337.36
1979, 07,   29051, 1979.5370,      NaN,      NaN,     337.64,   337.41,     337.64,   337.41
1979, 08,   29082, 1979.6219,      NaN,      NaN,     337.00,   337.56,     337.00,   337.56
1979, 09,   29113, 1979.7068,   336.45,   337.60,     336.56,   337.71,     336.45,   337.60
1979, 10,   29143, 1979.7890,   336.33,   337.61,     336.58,   337.86,     336.33,   337.61
1979, 11,   29174, 1979.8740,   336.81,   338.00,     336.82,   338.02,     336.81,   338.00
1979, 12,   29204, 1979.9562,   337.41,   337.91,     337.67,   338.17,     337.41,   337.91
1980, 01,   29235, 1980.0410,      NaN,      NaN,     338.48,   338.33,     338.48,   338.33
1980, 02,   29266, 1980.1257,      NaN,      NaN,     338.85,   338.49,     338.85,   338.49
1980, 03,   29295, 1980.2049,      NaN,      NaN,     339.64,   338.63,     339.64,   338.63
1980, 04,   29326, 1980.2896,   340.45,   338.94,     340.30,   338.79,     340.45,   338.94
1980, 05,   29356, 1980.3716,   339.86,   338.88,     339.91,   338.94,     339.86,   338.88
1980, 06,   29387, 1980.4563,   339.42,   338.93,     339.58,   339.08,     339.42,   338.93
1980, 07,   29417, 1980.5383,   340.20,   339.98,     339.44,   339.22,     340.20,   339.98
1980, 08,   29448, 1980.6230,   339.22,   339.79,     338.78,   339.36,     339.22,   339.79
1980, 09,   29479, 1980.7077,      NaN,      NaN,     338.33,   339.48,     338.33,   339.48
1980, 10,   29509, 1980.7896,      NaN,      NaN,     338.32,   339.60,     338.32,   339.60
1980, 11,   29540, 1980.8743,   338.72,   339.92,     338.52,   339.71,     338.72,   339.92
1980, 12,   29570, 1980.9563,      NaN,      NaN,     339.31,   339.81,     339.31,   339.81
1981, 01,   29601, 1981.0411,   340.62,   340.47,     340.07,   339.91,     340.62,   340.47
1981, 02,   29632, 1981.1260,   340.77,   340.40,     340.37,   340.00,     340.77,   340.40
1981, 03,   29660, 1981.2027,   341.39,   340.41,     341.07,   340.08,     341.39,   340.41
1981, 04,   29691, 1981.2877,   341.22,   339.71,     341.68,   340.17,     341.22,   339.71
1981, 05,   29721, 1981.3699,   340.94,   339.95,     341.24,   340.24,     340.94,   339.95
1981, 06,   29752, 1981.4548,      NaN,      NaN,     340.82,   340.33,     340.82,   340.33
1981, 07,   29782, 1981.5370,   340.64,   340.41,     340.64,   340.41,     340.64,   340.41
1981, 08,   29813, 1981.6219,   339.93,   340.50,     339.93,   340.49,     339.93,   340.50
1981, 09,   29844, 1981.7068,   338.86,   340.01,     339.42,   340.58,     338.86,   340.01
1981, 10,   29874, 1981.7890,   339.33,   340.61,     339.38,   340.67,     339.33,   340.61
1981, 11,   29905, 1981.8740,   339.67,   340.86,     339.57,   340.76,     339.67,   340.86
1981, 12,   29935, 1981.9562,   340.54,   341.04,     340.36,   340.86,     340.54,   341.04
1982, 01,   29966, 1982.0411,      NaN,      NaN,     341.12,   340.96,     341.12,   340.96
1982, 02,   29997, 1982.1260,   341.86,   341.49,     341.43,   341.06,     341.86,   341.49
1982, 03,   30025, 1982.2027,   342.18,   341.19,     342.14,   341.15,     342.18,   341.19
1982, 04,   30056, 1982.2877,   342.97,   341.45,     342.77,   341.26,     342.97,   341.45
1982, 05,   30086, 1982.3699,      NaN,      NaN,     342.35,   341.36,     342.35,   341.36
1982, 06,   30117, 1982.4548,      NaN,      NaN,     341.96,   341.46,     341.96,   341.46
1982, 07,   30147, 1982.5370,      NaN,      NaN,     341.80,   341.57,     341.80,   341.57
1982, 08,   30178, 1982.6219,      NaN,      NaN,     341.12,   341.68,     341.12,   341.68
1982, 09,   30209, 1982.7068,   340.54,   341.70,     340.64,   341.79,     340.54,   341.70
1982, 10,   30239, 1982.7890,      NaN,      NaN,     340.62,   341.91,     340.62,   341.91
1982, 11,   30270, 1982.8740,      NaN,      NaN,     340.84,   342.03,     340.84,   342.03
1982, 12,   30300, 1982.9562,      NaN,      NaN,     341.66,   342.16,     341.66,   342.16
1983, 01,   30331, 1983.0411,   341.68,   341.52,     342.45,   342.29,     341.68,   341.52
1983, 02,   30362, 1983.1260,   343.13,   342.76,     342.79,   342.42,     343.13,   342.76
1983, 03,   30390, 1983.2027,   343.31,   342.33,     343.53,   342.55,     343.31,   342.33
1983, 04,   30421, 1983.2877,   345.22,   343.70,     344.20,   342.68,     345.22,   343.70
1983, 05,   30451, 1983.3699,   344.99,   343.99,     343.81,   342.81,     344.99,   343.99
1983, 06,   30482, 1983.4548,      NaN,      NaN,     343.44,   342.95,     343.44,   342.95
1983, 07,   30512, 1983.5370,      NaN,      NaN,     343.31,   343.08,     343.31,   343.08
1983, 08,   30543, 1983.6219,      NaN,      NaN,     342.64,   343.21,     342.64,   343.21
1983, 09,   30574, 1983.7068,      NaN,      NaN,     342.19,   343.34,     342.19,   343.34
1983, 10,   30604, 1983.7890,      NaN,      NaN,     342.19,   343.48,     342.19,   343.48
1983, 11,   30635, 1983.8740,   341.67,   342.86,     342.42,   343.62,     341.67,   342.86
1983, 12,   30665, 1983.9562,   342.72,   343.22,     343.26,   343.76,     342.72,   343.22
1984, 01,   30696, 1984.0410,   343.69,   343.53,     344.06,   343.91,     343.69,   343.53
1984, 02,   30727, 1984.1257,   344.23,   343.86,     344.42,   344.06,     344.23,   343.86
1984, 03,   30756, 1984.2049,   345.77,   344.76,     345.20,   344.19,     345.77,   344.76
1984, 04,   30787, 1984.2896,   346.77,   345.26,     345.85,   344.33,     346.77,   345.26
1984, 05,   30817, 1984.3716,   345.99,   345.01,     345.44,   344.46,     345.99,   345.01
1984, 06,   30848, 1984.4563,   345.59,   345.09,     345.08,   344.58,     345.59,   345.09
1984, 07,   30878, 1984.5383,   344.86,   344.64,     344.91,   344.69,     344.86,   344.64
1984, 08,   30909, 1984.6230,   344.35,   344.93,     344.22,   344.79,     344.35,   344.93
1984, 09,   30940, 1984.7077,   343.26,   344.42,     343.73,   344.89,     343.26,   344.42
1984, 10,   30970, 1984.7896,   342.97,   344.26,     343.69,   344.98,     342.97,   344.26
1984, 11,   31001, 1984.8743,   343.80,   345.00,     343.89,   345.08,     343.80,   345.00
1984, 12,   31031, 1984.9563,   344.56,   345.06,     344.68,   345.18,     344.56,   345.06
1985, 01,   31062, 1985.0411,   345.33,   345.17,     345.44,   345.28,     345.33,   345.17
1985, 02,   31093, 1985.1260,   345.34,   344.97,     345.75,   345.38,     345.34,   344.97
1985, 03,   31121, 1985.2027,   346.65,   345.66,     346.46,   345.47,     346.65,   345.66
1985, 04,   31152, 1985.2877,   347.39,   345.87,     347.10,   345.57,     347.39,   345.87
1985, 05,   31182, 1985.3699,   346.93,   345.93,     346.67,   345.67,     346.93,   345.93
1985, 06,   31213, 1985.4548,   346.81,   346.32,     346.26,   345.76,     346.81,   346.32
1985, 07,   31243, 1985.5370,   346.20,   345.97,     346.08,   345.85,     346.20,   345.97
1985, 08,   31274, 1985.6219,   345.41,   345.97,     345.37,   345.94,     345.41,   345.97
1985, 09,   31305, 1985.7068,   344.63,   345.79,     344.86,   346.02,     344.63,   345.79
1985, 10,   31335, 1985.7890,   344.59,   345.88,     344.82,   346.11,     344.59,   345.88
1985, 11,   31366, 1985.8740,   344.83,   346.03,     345.00,   346.20,     344.83,   346.03
1985, 12,   31396, 1985.9562,   345.77,   346.28,     345.79,   346.30,     345.77,   346.28
1986, 01,   31427, 1986.0411,   346.31,   346.15,     346.56,   346.40,     346.31,   346.15
1986, 02,   31458, 1986.1260,   346.42,   346.05,     346.87,   346.51,     346.42,   346.05
1986, 03,   31486, 1986.2027,   347.46,   346.47,     347.60,   346.61,     347.46,   346.47
1986, 04,   31517, 1986.2877,   348.48,   346.95,     348.25,   346.72,     348.48,   346.95
1986, 05,   31547, 1986.3699,   347.83,   346.83,     347.83,   346.84,     347.83,   346.83
1986, 06,   31578, 1986.4548,   347.71,   347.21,     347.45,   346.95,     347.71,   347.21
1986, 07,   31608, 1986.5370,   347.43,   347.20,     347.30,   347.07,     347.43,   347.20
1986, 08,   31639, 1986.6219,   346.96,   347.53,     346.61,   347.18,     346.96,   347.53
1986, 09,   31670, 1986.7068,   346.53,   347.70,     346.13,   347.30,     346.53,   347.70
1986, 10,   31700, 1986.7890,   346.22,   347.51,     346.12,   347.41,     346.22,   347.51
1986, 11,   31731, 1986.8740,   346.29,   347.49,     346.33,   347.54,     346.29,   347.49
1986, 12,   31761, 1986.9562,   346.61,   347.12,     347.16,   347.67,     346.61,   347.12
1987, 01,   31792, 1987.0411,   347.44,   347.28,     347.98,   347.82,     347.44,   347.28
1987, 02,   31823, 1987.1260,   348.00,   347.63,     348.36,   347.99,     348.00,   347.63
1987, 03,   31851, 1987.2027,   348.91,   347.92,     349.15,   348.16,     348.91,   347.92
1987, 04,   31882, 1987.2877,   349.41,   347.88,     349.89,   348.36,     349.41,   347.88
1987, 05,   31912, 1987.3699,   350.20,   349.20,     349.57,   348.57,     350.20,   349.20
1987, 06,   31943, 1987.4548,   349.21,   348.71,     349.29,   348.79,     349.21,   348.71
1987, 07,   31973, 1987.5370,   349.42,   349.19,     349.25,   349.01,     349.42,   349.19
1987, 08,   32004, 1987.6219,   349.16,   349.72,     348.68,   349.24,     349.16,   349.72
1987, 09,   32035, 1987.7068,   348.39,   349.55,     348.31,   349.47,     348.39,   349.55
1987, 10,   32065, 1987.7890,   348.48,   349.78,     348.39,   349.69,     348.48,   349.78
1987, 11,   32096, 1987.8740,   348.40,   349.60,     348.71,   349.91,     348.40,   349.60
1987, 12,   32126, 1987.9562,   349.62,   350.13,     349.62,   350.12,     349.62,   350.13
1988, 01,   32157, 1988.0410,   350.49,   350.34,     350.49,   350.33,     350.49,   350.34
1988, 02,   32188, 1988.1257,   351.15,   350.78,     350.91,   350.54,     351.15,   350.78
1988, 03,   32217, 1988.2049,   351.81,   350.79,     351.74,   350.73,     351.81,   350.79
1988, 04,   32248, 1988.2896,   353.03,   351.50,     352.44,   350.92,     353.03,   351.50
1988, 05,   32278, 1988.3716,   352.17,   351.18,     352.07,   351.09,     352.17,   351.18
1988, 06,   32309, 1988.4563,   351.75,   351.26,     351.76,   351.26,     351.75,   351.26
1988, 07,   32339, 1988.5383,   351.42,   351.19,     351.64,   351.42,     351.42,   351.19
1988, 08,   32370, 1988.6230,   350.42,   351.00,     351.00,   351.58,     350.42,   351.00
1988, 09,   32401, 1988.7077,   350.45,   351.61,     350.57,   351.73,     350.45,   351.61
1988, 10,   32431, 1988.7896,   350.72,   352.01,     350.58,   351.88,     350.72,   352.01
1988, 11,   32462, 1988.8743,   351.06,   352.26,     350.82,   352.02,     351.06,   352.26
1988, 12,   32492, 1988.9563,   351.61,   352.12,     351.65,   352.15,     351.61,   352.12
1989, 01,   32523, 1989.0411,   352.40,   352.24,     352.44,   352.29,     352.40,   352.24
1989, 02,   32554, 1989.1260,   352.94,   352.57,     352.78,   352.41,     352.94,   352.57
1989, 03,   32582, 1989.2027,   353.97,   352.98,     353.51,   352.52,     353.97,   352.98
1989, 04,   32613, 1989.2877,   354.01,   352.48,     354.16,   352.63,     354.01,   352.48
1989, 05,   32643, 1989.3699,   353.61,   352.61,     353.74,   352.74,     353.61,   352.61
1989, 06,   32674, 1989.4548,   353.56,   353.06,     353.35,   352.85,     353.56,   353.06
1989, 07,   32704, 1989.5370,   352.87,   352.64,     353.18,   352.95,     352.87,   352.64
1989, 08,   32735, 1989.6219,   352.72,   353.29,     352.49,   353.05,     352.72,   353.29
1989, 09,   32766, 1989.7068,   352.10,   353.27,     351.99,   353.16,     352.10,   353.27
1989, 10,   32796, 1989.7890,   351.95,   353.25,     351.96,   353.26,     351.95,   353.25
1989, 11,   32827, 1989.8740,   352.00,   353.20,     352.15,   353.36,     352.00,   353.20
1989, 12,   32857, 1989.9562,   352.54,   353.05,     352.95,   353.46,     352.54,   353.05
1990, 01,   32888, 1990.0411,   353.67,   353.51,     353.72,   353.56,     353.67,   353.51
1990, 02,   32919, 1990.1260,   354.54,   354.17,     354.03,   353.67,     354.54,   354.17
1990, 03,   32947, 1990.2027,   355.64,   354.64,     354.75,   353.75,     355.64,   354.64
1990, 04,   32978, 1990.2877,   354.74,   353.21,     355.38,   353.85,     354.74,   353.21
1990, 05,   33008, 1990.3699,   354.25,   353.24,     354.95,   353.95,     354.25,   353.24
1990, 06,   33039, 1990.4548,      NaN,      NaN,     354.55,   354.05,     354.55,   354.05
1990, 07,   33069, 1990.5370,      NaN,      NaN,     354.38,   354.15,     354.38,   354.15
1990, 08,   33100, 1990.6219,      NaN,      NaN,     353.68,   354.25,     353.68,   354.25
1990, 09,   33131, 1990.7068,      NaN,      NaN,     353.18,   354.35,     353.18,   354.35
1990, 10,   33161, 1990.7890,   353.29,   354.59,     353.14,   354.44,     353.29,   354.59
1990, 11,   33192, 1990.8740,   353.63,   354.84,     353.33,   354.54,     353.63,   354.84
1990, 12,   33222, 1990.9562,      NaN,      NaN,     354.12,   354.62,     354.12,   354.62
1991, 01,   33253, 1991.0411,   355.12,   354.96,     354.87,   354.71,     355.12,   354.96
1991, 02,   33284, 1991.1260,   355.52,   355.15,     355.17,   354.80,     355.52,   355.15
1991, 03,   33312, 1991.2027,   355.41,   354.41,     355.88,   354.88,     355.41,   354.41
1991, 04,   33343, 1991.2877,   356.33,   354.80,     356.50,   354.97,     356.33,   354.80
1991, 05,   33373, 1991.3699,      NaN,      NaN,     356.06,   355.06,     356.06,   355.06
1991, 06,   33404, 1991.4548,   356.22,   355.72,     355.65,   355.14,     356.22,   355.72
1991, 07,   33434, 1991.5370,   355.51,   355.28,     355.46,   355.23,     355.51,   355.28
1991, 08,   33465, 1991.6219,   354.39,   354.96,     354.74,   355.31,     354.39,   354.96
1991, 09,   33496, 1991.7068,   354.12,   355.29,     354.23,   355.40,     354.12,   355.29
1991, 10,   33526, 1991.7890,   354.53,   355.83,     354.18,   355.48,     354.53,   355.83
1991, 11,   33557, 1991.8740,   354.58,   355.79,     354.35,   355.56,     354.58,   355.79
1991, 12,   33587, 1991.9562,   354.99,   355.50,     355.13,   355.64,     354.99,   355.50
1992, 01,   33618, 1992.0410,   355.69,   355.53,     355.88,   355.72,     355.69,   355.53
1992, 02,   33649, 1992.1257,   357.05,   356.68,     356.16,   355.80,     357.05,   356.68
1992, 03,   33678, 1992.2049,   356.78,   355.76,     356.89,   355.87,     356.78,   355.76
1992, 04,   33709, 1992.2896,   356.22,   354.69,     357.48,   355.95,     356.22,   354.69
1992, 05,   33739, 1992.3716,   357.75,   356.76,     357.01,   356.02,     357.75,   356.76
1992, 06,   33770, 1992.4563,   357.41,   356.91,     356.60,   356.10,     357.41,   356.91
1992, 07,   33800, 1992.5383,      NaN,      NaN,     356.41,   356.18,     356.41,   356.18
1992, 08,   33831, 1992.6230,   355.98,   356.57,     355.68,   356.26,     355.98,   356.57
1992, 09,   33862, 1992.7077,   354.82,   355.99,     355.17,   356.34,     354.82,   355.99
1992, 10,   33892, 1992.7896,   355.29,   356.59,     355.13,   356.43,     355.29,   356.59
1992, 11,   33923, 1992.8743,   355.15,   356.36,     355.31,   356.52,     355.15,   356.36
1992, 12,   33953, 1992.9563,   356.23,   356.74,     356.11,   356.61,     356.23,   356.74
1993, 01,   33984, 1993.0411,   356.86,   356.70,     356.87,   356.71,     356.86,   356.70
1993, 02,   34015, 1993.1260,   356.91,   356.54,     357.19,   356.82,     356.91,   356.54
1993, 03,   34043, 1993.2027,   357.27,   356.27,     357.93,   356.93,     357.27,   356.27
1993, 04,   34074, 1993.2877,   359.11,   357.58,     358.59,   357.06,     359.11,   357.58
1993, 05,   34104, 1993.3699,   358.39,   357.38,     358.19,   357.19,     358.39,   357.38
1993, 06,   34135, 1993.4548,   357.92,   357.42,     357.83,   357.32,     357.92,   357.42
1993, 07,   34165, 1993.5370,   357.85,   357.62,     357.69,   357.45,     357.85,   357.62
1993, 08,   34196, 1993.6219,   357.75,   358.32,     357.01,   357.59,     357.75,   358.32
1993, 09,   34227, 1993.7068,   356.57,   357.74,     356.55,   357.72,     356.57,   357.74
1993, 10,   34257, 1993.7890,   355.85,   357.15,     356.54,   357.85,     355.85,   357.15
1993, 11,   34288, 1993.8740,      NaN,      NaN,     356.77,   357.98,     356.77,   357.98
1993, 12,   34318, 1993.9562,   357.94,   358.44,     357.61,   358.11,     357.94,   358.44
1994, 01,   34349, 1994.0411,   358.19,   358.03,     358.42,   358.26,     358.19,   358.03
1994, 02,   34380, 1994.1260,   358.46,   358.09,     358.78,   358.41,     358.46,   358.09
1994, 03,   34408, 1994.2027,   359.30,   358.30,     359.55,   358.55,     359.30,   358.30
1994, 04,   34439, 1994.2877,   360.40,   358.86,     360.25,   358.71,     360.40,   358.86
1994, 05,   34469, 1994.3699,   359.86,   358.85,     359.88,   358.88,     359.86,   358.85
1994, 06,   34500, 1994.4548,   359.41,   358.91,     359.55,   359.05,     359.41,   358.91
1994, 07,   34530, 1994.5370,   359.40,   359.17,     359.45,   359.21,     359.40,   359.17
1994, 08,   34561, 1994.6219,   359.83,   360.41,     358.82,   359.39,     359.83,   360.41
1994, 09,   34592, 1994.7068,   358.37,   359.54,     358.39,   359.56,     358.37,   359.54
1994, 10,   34622, 1994.7890,   358.73,   360.03,     358.43,   359.73,     358.73,   360.03
1994, 11,   34653, 1994.8740,      NaN,      NaN,     358.69,   359.90,     358.69,   359.90
1994, 12,   34683, 1994.9562,      NaN,      NaN,     359.56,   360.06,     359.56,   360.06
1995, 01,   34714, 1995.0411,      NaN,      NaN,     360.39,   360.23,     360.39,   360.23
1995, 02,   34745, 1995.1260,      NaN,      NaN,     360.77,   360.40,     360.77,   360.40
1995, 03,   34773, 1995.2027,      NaN,      NaN,     361.56,   360.56,     361.56,   360.56
1995, 04,   34804, 1995.2877,      NaN,      NaN,     362.27,   360.73,     362.27,   360.73
1995, 05,   34834, 1995.3699,      NaN,      NaN,     361.90,   360.89,     361.90,   360.89
1995, 06,   34865, 1995.4548,      NaN,      NaN,     361.57,   361.07,     361.57,   361.07
1995, 07,   34895, 1995.5370,   361.23,   360.99,     361.47,   361.24,     361.23,   360.99
1995, 08,   34926, 1995.6219,   360.60,   361.18,     360.85,   361.42,     360.60,   361.18
1995, 09,   34957, 1995.7068,   360.38,   361.56,     360.43,   361.61,     360.38,   361.56
1995, 10,   34987, 1995.7890,   360.61,   361.92,     360.48,   361.78,     360.61,   361.92
1995, 11,   35018, 1995.8740,      NaN,      NaN,     360.75,   361.97,     360.75,   361.97
1995, 12,   35048, 1995.9562,   361.41,   361.92,     361.63,   362.14,     361.41,   361.92
1996, 01,   35079, 1996.0410,   362.37,   362.21,     362.47,   362.31,     362.37,   362.21
1996, 02,   35110, 1996.1257,   363.21,   362.84,     362.84,   362.47,     363.21,   362.84
1996, 03,   35139, 1996.2049,   364.17,   363.15,     363.63,   362.60,     364.17,   363.15
1996, 04,   35170, 1996.2896,      NaN,      NaN,     364.27,   362.73,     364.27,   362.73
1996, 05,   35200, 1996.3716,      NaN,      NaN,     363.84,   362.85,     363.84,   362.85
1996, 06,   35231, 1996.4563,   363.66,   363.16,     363.45,   362.95,     363.66,   363.16
1996, 07,   35261, 1996.5383,   363.49,   363.26,     363.27,   363.04,     363.49,   363.26
1996, 08,   35292, 1996.6230,   362.52,   363.10,     362.54,   363.13,     362.52,   363.10
1996, 09,   35323, 1996.7077,      NaN,      NaN,     362.03,   363.20,     362.03,   363.20
1996, 10,   35353, 1996.7896,      NaN,      NaN,     361.97,   363.28,     361.97,   363.28
1996, 11,   35384, 1996.8743,      NaN,      NaN,     362.14,   363.35,     362.14,   363.35
1996, 12,   35414, 1996.9563,      NaN,      NaN,     362.92,   363.42,     362.92,   363.42
1997, 01,   35445, 1997.0411,   363.59,   363.43,     363.67,   363.50,     363.59,   363.43
1997, 02,   35476, 1997.1260,   364.03,   363.66,     363.97,   363.59,     364.03,   363.66
1997, 03,   35504, 1997.2027,   364.81,   363.81,     364.68,   363.68,     364.81,   363.81
1997, 04,   35535, 1997.2877,   364.43,   362.89,     365.34,   363.79,     364.43,   362.89
1997, 05,   35565, 1997.3699,      NaN,      NaN,     364.93,   363.92,     364.93,   363.92
1997, 06,   35596, 1997.4548,   364.01,   363.51,     364.56,   364.06,     364.01,   363.51
1997, 07,   35626, 1997.5370,   364.66,   364.43,     364.45,   364.21,     364.66,   364.43
1997, 08,   35657, 1997.6219,      NaN,      NaN,     363.81,   364.39,     363.81,   364.39
1997, 09,   35688, 1997.7068,   362.87,   364.04,     363.40,   364.58,     362.87,   364.04
1997, 10,   35718, 1997.7890,   362.73,   364.03,     363.47,   364.78,     362.73,   364.03
1997, 11,   35749, 1997.8740,   362.33,   363.54,     363.79,   365.00,     362.33,   363.54
1997, 12,   35779, 1997.9562,   364.72,   365.23,     364.72,   365.23,     364.72,   365.23
1998, 01,   35810, 1998.0411,      NaN,      NaN,     365.63,   365.47,     365.63,   365.47
1998, 02,   35841, 1998.1260,      NaN,      NaN,     366.09,   365.72,     366.09,   365.72
1998, 03,   35869, 1998.2027,   368.47,   367.47,     366.94,   365.94,     368.47,   367.47
1998, 04,   35900, 1998.2877,   368.83,   367.29,     367.72,   366.18,     368.83,   367.29
1998, 05,   35930, 1998.3699,      NaN,      NaN,     367.42,   366.40,     367.42,   366.40
1998, 06,   35961, 1998.4548,   367.19,   366.68,     367.13,   366.63,     367.19,   366.68
1998, 07,   35991, 1998.5370,   366.90,   366.66,     367.07,   366.84,     366.90,   366.66
1998, 08,   36022, 1998.6219,   366.31,   366.88,     366.47,   367.04,     366.31,   366.88
1998, 09,   36053, 1998.7068,   366.15,   367.33,     366.06,   367.24,     366.15,   367.33
1998, 10,   36083, 1998.7890,   366.54,   367.85,     366.11,   367.42,     366.54,   367.85
1998, 11,   36114, 1998.8740,   366.38,   367.60,     366.38,   367.60,     366.38,   367.60
1998, 12,   36144, 1998.9562,   367.36,   367.87,     367.24,   367.75,     367.36,   367.87
1999, 01,   36175, 1999.0411,      NaN,      NaN,     368.07,   367.91,     368.07,   367.91
1999, 02,   36206, 1999.1260,   369.00,   368.63,     368.42,   368.05,     369.00,   368.63
1999, 03,   36234, 1999.2027,   369.89,   368.89,     369.17,   368.17,     369.89,   368.89
1999, 04,   36265, 1999.2877,   370.31,   368.76,     369.84,   368.29,     370.31,   368.76
1999, 05,   36295, 1999.3699,   368.58,   367.57,     369.42,   368.41,     368.58,   367.57
1999, 06,   36326, 1999.4548,   369.09,   368.58,     369.04,   368.53,     369.09,   368.58
1999, 07,   36356, 1999.5370,   368.86,   368.62,     368.89,   368.66,     368.86,   368.62
1999, 08,   36387, 1999.6219,   367.89,   368.47,     368.21,   368.79,     367.89,   368.47
1999, 09,   36418, 1999.7068,   367.83,   369.01,     367.74,   368.92,     367.83,   369.01
1999, 10,   36448, 1999.7890,   367.29,   368.60,     367.74,   369.06,     367.29,   368.60
1999, 11,   36479, 1999.8740,   368.23,   369.45,     367.98,   369.20,     368.23,   369.45
1999, 12,   36509, 1999.9562,   368.85,   369.36,     368.82,   369.33,     368.85,   369.36
2000, 01,   36540, 2000.0410,   369.66,   369.50,     369.64,   369.48,     369.66,   369.50
2000, 02,   36571, 2000.1257,   369.98,   369.61,     369.98,   369.61,     369.98,   369.61
2000, 03,   36600, 2000.2049,   370.49,   369.46,     370.77,   369.74,     370.49,   369.46
2000, 04,   36631, 2000.2896,   372.29,   370.75,     371.42,   369.87,     372.29,   370.75
2000, 05,   36661, 2000.3716,   370.62,   369.62,     370.99,   369.99,     370.62,   369.62
2000, 06,   36692, 2000.4563,   370.45,   369.95,     370.62,   370.12,     370.45,   369.95
2000, 07,   36722, 2000.5383,   371.37,   371.15,     370.46,   370.23,     371.37,   371.15
2000, 08,   36753, 2000.6230,   369.48,   370.07,     369.77,   370.35,     369.48,   370.07
2000, 09,   36784, 2000.7077,   368.92,   370.10,     369.29,   370.48,     368.92,   370.10
2000, 10,   36814, 2000.7896,   369.34,   370.66,     369.28,   370.60,     369.34,   370.66
2000, 11,   36845, 2000.8743,   369.33,   370.55,     369.51,   370.73,     369.33,   370.55
2000, 12,   36875, 2000.9563,   371.47,   371.98,     370.34,   370.85,     371.47,   371.98
2001, 01,   36906, 2001.0411,      NaN,      NaN,     371.14,   370.98,     371.14,   370.98
2001, 02,   36937, 2001.1260,      NaN,      NaN,     371.49,   371.12,     371.49,   371.12
2001, 03,   36965, 2001.2027,      NaN,      NaN,     372.25,   371.24,     372.25,   371.24
2001, 04,   36996, 2001.2877,      NaN,      NaN,     372.93,   371.38,     372.93,   371.38
2001, 05,   37026, 2001.3699,      NaN,      NaN,     372.53,   371.52,     372.53,   371.52
2001, 06,   37057, 2001.4548,      NaN,      NaN,     372.17,   371.66,     372.17,   371.66
2001, 07,   37087, 2001.5370,      NaN,      NaN,     372.05,   371.81,     372.05,   371.81
2001, 08,   37118, 2001.6219,   371.08,   371.65,     371.39,   371.97,     371.08,   371.65
2001, 09,   37149, 2001.7068,      NaN,      NaN,     370.95,   372.14,     370.95,   372.14
2001, 10,   37179, 2001.7890,      NaN,      NaN,     370.99,   372.30,     370.99,   372.30
2001, 11,   37210, 2001.8740,      NaN,      NaN,     371.26,   372.48,     371.26,   372.48
2001, 12,   37240, 2001.9562,      NaN,      NaN,     372.14,   372.65,     372.14,   372.65
2002, 01,   37271, 2002.0411,      NaN,      NaN,     373.00,   372.84,     373.00,   372.84
2002, 02,   37302, 2002.1260,      NaN,      NaN,     373.40,   373.03,     373.40,   373.03
2002, 03,   37330, 2002.2027,      NaN,      NaN,     374.21,   373.20,     374.21,   373.20
2002, 04,   37361, 2002.2877,      NaN,      NaN,     374.94,   373.39,     374.94,   373.39
2002, 05,   37391, 2002.3699,   374.71,   373.70,     374.60,   373.58,     374.71,   373.70
2002, 06,   37422, 2002.4548,   374.15,   373.64,     374.28,   373.77,     374.15,   373.64
2002, 07,   37452, 2002.5370,      NaN,      NaN,     374.20,   373.96,     374.20,   373.96
2002, 08,   37483, 2002.6219,      NaN,      NaN,     373.58,   374.16,     373.58,   374.16
2002, 09,   37514, 2002.7068,      NaN,      NaN,     373.16,   374.35,     373.16,   374.35
2002, 10,   37544, 2002.7890,   373.34,   374.66,     373.21,   374.53,     373.34,   374.66
2002, 11,   37575, 2002.8740,   373.66,   374.88,     373.49,   374.72,     373.66,   374.88
2002, 12,   37605, 2002.9562,   374.30,   374.82,     374.38,   374.89,     374.30,   374.82
2003, 01,   37636, 2003.0411,      NaN,      NaN,     375.24,   375.08,     375.24,   375.08
2003, 02,   37667, 2003.1260,   375.45,   375.08,     375.63,   375.25,     375.45,   375.08
2003, 03,   37695, 2003.2027,   376.18,   375.17,     376.42,   375.42,     376.18,   375.17
2003, 04,   37726, 2003.2877,      NaN,      NaN,     377.15,   375.59,     377.15,   375.59
2003, 05,   37756, 2003.3699,      NaN,      NaN,     376.78,   375.76,     376.78,   375.76
2003, 06,   37787, 2003.4548,      NaN,      NaN,     376.45,   375.94,     376.45,   375.94
2003, 07,   37817, 2003.5370,      NaN,      NaN,     376.34,   376.10,     376.34,   376.10
2003, 08,   37848, 2003.6219,   376.20,   376.78,     375.69,   376.27,     376.20,   376.78
2003, 09,   37879, 2003.7068,   375.11,   376.30,     375.26,   376.44,     375.11,   376.30
2003, 10,   37909, 2003.7890,   374.75,   376.07,     375.28,   376.60,     374.75,   376.07
2003, 11,   37940, 2003.8740,   375.62,   376.85,     375.54,   376.76,     375.62,   376.85
2003, 12,   37970, 2003.9562,   376.84,   377.35,     376.41,   376.92,     376.84,   377.35
2004, 01,   38001, 2004.0410,   377.13,   376.97,     377.24,   377.08,     377.13,   376.97
2004, 02,   38032, 2004.1257,   376.77,   376.40,     377.61,   377.24,     376.77,   376.40
2004, 03,   38061, 2004.2049,   378.64,   377.61,     378.41,   377.38,     378.64,   377.61
2004, 04,   38092, 2004.2896,   379.57,   378.02,     379.09,   377.53,     379.57,   378.02
2004, 05,   38122, 2004.3716,   379.83,   378.82,     378.68,   377.68,     379.83,   378.82
2004, 06,   38153, 2004.4563,   377.48,   376.97,     378.33,   377.83,     377.48,   376.97
2004, 07,   38183, 2004.5383,   377.89,   377.67,     378.20,   377.98,     377.89,   377.67
2004, 08,   38214, 2004.6230,   377.19,   377.78,     377.54,   378.13,     377.19,   377.78
2004, 09,   38245, 2004.7077,   377.24,   378.43,     377.10,   378.29,     377.24,   378.43
2004, 10,   38275, 2004.7896,   377.86,   379.18,     377.13,   378.45,     377.86,   379.18
2004, 11,   38306, 2004.8743,   376.74,   377.97,     377.39,   378.62,     376.74,   377.97
2004, 12,   38336, 2004.9563,   378.09,   378.60,     378.27,   378.78,     378.09,   378.60
2005, 01,   38367, 2005.0411,   379.66,   379.50,     379.12,   378.96,     379.66,   379.50
2005, 02,   38398, 2005.1260,   379.18,   378.81,     379.51,   379.14,     379.18,   378.81
2005, 03,   38426, 2005.2027,   379.97,   378.96,     380.32,   379.30,     379.97,   378.96
2005, 04,   38457, 2005.2877,      NaN,      NaN,     381.05,   379.49,     381.05,   379.49
2005, 05,   38487, 2005.3699,   380.66,   379.64,     380.69,   379.67,     380.66,   379.64
2005, 06,   38518, 2005.4548,   380.90,   380.39,     380.36,   379.85,     380.90,   380.39
2005, 07,   38548, 2005.5370,   380.14,   379.91,     380.27,   380.03,     380.14,   379.91
2005, 08,   38579, 2005.6219,   379.79,   380.37,     379.63,   380.21,     379.79,   380.37
2005, 09,   38610, 2005.7068,   378.82,   380.01,     379.20,   380.38,     378.82,   380.01
2005, 10,   38640, 2005.7890,      NaN,      NaN,     379.23,   380.55,     379.23,   380.55
2005, 11,   38671, 2005.8740,   379.61,   380.84,     379.49,   380.72,     379.61,   380.84
2005, 12,   38701, 2005.9562,   380.13,   380.64,     380.37,   380.88,     380.13,   380.64
2006, 01,   38732, 2006.0411,   381.41,   381.25,     381.20,   381.04,     381.41,   381.25
2006, 02,   38763, 2006.1260,   382.67,   382.29,     381.57,   381.20,     382.67,   382.29
2006, 03,   38791, 2006.2027,   382.71,   381.69,     382.34,   381.33,     382.71,   381.69
2006, 04,   38822, 2006.2877,   384.06,   382.50,     383.03,   381.47,     384.06,   382.50
2006, 05,   38852, 2006.3699,      NaN,      NaN,     382.63,   381.60,     382.63,   381.60
2006, 06,   38883, 2006.4548,   382.05,   381.54,     382.25,   381.74,     382.05,   381.54
2006, 07,   38913, 2006.5370,   381.51,   381.27,     382.11,   381.87,     381.51,   381.27
2006, 08,   38944, 2006.6219,   381.28,   381.86,     381.43,   382.01,     381.28,   381.86
2006, 09,   38975, 2006.7068,   381.58,   382.76,     380.97,   382.16,     381.58,   382.76
2006, 10,   39005, 2006.7890,   381.38,   382.70,     380.98,   382.30,     381.38,   382.70
2006, 11,   39036, 2006.8740,   380.86,   382.09,     381.22,   382.45,     380.86,   382.09
2006, 12,   39066, 2006.9562,   382.42,   382.94,     382.09,   382.60,     382.42,   382.94
2007, 01,   39097, 2007.0411,   382.64,   382.47,     382.93,   382.77,     382.64,   382.47
2007, 02,   39128, 2007.1260,   382.82,   382.44,     383.31,   382.94,     382.82,   382.44
2007, 03,   39156, 2007.2027,   384.20,   383.18,     384.11,   383.10,     384.20,   383.18
2007, 04,   39187, 2007.2877,   385.07,   383.51,     384.83,   383.27,     385.07,   383.51
2007, 05,   39217, 2007.3699,   384.73,   383.71,     384.47,   383.45,     384.73,   383.71
2007, 06,   39248, 2007.4548,   384.08,   383.57,     384.14,   383.63,     384.08,   383.57
2007, 07,   39278, 2007.5370,   383.98,   383.74,     384.04,   383.80,     383.98,   383.74
2007, 08,   39309, 2007.6219,   383.78,   384.36,     383.40,   383.98,     383.78,   384.36
2007, 09,   39340, 2007.7068,   382.97,   384.16,     382.96,   384.15,     382.97,   384.16
2007, 10,   39370, 2007.7890,   382.99,   384.31,     382.99,   384.31,     382.99,   384.31
2007, 11,   39401, 2007.8740,      NaN,      NaN,     383.25,   384.48,     383.25,   384.48
2007, 12,   39431, 2007.9562,   384.12,   384.64,     384.12,   384.63,     384.12,   384.64
2008, 01,   39462, 2008.0410,   385.58,   385.42,     384.95,   384.79,     385.58,   385.42
2008, 02,   39493, 2008.1257,   385.58,   385.21,     385.31,   384.94,     385.58,   385.21
2008, 03,   39522, 2008.2049,   385.30,   384.26,     386.12,   385.08,     385.30,   384.26
2008, 04,   39553, 2008.2896,   386.91,   385.35,     386.79,   385.23,     386.91,   385.35
2008, 05,   39583, 2008.3716,   386.71,   385.70,     386.39,   385.38,     386.71,   385.70
2008, 06,   39614, 2008.4563,   385.31,   384.80,     386.05,   385.55,     385.31,   384.80
2008, 07,   39644, 2008.5383,   385.59,   385.36,     385.94,   385.71,     385.59,   385.36
2008, 08,   39675, 2008.6230,   385.45,   386.04,     385.29,   385.89,     385.45,   386.04
2008, 09,   39706, 2008.7077,   384.61,   385.81,     384.87,   386.07,     384.61,   385.81
2008, 10,   39736, 2008.7896,   384.34,   385.67,     384.92,   386.24,     384.34,   385.67
2008, 11,   39767, 2008.8743,   385.71,   386.94,     385.19,   386.42,     385.71,   386.94
2008, 12,   39797, 2008.9563,   386.01,   386.53,     386.08,   386.59,     386.01,   386.53
2009, 01,   39828, 2009.0411,   387.49,   387.33,     386.93,   386.76,     387.49,   387.33
2009, 02,   39859, 2009.1260,   388.04,   387.66,     387.30,   386.92,     388.04,   387.66
2009, 03,   39887, 2009.2027,      NaN,      NaN,     388.07,   387.06,     388.07,   387.06
2009, 04,   39918, 2009.2877,   389.37,   387.80,     388.76,   387.19,     389.37,   387.80
2009, 05,   39948, 2009.3699,   387.42,   386.40,     388.35,   387.32,     387.42,   386.40
2009, 06,   39979, 2009.4548,   387.71,   387.20,     387.96,   387.45,     387.71,   387.20
2009, 07,   40009, 2009.5370,      NaN,      NaN,     387.80,   387.56,     387.80,   387.56
2009, 08,   40040, 2009.6219,      NaN,      NaN,     387.10,   387.68,     387.10,   387.68
2009, 09,   40071, 2009.7068,      NaN,      NaN,     386.60,   387.79,     386.60,   387.79
2009, 10,   40101, 2009.7890,   386.55,   387.88,     386.58,   387.90,     386.55,   387.88
2009, 11,   40132, 2009.8740,   386.42,   387.66,     386.78,   388.02,     386.42,   387.66
2009, 12,   40162, 2009.9562,   387.21,   387.73,     387.61,   388.13,     387.21,   387.73
2010, 01,   40193, 2010.0411,   388.11,   387.94,     388.41,   388.25,     388.11,   387.94
2010, 02,   40224, 2010.1260,   389.40,   389.02,     388.75,   388.37,     389.40,   389.02
2010, 03,   40252, 2010.2027,      NaN,      NaN,     389.17,   388.39,     389.17,   388.39
2010, 04,   40283, 2010.2877,      NaN,      NaN,     389.93,   388.52,     389.93,   388.52
2010, 05,   40313, 2010.3699,   389.18,   388.22,     389.62,   388.66,     389.18,   388.22
2010, 06,   40344, 2010.4548,   389.62,   389.39,     389.04,   388.81,     389.62,   389.39
2010, 07,   40374, 2010.5370,      NaN,      NaN,     389.02,   388.96,     389.02,   388.96
2010, 08,   40405, 2010.6219,   388.41,   388.94,     388.59,   389.12,     388.41,   388.94
2010, 09,   40436, 2010.7068,   387.91,   389.01,     388.20,   389.30,     387.91,   389.01
2010, 10,   40466, 2010.7890,   388.15,   389.31,     388.31,   389.47,     388.15,   389.31
2010, 11,   40497, 2010.8740,      NaN,      NaN,     388.51,   389.67,     388.51,   389.67
2010, 12,   40527, 2010.9562,   389.87,   390.31,     389.41,   389.85,     389.87,   390.31
2011, 01,   40558, 2011.0411,   390.28,   389.76,     390.57,   390.05,     390.28,   389.76
2011, 02,   40589, 2011.1260,   391.46,   390.92,     390.79,   390.25,     391.46,   390.92
2011, 03,   40617, 2011.2027,   390.76,   390.03,     391.17,   390.43,     390.76,   390.03
2011, 04,   40648, 2011.2877,   391.86,   390.53,     391.97,   390.63,     391.86,   390.53
2011, 05,   40678, 2011.3699,   391.68,   390.77,     391.74,   390.83,     391.68,   390.77
2011, 06,   40709, 2011.4548,      NaN,      NaN,     391.25,   391.03,     391.25,   391.03
2011, 07,   40739, 2011.5370,   392.12,   392.07,     391.27,   391.21,     392.12,   392.07
2011, 08,   40770, 2011.6219,   391.02,   391.53,     390.89,   391.40,     391.02,   391.53
2011, 09,   40801, 2011.7068,   390.85,   391.90,     390.54,   391.58,     390.85,   391.90
2011, 10,   40831, 2011.7890,   390.48,   391.58,     390.65,   391.76,     390.48,   391.58
2011, 11,   40862, 2011.8740,   390.98,   392.08,     390.84,   391.94,     390.98,   392.08
2011, 12,   40892, 2011.9562,   391.58,   392.00,     391.69,   392.11,     391.58,   392.00
2012, 01,   40923, 2012.0410,      NaN,      NaN,     392.79,   392.29,     392.79,   392.29
2012, 02,   40954, 2012.1257,   393.52,   393.01,     392.99,   392.48,     393.52,   393.01
2012, 03,   40983, 2012.2049,   394.19,   393.48,     393.38,   392.66,     394.19,   393.48
2012, 04,   41014, 2012.2896,   393.57,   392.31,     394.14,   392.87,     393.57,   392.31
2012, 05,   41044, 2012.3716,   393.14,   392.30,     393.94,   393.10,     393.14,   392.30
2012, 06,   41075, 2012.4563,   393.64,   393.44,     393.56,   393.36,     393.64,   393.44
2012, 07,   41105, 2012.5383,      NaN,      NaN,     393.69,   393.64,     393.69,   393.64
2012, 08,   41136, 2012.6230,   392.67,   393.16,     393.46,   393.95,     392.67,   393.16
2012, 09,   41167, 2012.7077,      NaN,      NaN,     393.29,   394.28,     393.29,   394.28
2012, 10,   41197, 2012.7896,   394.60,   395.64,     393.56,   394.60,     394.60,   395.64
2012, 11,   41228, 2012.8743,   393.98,   395.02,     393.89,   394.93,     393.98,   395.02
2012, 12,   41258, 2012.9563,      NaN,      NaN,     394.84,   395.23,     394.84,   395.23
2013, 01,   41289, 2013.0411,      NaN,      NaN,     396.00,   395.54,     396.00,   395.54
2013, 02,   41320, 2013.1260,      NaN,      NaN,     396.31,   395.82,     396.31,   395.82
2013, 03,   41348, 2013.2027,      NaN,      NaN,     396.73,   396.07,     396.73,   396.07
2013, 04,   41379, 2013.2877,      NaN,      NaN,     397.51,   396.31,     397.51,   396.31
2013, 05,   41409, 2013.3699,      NaN,      NaN,     397.34,   396.53,     397.34,   396.53
2013, 06,   41440, 2013.4548,   397.35,   397.16,     396.92,   396.72,     397.35,   397.16
2013, 07,   41470, 2013.5370,   397.29,   397.24,     396.93,   396.88,     397.29,   397.24
2013, 08,   41501, 2013.6219,   396.00,   396.46,     396.56,   397.02,     396.00,   396.46
2013, 09,   41532, 2013.7068,   397.42,   398.35,     396.20,   397.13,     397.42,   398.35
2013, 10,   41562, 2013.7890,      NaN,      NaN,     396.24,   397.22,     396.24,   397.22
2013, 11,   41593, 2013.8740,   395.76,   396.74,     396.32,   397.30,     395.76,   396.74
2013, 12,   41623, 2013.9562,      NaN,      NaN,     396.98,   397.36,     396.98,   397.36
2014, 01,   41654, 2014.0411,   397.59,   397.14,     397.86,   397.42,     397.59,   397.14
2014, 02,   41685, 2014.1260,      NaN,      NaN,     397.93,   397.47,     397.93,   397.47
2014, 03,   41713, 2014.2027,   397.65,   397.03,     398.15,   397.53,     397.65,   397.03
2014, 04,   41744, 2014.2877,   399.63,   398.50,     398.72,   397.59,     399.63,   398.50
2014, 05,   41774, 2014.3699,   398.74,   397.98,     398.43,   397.66,     398.74,   397.98
2014, 06,   41805, 2014.4548,   397.36,   397.18,     397.93,   397.74,     397.36,   397.18
2014, 07,   41835, 2014.5370,   397.79,   397.75,     397.89,   397.85,     397.79,   397.75
2014, 08,   41866, 2014.6219,   397.35,   397.78,     397.54,   397.97,     397.35,   397.78
2014, 09,   41897, 2014.7068,   396.99,   397.87,     397.24,   398.12,     396.99,   397.87
2014, 10,   41927, 2014.7890,      NaN,      NaN,     397.36,   398.29,     397.36,   398.29
2014, 11,   41958, 2014.8740,      NaN,      NaN,     397.56,   398.48,     397.56,   398.48
2014, 12,   41988, 2014.9562,      NaN,      NaN,     398.32,   398.67,     398.32,   398.67
2015, 01,   42019, 2015.0411,      NaN,      NaN,     399.30,   398.88,     399.30,   398.88
2015, 02,   42050, 2015.1260,   399.84,   399.41,     399.53,   399.10,     399.84,   399.41
2015, 03,   42078, 2015.2027,      NaN,      NaN,     399.88,   399.29,     399.88,   399.29
2015, 04,   42109, 2015.2877,      NaN,      NaN,     400.56,   399.50,     400.56,   399.50
2015, 05,   42139, 2015.3699,      NaN,      NaN,     400.43,   399.71,     400.43,   399.71
2015, 06,   42170, 2015.4548,      NaN,      NaN,     400.10,   399.92,     400.10,   399.92
2015, 07,   42200, 2015.5370,      NaN,      NaN,     400.18,   400.13,     400.18,   400.13
2015, 08,   42231, 2015.6219,      NaN,      NaN,     399.94,   400.34,     399.94,   400.34
2015, 09,   42262, 2015.7068,      NaN,      NaN,     399.73,   400.56,     399.73,   400.56
2015, 10,   42292, 2015.7890,      NaN,      NaN,     399.90,   400.76,     399.90,   400.76
2015, 11,   42323, 2015.8740,      NaN,      NaN,     400.12,   400.98,     400.12,   400.98
2015, 12,   42353, 2015.9562,      NaN,      NaN,     400.86,   401.19,     400.86,   401.19
2017, 05,   42870, 2017.3699,      NaN,      NaN,     405.53,   405.53,     405.53,   405.53
2017, 06,   42901, 2017.4548,      NaN,      NaN,     405.80,   405.70,     405.80,   405.70
2017, 07,   42931, 2017.5370,      NaN,      NaN,     406.11,   405.76,     406.11,   405.76
2017, 08,   42962, 2017.6219,      NaN,      NaN,     405.12,   405.95,     405.12,   405.95
2017, 09,   42993, 2017.7068,      NaN,      NaN,     404.67,   406.14,     404.67,   406.14
2017, 10,   43023, 2017.7890,      NaN,      NaN,     404.52,   406.33,     404.52,   406.33
2017, 11,   43054, 2017.8740,      NaN,      NaN,     405.40,   406.46,     405.40,   406.46
2017, 12,   43084, 2017.9562,      NaN,      NaN,     408.07,   406.65,     408.07,   406.65
2018, 01,   43115, 2018.0411,      NaN,      NaN,     408.24,   406.86,     408.24,   406.86
2018, 02,   43146, 2018.1260,      NaN,      NaN,     406.94,   407.07,     406.94,   407.07
2018, 03,   43174, 2018.2027,      NaN,      NaN,     408.02,   407.24,     408.02,   407.24
2018, 04,   43205, 2018.2877,      NaN,      NaN,     408.76,   407.48,     408.76,   407.48
2018, 05,   43235, 2018.3699,      NaN,      NaN,     407.62,   407.71,     407.62,   407.71
2018, 06,   43266, 2018.4548,      NaN,      NaN,     407.68,   407.96,     407.68,   407.96
2018, 07,   43296, 2018.5370,   408.17,   408.24,     408.14,   408.21,     408.17,   408.24
2018, 08,   43327, 2018.6219,   407.84,   408.62,     407.69,   408.47,     407.84,   408.62
2018, 09,   43358, 2018.7068,   406.95,   408.40,     407.30,   408.75,     406.95,   408.40
2018, 10,   43388, 2018.7890,   406.94,   409.00,     406.98,   409.04,     406.94,   409.00
2018, 11,   43419, 2018.8740,   408.19,   408.51,     408.99,   409.31,     408.19,   408.51
2018, 12,   43449, 2018.9562,      NaN,      NaN,     411.38,   409.62,     411.38,   409.62
2019, 01,   43480, 2019.0411,      NaN,      NaN,     411.22,   409.95,     411.22,   409.95
2019, 02,   43511, 2019.1260,      NaN,      NaN,     410.76,   410.42,     410.76,   410.42
2019, 03,   43539, 2019.2027,   411.44,   410.80,     411.35,   410.71,     411.44,   410.80
2019, 04,   43570, 2019.2877,   412.62,   411.58,     412.02,   410.98,     412.62,   411.58
2019, 05,   43600, 2019.3699,      NaN,      NaN,     411.22,   411.26,     411.22,   411.26
2019, 06,   43631, 2019.4548,   410.26,   411.00,     410.77,   411.52,     410.26,   411.00
2019, 07,   43661, 2019.5370,      NaN,      NaN,     411.22,   411.75,     411.22,   411.75
2019, 08,   43692, 2019.6219,   412.39,   412.99,     411.34,   411.95,     412.39,   412.99
2019, 09,   43723, 2019.7068,      NaN,      NaN,     410.60,   412.12,     410.60,   412.12
2019, 10,   43753, 2019.7890,   410.46,   412.40,     410.31,   412.25,     410.46,   412.40
2019, 11,   43784, 2019.8740,      NaN,      NaN,     412.12,   412.37,     412.12,   412.37
2019, 12,   43814, 2019.9562,      NaN,      NaN,     414.28,   412.47,     414.28,   412.47
2020, 01,   43845, 2020.0410,   413.25,   411.72,     414.08,   412.56,     413.25,   411.72
2020, 02,   43876, 2020.1257,      NaN,      NaN,     413.09,   412.64,     413.09,   412.64
2020, 03,   43905, 2020.2049,      NaN,      NaN,     413.54,   412.72,     413.54,   412.72
2020, 04,   43936, 2020.2896,      NaN,      NaN,     413.81,   412.81,     413.81,   412.81
2020, 05,   43966, 2020.3716,      NaN,      NaN,     412.83,   412.90,     412.83,   412.90
2020, 06,   43997, 2020.4563,      NaN,      NaN,     412.25,   412.98,     412.25,   412.98
2020, 07,   44027, 2020.5383,      NaN,      NaN,     412.56,   413.07,     412.56,   413.07
2020, 08,   44058, 2020.6230,      NaN,      NaN,     412.56,   413.15,     412.56,   413.15
2020, 09,   44089, 2020.7077,      NaN,      NaN,     411.74,   413.24,     411.74,   413.24
2020, 10,   44119, 2020.7896,      NaN,      NaN,     411.43,   413.32,     411.43,   413.32
2020, 11,   44150, 2020.8743,      NaN,      NaN,     413.18,   413.41,     413.18,   413.41
2020, 12,   44180, 2020.9563,      NaN,      NaN,     415.27,   413.50,     415.27,   413.50
